method,image,text,vdrop,vincr,tdrop,tincr
libragrad,https://upload.wikimedia.org/wikipedia/commons/thumb/1/1a/24701-nature-natural-beauty.jpg/1280px-24701-nature-natural-beauty.jpg,a mountain landscape with snow,1.902008056640625,0.0,2.35748291015625,0.0
libragrad,images/cat.jpg,a cat sitting,1.4080047607421875,0.0,0.2349853515625,0.0
libragrad,images/mountain.jpg,a mountain landscape,0.794219970703125,0.0,2.079010009765625,0.0
libragrad,/media/crk/vol3/VLAT/examples/image0.jpg,a visual question answering example,0.84228515625,0.0,1.934814453125,0.0
libragrad,images/bird.jpg,an ant insect on a surface,0.0,100.0,0.87890625,0.0
libragrad,images/flower.jpg,a sunflower in a field,0.0,100.0,1.2237548828125,0.0
libragrad,images/cat.jpg,a cat sitting,4.06036376953125,0.0,0.2349853515625,0.0
libragrad,images/bird.jpg,an ant insect on a surface,0.0,100.0,0.87890625,0.0
libragrad,images/flower.jpg,a sunflower in a field,0.0,100.0,1.2237548828125,0.0
libragrad,images/mountain.jpg,a mountain landscape,1.7057061195373535,0.0,2.079010009765625,0.0
libragrad,/media/crk/vol3/VLAT/examples/image0.jpg,a visual question answering example,6.502532958984375,0.0,1.934814453125,0.0
libragrad,/media/crk/vol3/VLAT/examples/image0.jpg,a visual question answering example,6.502532958984375,0.0,1.934814453125,0.0
libragrad,images/bird.jpg,an ant insect on a surface,0.0,100.0,0.87890625,0.0
libragrad,images/cat.jpg,a cat sitting,4.06036376953125,0.0,0.2349853515625,0.0
libragrad,images/flower.jpg,a sunflower in a field,0.0,100.0,1.2237548828125,0.0
libragrad,images/mountain.jpg,a mountain landscape,1.7057061195373535,0.0,2.079010009765625,0.0
libragrad,images/bird.jpg,an ant insect on a surface,0.0,100.0,0.87890625,0.0
libragrad,/media/crk/vol3/VLAT/examples/image0.jpg,a visual question answering example,6.5093994140625,0.0,1.934814453125,0.0
libragrad,images/cat.jpg,a cat sitting,4.0435791015625,0.0,0.2349853515625,0.0
libragrad,images/flower.jpg,a sunflower in a field,0.0,100.0,1.2237548828125,0.0
libragrad,images/mountain.jpg,a mountain landscape,1.7035722732543945,0.0,2.079010009765625,0.0
libragrad,images/flower.jpg,a sunflower in a field,0.0,100.0,0.0,0.0
libragrad,images/bird.jpg,an ant insect on a surface,0.2934478223323822,0.0,0.0,0.0
libragrad,images/cat.jpg,a cat sitting,2.778990939259529,0.0,0.0,0.0
libragrad,images/mountain.jpg,a mountain landscape,1.5862040221691132,0.0,0.0,0.0
libragrad,/media/crk/vol3/VLAT/examples/image0.jpg,a visual question answering example,2.95383483171463,0.0,0.0,0.0
m2ib,images/flower.jpg,a sunflower in a field,0.0,100.0,1.0158784687519073,0.0
m2ib,/media/crk/vol3/VLAT/examples/image0.jpg,a visual question answering example,1.4467611908912659,0.0,1.629592478275299,0.0
m2ib,images/mountain.jpg,a mountain landscape,0.7850253954529762,0.0,2.0996104925870895,0.0
m2ib,images/bird.jpg,an ant insect on a surface,0.08629001677036285,0.0,0.0058669596910476685,0.0
m2ib,images/cat.jpg,a cat sitting,1.6066089272499084,0.0,0.10080002248287201,0.0
lciba_full,images/bird.jpg,an ant insect on a surface,0.47103557735681534,0.0,0.8839752525091171,0.0
lciba_full,images/mountain.jpg,a mountain landscape,3.0354103073477745,0.0,2.0781835541129112,0.0
lciba_full,images/cat.jpg,a cat sitting,3.2021276652812958,0.0,0.23965314030647278,0.0
lciba_full,/media/crk/vol3/VLAT/examples/image0.jpg,a visual question answering example,8.949288725852966,0.0,1.9359875470399857,0.0
lciba_full,images/flower.jpg,a sunflower in a field,0.0,100.0,1.2304771691560745,0.0
m2ib,/media/crk/vol3/VLAT/examples/image0.jpg,a visual question answering example,1.7573751509189606,0.0,1.629592478275299,0.0
lciba,/media/crk/vol3/VLAT/examples/image0.jpg,a visual question answering example,8.949288725852966,0.0,1.9359875470399857,0.0
libragrad,/media/crk/vol3/VLAT/examples/image0.jpg,a visual question answering example,2.95383483171463,0.0,0.0,0.0
fusion,/media/crk/vol3/VLAT/examples/image0.jpg,a visual question answering example,5.182034522294998,0.0,0.0,0.0
m2ib,images/cat.jpg,a cat sitting,1.6964063048362732,0.0,0.10080002248287201,0.0
lciba,images/cat.jpg,a cat sitting,3.2021276652812958,0.0,0.23965314030647278,0.0
libragrad,images/cat.jpg,a cat sitting,2.778990939259529,0.0,0.0,0.0
fusion,images/cat.jpg,a cat sitting,3.199794888496399,0.0,0.0,0.0
m2ib,images/bird.jpg,an ant insect on a surface,0.05283653736114502,0.0,0.03204941749572754,0.0
lciba,images/bird.jpg,an ant insect on a surface,0.47103557735681534,0.0,0.8839752525091171,0.0
libragrad,images/bird.jpg,an ant insect on a surface,0.2934478223323822,0.0,0.0,0.0
fusion,images/bird.jpg,an ant insect on a surface,0.0,100.0,0.0058669596910476685,0.0
m2ib,images/flower.jpg,a sunflower in a field,0.0,100.0,0.0,0.0
lciba,images/flower.jpg,a sunflower in a field,0.0,100.0,1.2304771691560745,0.0
libragrad,images/flower.jpg,a sunflower in a field,0.0,100.0,0.0,0.0
fusion,images/flower.jpg,a sunflower in a field,0.4384332336485386,0.0,0.0,0.0
m2ib,images/mountain.jpg,a mountain landscape,0.896301306784153,0.0,2.1491002291440964,0.0
lciba,images/mountain.jpg,a mountain landscape,3.0354103073477745,0.0,2.0781835541129112,0.0
libragrad,images/mountain.jpg,a mountain landscape,1.5862040221691132,0.0,0.0,0.0
fusion,images/mountain.jpg,a mountain landscape,2.617376297712326,0.0,0.0,0.0
m2ib,/media/crk/vol3/rt/coco/val2017/000000529122.jpg,The people are selecting their donuts at the counter.,4.1501980274915695,0.0,0.0,0.0
lciba,/media/crk/vol3/rt/coco/val2017/000000529122.jpg,The people are selecting their donuts at the counter.,9.064123034477234,0.0,1.6572929918766022,0.0
libragrad,/media/crk/vol3/rt/coco/val2017/000000529122.jpg,The people are selecting their donuts at the counter.,4.4289808720350266,0.0,0.0,0.0
fusion,/media/crk/vol3/rt/coco/val2017/000000529122.jpg,The people are selecting their donuts at the counter.,5.436630547046661,0.0,0.0,0.0
m2ib,/media/crk/vol3/rt/coco/val2017/000000301421.jpg,"Computer desk setup with monitor, wireless keyboard, and other electronic devices. ",0.0,100.0,0.018894951790571213,0.0
lciba,/media/crk/vol3/rt/coco/val2017/000000301421.jpg,"Computer desk setup with monitor, wireless keyboard, and other electronic devices. ",2.9650989919900894,0.0,0.0,100.0
libragrad,/media/crk/vol3/rt/coco/val2017/000000301421.jpg,"Computer desk setup with monitor, wireless keyboard, and other electronic devices. ",0.0,100.0,0.0,0.0
fusion,/media/crk/vol3/rt/coco/val2017/000000301421.jpg,"Computer desk setup with monitor, wireless keyboard, and other electronic devices. ",0.28909072279930115,0.0,0.016063032671809196,0.0
m2ib,/media/crk/vol3/rt/coco/val2017/000000224807.jpg,Men sit around a table sharing a meal.,0.0,100.0,0.0851980410516262,0.0
lciba,/media/crk/vol3/rt/coco/val2017/000000224807.jpg,Men sit around a table sharing a meal.,1.9837163388729095,0.0,1.871710643172264,0.0
libragrad,/media/crk/vol3/rt/coco/val2017/000000224807.jpg,Men sit around a table sharing a meal.,0.0,100.0,0.0,0.0
fusion,/media/crk/vol3/rt/coco/val2017/000000224807.jpg,Men sit around a table sharing a meal.,0.4170771688222885,0.0,0.0,0.0
m2ib,/media/crk/vol3/rt/coco/val2017/000000303653.jpg,two ladies riding horses there's a reflection of one of them in a mirror,0.17171446233987808,0.0,0.029235519468784332,0.0
lciba,/media/crk/vol3/rt/coco/val2017/000000303653.jpg,two ladies riding horses there's a reflection of one of them in a mirror,1.589445024728775,0.0,0.0,100.0
libragrad,/media/crk/vol3/rt/coco/val2017/000000303653.jpg,two ladies riding horses there's a reflection of one of them in a mirror,3.0923129990696907,0.0,0.0,0.0
fusion,/media/crk/vol3/rt/coco/val2017/000000303653.jpg,two ladies riding horses there's a reflection of one of them in a mirror,0.5438422784209251,0.0,0.0,0.0
m2ib,/media/crk/vol3/rt/coco/val2017/000000222825.jpg,A kitchen with a stove top oven next to a white fridge.,2.2556617856025696,0.0,1.5127815306186676,0.0
lciba,/media/crk/vol3/rt/coco/val2017/000000222825.jpg,A kitchen with a stove top oven next to a white fridge.,7.565240561962128,0.0,1.740725338459015,0.0
libragrad,/media/crk/vol3/rt/coco/val2017/000000222825.jpg,A kitchen with a stove top oven next to a white fridge.,3.195580840110779,0.0,0.0,100.0
fusion,/media/crk/vol3/rt/coco/val2017/000000222825.jpg,A kitchen with a stove top oven next to a white fridge.,5.48357181251049,0.0,0.0673733651638031,0.0
m2ib,/media/crk/vol3/rt/coco/val2017/000000473219.jpg,A man and woman look into each others eyes while getting married.,2.8297116979956627,0.0,0.09409338235855103,0.0
lciba,/media/crk/vol3/rt/coco/val2017/000000473219.jpg,A man and woman look into each others eyes while getting married.,5.435222014784813,0.0,2.7761274948716164,0.0
libragrad,/media/crk/vol3/rt/coco/val2017/000000473219.jpg,A man and woman look into each others eyes while getting married.,3.2679930329322815,0.0,0.0,0.0
fusion,/media/crk/vol3/rt/coco/val2017/000000473219.jpg,A man and woman look into each others eyes while getting married.,3.9201706647872925,0.0,2.330000512301922,0.0
m2ib,/media/crk/vol3/rt/coco/val2017/000000209222.jpg,Black and white photograph of a man sitting at a bench.,0.12590698897838593,0.0,0.12826398015022278,0.0
lciba,/media/crk/vol3/rt/coco/val2017/000000209222.jpg,Black and white photograph of a man sitting at a bench.,0.0,100.0,1.5060901641845703,0.0
libragrad,/media/crk/vol3/rt/coco/val2017/000000209222.jpg,Black and white photograph of a man sitting at a bench.,0.9474189952015877,0.0,0.0,0.0
fusion,/media/crk/vol3/rt/coco/val2017/000000209222.jpg,Black and white photograph of a man sitting at a bench.,0.6117498502135277,0.0,0.0,0.0
m2ib,/media/crk/vol3/rt/coco/val2017/000000435081.jpg,a collection of various food pictures mostly of desert type items,0.754435732960701,0.0,0.11101216077804565,0.0
lciba,/media/crk/vol3/rt/coco/val2017/000000435081.jpg,a collection of various food pictures mostly of desert type items,6.131090596318245,0.0,1.4332054182887077,0.0
libragrad,/media/crk/vol3/rt/coco/val2017/000000435081.jpg,a collection of various food pictures mostly of desert type items,0.15040189027786255,0.0,0.0,0.0
fusion,/media/crk/vol3/rt/coco/val2017/000000435081.jpg,a collection of various food pictures mostly of desert type items,1.5177343040704727,0.0,0.0,0.0
m2ib,/media/crk/vol3/rt/coco/val2017/000000025393.jpg,a couple of men in ties are outside,1.0660555213689804,0.0,1.650940626859665,0.0
lciba,/media/crk/vol3/rt/coco/val2017/000000025393.jpg,a couple of men in ties are outside,5.009789764881134,0.0,1.9628239795565605,0.0
libragrad,/media/crk/vol3/rt/coco/val2017/000000025393.jpg,a couple of men in ties are outside,0.0,100.0,0.0,0.0
fusion,/media/crk/vol3/rt/coco/val2017/000000025393.jpg,a couple of men in ties are outside,0.8585076779127121,0.0,1.6711704432964325,0.0
m2ib,/media/crk/vol3/rt/coco/val2017/000000311392.jpg,A black and white cow at market in her stall.,0.0,100.0,0.07346346974372864,0.0
lciba,/media/crk/vol3/rt/coco/val2017/000000311392.jpg,A black and white cow at market in her stall.,8.233368396759033,0.0,2.3508820682764053,0.0
libragrad,/media/crk/vol3/rt/coco/val2017/000000311392.jpg,A black and white cow at market in her stall.,0.0,100.0,0.0,0.0
fusion,/media/crk/vol3/rt/coco/val2017/000000311392.jpg,A black and white cow at market in her stall.,3.8801103830337524,0.0,0.0,0.0
m2ib,/media/crk/vol3/rt/coco/val2017/000000578792.jpg,A person is leaning low on their motorcycle on the tracks.,1.2715185061097145,0.0,0.09540170431137085,0.0
lciba,/media/crk/vol3/rt/coco/val2017/000000578792.jpg,A person is leaning low on their motorcycle on the tracks.,0.0,100.0,0.5246561020612717,0.0
libragrad,/media/crk/vol3/rt/coco/val2017/000000578792.jpg,A person is leaning low on their motorcycle on the tracks.,1.4439119026064873,0.0,0.0,0.0
fusion,/media/crk/vol3/rt/coco/val2017/000000578792.jpg,A person is leaning low on their motorcycle on the tracks.,0.0,100.0,0.0,0.0
m2ib,/media/crk/vol3/rt/coco/val2017/000000430961.jpg,A baseball player preparing to throw a pitch during a game.,1.427200809121132,0.0,1.1129673570394516,0.0
lciba,/media/crk/vol3/rt/coco/val2017/000000430961.jpg,A baseball player preparing to throw a pitch during a game.,4.649808257818222,0.0,1.2675493955612183,0.0
libragrad,/media/crk/vol3/rt/coco/val2017/000000430961.jpg,A baseball player preparing to throw a pitch during a game.,0.6463645026087761,0.0,0.0,0.0
fusion,/media/crk/vol3/rt/coco/val2017/000000430961.jpg,A baseball player preparing to throw a pitch during a game.,1.1240573599934578,0.0,1.1093493551015854,0.0
m2ib,/media/crk/vol3/rt/coco/val2017/000000210032.jpg,Two birds preparing to eat food off of a plate that was left on a table outside by the ocean.,2.354300394654274,0.0,0.11023320257663727,0.0
lciba,/media/crk/vol3/rt/coco/val2017/000000210032.jpg,Two birds preparing to eat food off of a plate that was left on a table outside by the ocean.,6.546095758676529,0.0,0.5338013172149658,0.0
libragrad,/media/crk/vol3/rt/coco/val2017/000000210032.jpg,Two birds preparing to eat food off of a plate that was left on a table outside by the ocean.,3.264041990041733,0.0,0.04279874265193939,0.0
fusion,/media/crk/vol3/rt/coco/val2017/000000210032.jpg,Two birds preparing to eat food off of a plate that was left on a table outside by the ocean.,3.1933672726154327,0.0,0.0,100.0
m2ib,/media/crk/vol3/rt/coco/val2017/000000562229.jpg,a child riding a skate board on a city street ,0.9533915668725967,0.0,0.6128756329417229,0.0
lciba,/media/crk/vol3/rt/coco/val2017/000000562229.jpg,a child riding a skate board on a city street ,0.1294199377298355,0.0,0.6892264820635319,0.0
libragrad,/media/crk/vol3/rt/coco/val2017/000000562229.jpg,a child riding a skate board on a city street ,1.735059730708599,0.0,0.0,0.0
fusion,/media/crk/vol3/rt/coco/val2017/000000562229.jpg,a child riding a skate board on a city street ,0.0,100.0,0.0,0.0
m2ib,/media/crk/vol3/rt/coco/val2017/000000450758.jpg,A herd of giraffe running across a field.,1.4920199289917946,0.0,1.1108065955340862,0.0
lciba,/media/crk/vol3/rt/coco/val2017/000000450758.jpg,A herd of giraffe running across a field.,0.22178934887051582,0.0,1.0236064903438091,0.0
libragrad,/media/crk/vol3/rt/coco/val2017/000000450758.jpg,A herd of giraffe running across a field.,0.058483704924583435,0.0,0.0,0.0
fusion,/media/crk/vol3/rt/coco/val2017/000000450758.jpg,A herd of giraffe running across a field.,0.0,100.0,0.0,0.0
m2ib,/media/crk/vol3/rt/coco/val2017/000000225946.jpg,A train traveling through the countryside next to a dirt road.,3.5273555666208267,0.0,0.08060410618782043,0.0
lciba,/media/crk/vol3/rt/coco/val2017/000000225946.jpg,A train traveling through the countryside next to a dirt road.,3.881721943616867,0.0,0.8397951722145081,0.0
libragrad,/media/crk/vol3/rt/coco/val2017/000000225946.jpg,A train traveling through the countryside next to a dirt road.,4.449556767940521,0.0,0.0,100.0
fusion,/media/crk/vol3/rt/coco/val2017/000000225946.jpg,A train traveling through the countryside next to a dirt road.,0.21576322615146637,0.0,0.0,0.0
m2ib,/media/crk/vol3/rt/coco/val2017/000000024021.jpg,A class picture of the Goodmayes Boys' School in April of 1929.,2.772941067814827,0.0,0.0,100.0
lciba,/media/crk/vol3/rt/coco/val2017/000000024021.jpg,A class picture of the Goodmayes Boys' School in April of 1929.,2.85082645714283,0.0,1.3698320835828781,0.0
libragrad,/media/crk/vol3/rt/coco/val2017/000000024021.jpg,A class picture of the Goodmayes Boys' School in April of 1929.,2.110482007265091,0.0,0.0,0.0
fusion,/media/crk/vol3/rt/coco/val2017/000000024021.jpg,A class picture of the Goodmayes Boys' School in April of 1929.,1.3125086203217506,0.0,0.007160380482673645,0.0
m2ib,/media/crk/vol3/rt/coco/val2017/000000054123.jpg,The zebras are standing around and grazing in the pasture.,0.8111140690743923,0.0,0.896858237683773,0.0
lciba,/media/crk/vol3/rt/coco/val2017/000000054123.jpg,The zebras are standing around and grazing in the pasture.,2.5948934257030487,0.0,0.9062035009264946,0.0
libragrad,/media/crk/vol3/rt/coco/val2017/000000054123.jpg,The zebras are standing around and grazing in the pasture.,1.908021792769432,0.0,0.0,0.0
fusion,/media/crk/vol3/rt/coco/val2017/000000054123.jpg,The zebras are standing around and grazing in the pasture.,2.38003171980381,0.0,0.0,0.0
m2ib,/media/crk/vol3/rt/coco/val2017/000000270402.jpg,Two gray elephants standing next to each other on a road.,0.0,100.0,0.04545021802186966,0.0
lciba,/media/crk/vol3/rt/coco/val2017/000000270402.jpg,Two gray elephants standing next to each other on a road.,2.358664944767952,0.0,0.0,100.0
libragrad,/media/crk/vol3/rt/coco/val2017/000000270402.jpg,Two gray elephants standing next to each other on a road.,0.012082047760486603,0.0,0.0,100.0
fusion,/media/crk/vol3/rt/coco/val2017/000000270402.jpg,Two gray elephants standing next to each other on a road.,0.7232796400785446,0.0,0.0,0.0
m2ib,/media/crk/vol3/rt/coco/val2017/000000180878.jpg,A table topped with a smart phone next to a white bag.,0.00023245811462402344,0.0,1.7717454582452774,0.0
lciba,/media/crk/vol3/rt/coco/val2017/000000180878.jpg,A table topped with a smart phone next to a white bag.,5.363978445529938,0.0,1.865905150771141,0.0
libragrad,/media/crk/vol3/rt/coco/val2017/000000180878.jpg,A table topped with a smart phone next to a white bag.,0.7245078682899475,0.0,0.0,0.0
fusion,/media/crk/vol3/rt/coco/val2017/000000180878.jpg,A table topped with a smart phone next to a white bag.,1.4179408550262451,0.0,0.05727633833885193,0.0
m2ib,/media/crk/vol3/rt/coco/val2017/000000163117.jpg,A large group of people in a field with kites.,0.23153051733970642,0.0,1.522907242178917,0.0
lciba,/media/crk/vol3/rt/coco/val2017/000000163117.jpg,A large group of people in a field with kites.,0.0,100.0,1.6665570437908173,0.0
libragrad,/media/crk/vol3/rt/coco/val2017/000000163117.jpg,A large group of people in a field with kites.,0.8984960615634918,0.0,0.0,0.0
fusion,/media/crk/vol3/rt/coco/val2017/000000163117.jpg,A large group of people in a field with kites.,0.7022924721240997,0.0,0.0,100.0
m2ib,/media/crk/vol3/rt/coco/val2017/000000375430.jpg,A stack of pancakes that are sitting on a plate.,0.3800485283136368,0.0,0.08005853742361069,0.0
lciba,/media/crk/vol3/rt/coco/val2017/000000375430.jpg,A stack of pancakes that are sitting on a plate.,4.018666595220566,0.0,0.8115114644169807,0.0
libragrad,/media/crk/vol3/rt/coco/val2017/000000375430.jpg,A stack of pancakes that are sitting on a plate.,0.45281071215867996,0.0,0.0,0.0
fusion,/media/crk/vol3/rt/coco/val2017/000000375430.jpg,A stack of pancakes that are sitting on a plate.,3.3140361309051514,0.0,0.0,0.0
m2ib,/media/crk/vol3/rt/coco/val2017/000000263644.jpg,The antique bed has elaborate wood decoration on the frame..,0.0,100.0,0.028907693922519684,0.0
lciba,/media/crk/vol3/rt/coco/val2017/000000263644.jpg,The antique bed has elaborate wood decoration on the frame..,0.0,100.0,0.0,100.0
libragrad,/media/crk/vol3/rt/coco/val2017/000000263644.jpg,The antique bed has elaborate wood decoration on the frame..,0.0,100.0,0.0,0.0
fusion,/media/crk/vol3/rt/coco/val2017/000000263644.jpg,The antique bed has elaborate wood decoration on the frame..,0.0,100.0,0.0,100.0
m2ib,/media/crk/vol3/rt/coco/val2017/000000433774.jpg,A parking meter sitting next to a tall tree.,0.0,100.0,0.0,100.0
lciba,/media/crk/vol3/rt/coco/val2017/000000433774.jpg,A parking meter sitting next to a tall tree.,2.2335372865200043,0.0,3.6856889724731445,0.0
libragrad,/media/crk/vol3/rt/coco/val2017/000000433774.jpg,A parking meter sitting next to a tall tree.,0.26194220408797264,0.0,0.0,0.0
fusion,/media/crk/vol3/rt/coco/val2017/000000433774.jpg,A parking meter sitting next to a tall tree.,2.4153411388397217,0.0,0.0,0.0
m2ib,/media/crk/vol3/rt/coco/val2017/000000162858.jpg,cars setting at traffic light leading to capitol building,2.0851880311965942,0.0,0.0,0.0
lciba,/media/crk/vol3/rt/coco/val2017/000000162858.jpg,cars setting at traffic light leading to capitol building,5.56112602353096,0.0,1.4299219474196434,0.0
libragrad,/media/crk/vol3/rt/coco/val2017/000000162858.jpg,cars setting at traffic light leading to capitol building,2.609829604625702,0.0,0.0,0.0
fusion,/media/crk/vol3/rt/coco/val2017/000000162858.jpg,cars setting at traffic light leading to capitol building,3.578253462910652,0.0,0.0,0.0
m2ib,/media/crk/vol3/rt/coco/val2017/000000172396.jpg,A pizza being made within the oven ,0.0,100.0,0.0,100.0
lciba,/media/crk/vol3/rt/coco/val2017/000000172396.jpg,A pizza being made within the oven ,0.9950198233127594,0.0,0.0,100.0
libragrad,/media/crk/vol3/rt/coco/val2017/000000172396.jpg,A pizza being made within the oven ,0.25343820452690125,0.0,0.0,0.0
fusion,/media/crk/vol3/rt/coco/val2017/000000172396.jpg,A pizza being made within the oven ,0.606836099177599,0.0,0.0,0.0
m2ib,/media/crk/vol3/rt/coco/val2017/000000540932.jpg,Two people standing on a beach next to the ocean.,0.8074991405010223,0.0,0.0,100.0
lciba,/media/crk/vol3/rt/coco/val2017/000000540932.jpg,Two people standing on a beach next to the ocean.,3.979743644595146,0.0,0.0,100.0
libragrad,/media/crk/vol3/rt/coco/val2017/000000540932.jpg,Two people standing on a beach next to the ocean.,1.2859610840678215,0.0,0.0,0.0
fusion,/media/crk/vol3/rt/coco/val2017/000000540932.jpg,Two people standing on a beach next to the ocean.,1.586339995265007,0.0,0.0,100.0
m2ib,/media/crk/vol3/rt/coco/val2017/000000182923.jpg,A woman swinging a tennis racquet on a tennis court.,0.0,100.0,0.0,100.0
lciba,/media/crk/vol3/rt/coco/val2017/000000182923.jpg,A woman swinging a tennis racquet on a tennis court.,3.7224754691123962,0.0,0.0,100.0
libragrad,/media/crk/vol3/rt/coco/val2017/000000182923.jpg,A woman swinging a tennis racquet on a tennis court.,0.8627798408269882,0.0,0.0,0.0
fusion,/media/crk/vol3/rt/coco/val2017/000000182923.jpg,A woman swinging a tennis racquet on a tennis court.,2.2804226726293564,0.0,0.0,100.0
m2ib,/media/crk/vol3/rt/coco/val2017/000000176901.jpg,Three people in the snow trying to walk up the hill in skiis.,3.027646616101265,0.0,0.0,100.0
lciba,/media/crk/vol3/rt/coco/val2017/000000176901.jpg,Three people in the snow trying to walk up the hill in skiis.,3.1925998628139496,0.0,0.0,100.0
libragrad,/media/crk/vol3/rt/coco/val2017/000000176901.jpg,Three people in the snow trying to walk up the hill in skiis.,2.9388073831796646,0.0,0.0,0.0
fusion,/media/crk/vol3/rt/coco/val2017/000000176901.jpg,Three people in the snow trying to walk up the hill in skiis.,2.9861275106668472,0.0,0.0,100.0
m2ib,/media/crk/vol3/rt/coco/val2017/000000251119.jpg,"The lunchbox has a cold sandwich, strawberry yogurt and orange juice. ",0.0,100.0,0.052439793944358826,0.0
lciba,/media/crk/vol3/rt/coco/val2017/000000251119.jpg,"The lunchbox has a cold sandwich, strawberry yogurt and orange juice. ",7.892180979251862,0.0,0.9548798203468323,0.0
libragrad,/media/crk/vol3/rt/coco/val2017/000000251119.jpg,"The lunchbox has a cold sandwich, strawberry yogurt and orange juice. ",0.0,100.0,0.0,0.0
fusion,/media/crk/vol3/rt/coco/val2017/000000251119.jpg,"The lunchbox has a cold sandwich, strawberry yogurt and orange juice. ",1.4240056276321411,0.0,0.0,100.0
m2ib,/media/crk/vol3/rt/coco/val2017/000000483050.jpg,A large bed with two lamps on either side lighting the room. ,0.0,100.0,0.7784456014633179,0.0
lciba,/media/crk/vol3/rt/coco/val2017/000000483050.jpg,A large bed with two lamps on either side lighting the room. ,0.0,100.0,0.7452957332134247,0.0
libragrad,/media/crk/vol3/rt/coco/val2017/000000483050.jpg,A large bed with two lamps on either side lighting the room. ,0.0,100.0,0.0,0.0
fusion,/media/crk/vol3/rt/coco/val2017/000000483050.jpg,A large bed with two lamps on either side lighting the room. ,0.0,100.0,0.0199098140001297,0.0
m2ib,/media/crk/vol3/rt/coco/val2017/000000484978.jpg,A woman sitting at a table while eating food.,0.0,100.0,0.0,0.0
lciba,/media/crk/vol3/rt/coco/val2017/000000484978.jpg,A woman sitting at a table while eating food.,0.8863125927746296,0.0,0.7863632403314114,0.0
libragrad,/media/crk/vol3/rt/coco/val2017/000000484978.jpg,A woman sitting at a table while eating food.,0.2718108706176281,0.0,0.0,0.0
fusion,/media/crk/vol3/rt/coco/val2017/000000484978.jpg,A woman sitting at a table while eating food.,0.5711390636861324,0.0,0.0,0.0
m2ib,/media/crk/vol3/rt/coco/val2017/000000088250.jpg,Two elephants with their trunks attached to each other,2.0941242575645447,0.0,0.10851919651031494,0.0
lciba,/media/crk/vol3/rt/coco/val2017/000000088250.jpg,Two elephants with their trunks attached to each other,4.0155328810215,0.0,0.3431057557463646,0.0
libragrad,/media/crk/vol3/rt/coco/val2017/000000088250.jpg,Two elephants with their trunks attached to each other,1.5594054013490677,0.0,0.24949032813310623,0.0
fusion,/media/crk/vol3/rt/coco/val2017/000000088250.jpg,Two elephants with their trunks attached to each other,2.7429603040218353,0.0,0.0,0.0
m2ib,/media/crk/vol3/rt/coco/val2017/000000459500.jpg,A clock between two bronze flamingo statues on a black box.,0.0,100.0,2.0800599828362465,0.0
lciba,/media/crk/vol3/rt/coco/val2017/000000459500.jpg,A clock between two bronze flamingo statues on a black box.,5.2393607795238495,0.0,2.1424412727355957,0.0
libragrad,/media/crk/vol3/rt/coco/val2017/000000459500.jpg,A clock between two bronze flamingo statues on a black box.,1.0534271597862244,0.0,0.0,0.0
fusion,/media/crk/vol3/rt/coco/val2017/000000459500.jpg,A clock between two bronze flamingo statues on a black box.,1.1268163099884987,0.0,0.0,0.0
m2ib,/media/crk/vol3/rt/coco/val2017/000000502737.jpg,A person holding up a chocolate doughnut with a face drawn on it.,0.3710255026817322,0.0,1.7577067017555237,0.0
lciba,/media/crk/vol3/rt/coco/val2017/000000502737.jpg,A person holding up a chocolate doughnut with a face drawn on it.,8.559524267911911,0.0,2.1008647978305817,0.0
libragrad,/media/crk/vol3/rt/coco/val2017/000000502737.jpg,A person holding up a chocolate doughnut with a face drawn on it.,2.0004969090223312,0.0,0.0,0.0
fusion,/media/crk/vol3/rt/coco/val2017/000000502737.jpg,A person holding up a chocolate doughnut with a face drawn on it.,6.978870183229446,0.0,1.6930140554904938,0.0
m2ib,/media/crk/vol3/rt/coco/val2017/000000002431.jpg,A plate on a wooden table full of bread.,0.0,100.0,0.03960654139518738,0.0
lciba,/media/crk/vol3/rt/coco/val2017/000000002431.jpg,A plate on a wooden table full of bread.,5.57170957326889,0.0,0.3333747386932373,0.0
libragrad,/media/crk/vol3/rt/coco/val2017/000000002431.jpg,A plate on a wooden table full of bread.,0.0,100.0,0.0,0.0
fusion,/media/crk/vol3/rt/coco/val2017/000000002431.jpg,A plate on a wooden table full of bread.,0.0,100.0,0.008312612771987915,0.0
m2ib,/media/crk/vol3/rt/coco/val2017/000000338304.jpg,A bunch of sheep make their way through the crowded city street.,0.0,100.0,0.0,0.0
lciba,/media/crk/vol3/rt/coco/val2017/000000338304.jpg,A bunch of sheep make their way through the crowded city street.,2.0411860197782516,0.0,1.95058174431324,0.0
libragrad,/media/crk/vol3/rt/coco/val2017/000000338304.jpg,A bunch of sheep make their way through the crowded city street.,0.0,100.0,0.0,0.0
fusion,/media/crk/vol3/rt/coco/val2017/000000338304.jpg,A bunch of sheep make their way through the crowded city street.,0.0,100.0,0.0,0.0
m2ib,/media/crk/vol3/rt/coco/val2017/000000183049.jpg,A book shelf filled with lots of colorful books.,0.0,100.0,0.05658548325300217,0.0
lciba,/media/crk/vol3/rt/coco/val2017/000000183049.jpg,A book shelf filled with lots of colorful books.,3.21442186832428,0.0,3.099413216114044,0.0
libragrad,/media/crk/vol3/rt/coco/val2017/000000183049.jpg,A book shelf filled with lots of colorful books.,0.0,100.0,0.0,100.0
fusion,/media/crk/vol3/rt/coco/val2017/000000183049.jpg,A book shelf filled with lots of colorful books.,1.688816398382187,0.0,0.0,0.0
m2ib,/media/crk/vol3/rt/coco/val2017/000000073118.jpg,Two brown teddy bears sitting side by side.,1.8646208569407463,0.0,0.11055879294872284,0.0
lciba,/media/crk/vol3/rt/coco/val2017/000000073118.jpg,Two brown teddy bears sitting side by side.,0.0,100.0,0.0,100.0
libragrad,/media/crk/vol3/rt/coco/val2017/000000073118.jpg,Two brown teddy bears sitting side by side.,2.351337857544422,0.0,0.0,0.0
fusion,/media/crk/vol3/rt/coco/val2017/000000073118.jpg,Two brown teddy bears sitting side by side.,0.0,100.0,0.029475241899490356,0.0
m2ib,/media/crk/vol3/rt/coco/val2017/000000552883.jpg,"A view of a kitchen with cabinets, a sink and a clothes washer.",1.1754393577575684,0.0,1.5786997973918915,0.0
lciba,/media/crk/vol3/rt/coco/val2017/000000552883.jpg,"A view of a kitchen with cabinets, a sink and a clothes washer.",6.564214825630188,0.0,1.7293285578489304,0.0
libragrad,/media/crk/vol3/rt/coco/val2017/000000552883.jpg,"A view of a kitchen with cabinets, a sink and a clothes washer.",1.902974396944046,0.0,0.0,0.0
fusion,/media/crk/vol3/rt/coco/val2017/000000552883.jpg,"A view of a kitchen with cabinets, a sink and a clothes washer.",3.6946523934602737,0.0,0.005831196904182434,0.0
m2ib,/media/crk/vol3/rt/coco/val2017/000000022479.jpg,The skateboarder wears headphones while jumping to grab his board.,1.9469816237688065,0.0,1.0012872517108917,0.0
lciba,/media/crk/vol3/rt/coco/val2017/000000022479.jpg,The skateboarder wears headphones while jumping to grab his board.,4.2843297123909,0.0,1.0439053177833557,0.0
libragrad,/media/crk/vol3/rt/coco/val2017/000000022479.jpg,The skateboarder wears headphones while jumping to grab his board.,3.9755336940288544,0.0,0.0,0.0
fusion,/media/crk/vol3/rt/coco/val2017/000000022479.jpg,The skateboarder wears headphones while jumping to grab his board.,3.375498950481415,0.0,0.036147236824035645,0.0
m2ib,/media/crk/vol3/rt/coco/val2017/000000322724.jpg,a man that is skiing down a snowy field,0.0,100.0,0.0,100.0
lciba,/media/crk/vol3/rt/coco/val2017/000000322724.jpg,a man that is skiing down a snowy field,2.9827307909727097,0.0,0.0,100.0
libragrad,/media/crk/vol3/rt/coco/val2017/000000322724.jpg,a man that is skiing down a snowy field,0.6457073614001274,0.0,0.0,0.0
fusion,/media/crk/vol3/rt/coco/val2017/000000322724.jpg,a man that is skiing down a snowy field,0.1620253548026085,0.0,0.0,100.0
m2ib,/media/crk/vol3/rt/coco/val2017/000000133778.jpg,A young calf drinks from its mother's udders,0.9530633687973022,0.0,1.8718700855970383,0.0
lciba,/media/crk/vol3/rt/coco/val2017/000000133778.jpg,A young calf drinks from its mother's udders,8.511670678853989,0.0,1.9733868539333344,0.0
libragrad,/media/crk/vol3/rt/coco/val2017/000000133778.jpg,A young calf drinks from its mother's udders,1.555047556757927,0.0,0.043658167123794556,0.0
fusion,/media/crk/vol3/rt/coco/val2017/000000133778.jpg,A young calf drinks from its mother's udders,6.5725818276405334,0.0,0.04400014877319336,0.0
m2ib,/media/crk/vol3/rt/coco/val2017/000000249219.jpg,A double decker bus driving down the road.,1.7956096678972244,0.0,0.012164562940597534,0.0
lciba,/media/crk/vol3/rt/coco/val2017/000000249219.jpg,A double decker bus driving down the road.,0.0,100.0,0.9225741028785706,0.0
libragrad,/media/crk/vol3/rt/coco/val2017/000000249219.jpg,A double decker bus driving down the road.,2.013302966952324,0.0,0.0,0.0
fusion,/media/crk/vol3/rt/coco/val2017/000000249219.jpg,A double decker bus driving down the road.,1.118621602654457,0.0,0.0,0.0
m2ib,/media/crk/vol3/rt/coco/val2017/000000198805.jpg,A group of trucks and cars parked in a parking lot.,0.7834781892597675,0.0,3.438930958509445,0.0
lciba,/media/crk/vol3/rt/coco/val2017/000000198805.jpg,A group of trucks and cars parked in a parking lot.,3.2756634056568146,0.0,3.9914876222610474,0.0
libragrad,/media/crk/vol3/rt/coco/val2017/000000198805.jpg,A group of trucks and cars parked in a parking lot.,2.1634861826896667,0.0,0.0,0.0
fusion,/media/crk/vol3/rt/coco/val2017/000000198805.jpg,A group of trucks and cars parked in a parking lot.,2.4938050657510757,0.0,0.0,0.0
m2ib,/media/crk/vol3/rt/coco/val2017/000000211042.jpg,there is a cat that is drinking out of the toilet,2.8874851763248444,0.0,0.027016177773475647,0.0
lciba,/media/crk/vol3/rt/coco/val2017/000000211042.jpg,there is a cat that is drinking out of the toilet,3.908544033765793,0.0,1.491350308060646,0.0
libragrad,/media/crk/vol3/rt/coco/val2017/000000211042.jpg,there is a cat that is drinking out of the toilet,1.6744669526815414,0.0,0.020642578601837158,0.0
fusion,/media/crk/vol3/rt/coco/val2017/000000211042.jpg,there is a cat that is drinking out of the toilet,0.5126131698489189,0.0,0.0,0.0
m2ib,/media/crk/vol3/rt/coco/val2017/000000377635.jpg,A person doing skateboard ticks at a skate park,0.0,100.0,0.376124307513237,0.0
lciba,/media/crk/vol3/rt/coco/val2017/000000377635.jpg,A person doing skateboard ticks at a skate park,4.473887011408806,0.0,0.4812220111489296,0.0
libragrad,/media/crk/vol3/rt/coco/val2017/000000377635.jpg,A person doing skateboard ticks at a skate park,0.0,100.0,0.0,0.0
fusion,/media/crk/vol3/rt/coco/val2017/000000377635.jpg,A person doing skateboard ticks at a skate park,1.3563880696892738,0.0,0.0350411981344223,0.0
m2ib,/media/crk/vol3/rt/coco/val2017/000000206135.jpg,A herd of cattle sitting in front of a church with a steeple.,2.1950535476207733,0.0,0.015439465641975403,0.0
lciba,/media/crk/vol3/rt/coco/val2017/000000206135.jpg,A herd of cattle sitting in front of a church with a steeple.,4.104534909129143,0.0,1.7585881054401398,0.0
libragrad,/media/crk/vol3/rt/coco/val2017/000000206135.jpg,A herd of cattle sitting in front of a church with a steeple.,1.3590047135949135,0.0,0.0,0.0
fusion,/media/crk/vol3/rt/coco/val2017/000000206135.jpg,A herd of cattle sitting in front of a church with a steeple.,1.384697388857603,0.0,0.04773549735546112,0.0
m2ib,/media/crk/vol3/rt/coco/val2017/000000466567.jpg,A tree with a donut as an ornament,2.23600585013628,0.0,0.0,100.0
lciba,/media/crk/vol3/rt/coco/val2017/000000466567.jpg,A tree with a donut as an ornament,5.858986079692841,0.0,2.276897430419922,0.0
libragrad,/media/crk/vol3/rt/coco/val2017/000000466567.jpg,A tree with a donut as an ornament,3.0627846717834473,0.0,0.0,0.0
fusion,/media/crk/vol3/rt/coco/val2017/000000466567.jpg,A tree with a donut as an ornament,4.930955916643143,0.0,0.0,0.0
m2ib,/media/crk/vol3/rt/coco/val2017/000000389109.jpg,Pizza on a table at an outdoor restaurant at night,0.0,100.0,0.08980333805084229,0.0
lciba,/media/crk/vol3/rt/coco/val2017/000000389109.jpg,Pizza on a table at an outdoor restaurant at night,0.0,100.0,1.533653400838375,0.0
libragrad,/media/crk/vol3/rt/coco/val2017/000000389109.jpg,Pizza on a table at an outdoor restaurant at night,0.0,100.0,0.0,0.0
fusion,/media/crk/vol3/rt/coco/val2017/000000389109.jpg,Pizza on a table at an outdoor restaurant at night,0.0,100.0,0.0075019896030426025,0.0
m2ib,/media/crk/vol3/rt/coco/val2017/000000198510.jpg,A person holds a bag while walking on train tracks.,1.4653809368610382,0.0,0.10094121098518372,0.0
lciba,/media/crk/vol3/rt/coco/val2017/000000198510.jpg,A person holds a bag while walking on train tracks.,1.6741681843996048,0.0,0.822517741471529,0.0
libragrad,/media/crk/vol3/rt/coco/val2017/000000198510.jpg,A person holds a bag while walking on train tracks.,1.3425365090370178,0.0,0.0,0.0
fusion,/media/crk/vol3/rt/coco/val2017/000000198510.jpg,A person holds a bag while walking on train tracks.,0.0,100.0,0.6164038553833961,0.0
m2ib,/media/crk/vol3/rt/coco/val2017/000000319369.jpg,Two women talk at a beach rental kiosk.,0.4102839156985283,0.0,0.0,100.0
lciba,/media/crk/vol3/rt/coco/val2017/000000319369.jpg,Two women talk at a beach rental kiosk.,3.2864607870578766,0.0,0.5659368820488453,0.0
libragrad,/media/crk/vol3/rt/coco/val2017/000000319369.jpg,Two women talk at a beach rental kiosk.,2.014610171318054,0.0,0.0,0.0
fusion,/media/crk/vol3/rt/coco/val2017/000000319369.jpg,Two women talk at a beach rental kiosk.,1.674892008304596,0.0,0.0,100.0
m2ib,/media/crk/vol3/rt/coco/val2017/000000513688.jpg,A chair next to a desk with a laptop and phone sitting on it.,0.0,100.0,1.3658594340085983,0.0
lciba,/media/crk/vol3/rt/coco/val2017/000000513688.jpg,A chair next to a desk with a laptop and phone sitting on it.,4.133471846580505,0.0,1.5529892407357693,0.0
libragrad,/media/crk/vol3/rt/coco/val2017/000000513688.jpg,A chair next to a desk with a laptop and phone sitting on it.,0.0,100.0,0.0,0.0
fusion,/media/crk/vol3/rt/coco/val2017/000000513688.jpg,A chair next to a desk with a laptop and phone sitting on it.,0.0,100.0,1.17571409791708,0.0
m2ib,/media/crk/vol3/rt/coco/val2017/000000530457.jpg,A vase filled with red and orange flowers.,0.0,100.0,0.02216324210166931,0.0
lciba,/media/crk/vol3/rt/coco/val2017/000000530457.jpg,A vase filled with red and orange flowers.,0.0,100.0,1.022128202021122,0.0
libragrad,/media/crk/vol3/rt/coco/val2017/000000530457.jpg,A vase filled with red and orange flowers.,0.0,100.0,0.0,0.0
fusion,/media/crk/vol3/rt/coco/val2017/000000530457.jpg,A vase filled with red and orange flowers.,0.0,100.0,0.0,0.0
m2ib,/media/crk/vol3/rt/coco/val2017/000000104803.jpg,a toilet with glitter paint on it ,0.0,100.0,0.5184953100979328,0.0
lciba,/media/crk/vol3/rt/coco/val2017/000000104803.jpg,a toilet with glitter paint on it ,0.0,100.0,0.7915876805782318,0.0
libragrad,/media/crk/vol3/rt/coco/val2017/000000104803.jpg,a toilet with glitter paint on it ,0.0,100.0,0.0,0.0
fusion,/media/crk/vol3/rt/coco/val2017/000000104803.jpg,a toilet with glitter paint on it ,0.13719480484724045,0.0,0.0,0.0
m2ib,/media/crk/vol3/rt/coco/val2017/000000025393.jpg,a couple of men in ties are outside,0.9185768663883209,0.0,1.6658466309309006,0.0
lciba,/media/crk/vol3/rt/coco/val2017/000000025393.jpg,a couple of men in ties are outside,5.009789764881134,0.0,1.9628239795565605,0.0
libragrad,/media/crk/vol3/rt/coco/val2017/000000025393.jpg,a couple of men in ties are outside,0.0,100.0,0.0,0.0
fusion,/media/crk/vol3/rt/coco/val2017/000000025393.jpg,a couple of men in ties are outside,0.9904446080327034,0.0,4.8801302909851074e-05,0.0
m2ib,/media/crk/vol3/rt/coco/val2017/000000357941.jpg,Two televisions that are stacked on top of each other. ,2.4164382368326187,0.0,0.004123523831367493,0.0
lciba,/media/crk/vol3/rt/coco/val2017/000000357941.jpg,Two televisions that are stacked on top of each other. ,6.843240559101105,0.0,0.0,100.0
libragrad,/media/crk/vol3/rt/coco/val2017/000000357941.jpg,Two televisions that are stacked on top of each other. ,4.780999198555946,0.0,0.0,100.0
fusion,/media/crk/vol3/rt/coco/val2017/000000357941.jpg,Two televisions that are stacked on top of each other. ,5.963036045432091,0.0,0.0,100.0
m2ib,/media/crk/vol3/rt/coco/val2017/000000309452.jpg,The bird has a black head and yellow feathers.,1.117166131734848,0.0,0.0,100.0
lciba,/media/crk/vol3/rt/coco/val2017/000000309452.jpg,The bird has a black head and yellow feathers.,0.0,100.0,0.0,100.0
libragrad,/media/crk/vol3/rt/coco/val2017/000000309452.jpg,The bird has a black head and yellow feathers.,0.0,100.0,0.0,0.0
fusion,/media/crk/vol3/rt/coco/val2017/000000309452.jpg,The bird has a black head and yellow feathers.,0.0,100.0,0.0,0.0
m2ib,/media/crk/vol3/rt/coco/val2017/000000396274.jpg,A plant in a garden near a white building.,0.20621195435523987,0.0,0.13727881014347076,0.0
lciba,/media/crk/vol3/rt/coco/val2017/000000396274.jpg,A plant in a garden near a white building.,4.943594709038734,0.0,1.0664168745279312,0.0
libragrad,/media/crk/vol3/rt/coco/val2017/000000396274.jpg,A plant in a garden near a white building.,1.4029672369360924,0.0,0.0,0.0
fusion,/media/crk/vol3/rt/coco/val2017/000000396274.jpg,A plant in a garden near a white building.,2.2247401997447014,0.0,0.0,0.0
m2ib,/media/crk/vol3/rt/coco/val2017/000000135670.jpg,A bike behind a rail for safety on a train ride.,0.0,100.0,0.7381313480436802,0.0
lciba,/media/crk/vol3/rt/coco/val2017/000000135670.jpg,A bike behind a rail for safety on a train ride.,1.702972874045372,0.0,0.7711326703429222,0.0
libragrad,/media/crk/vol3/rt/coco/val2017/000000135670.jpg,A bike behind a rail for safety on a train ride.,0.7231988944113255,0.0,0.0,0.0
fusion,/media/crk/vol3/rt/coco/val2017/000000135670.jpg,A bike behind a rail for safety on a train ride.,2.288060635328293,0.0,0.0,0.0
m2ib,/media/crk/vol3/rt/coco/val2017/000000273760.jpg,A man standing on top of a tennis court holding a racquet.,0.0,100.0,0.0,100.0
lciba,/media/crk/vol3/rt/coco/val2017/000000273760.jpg,A man standing on top of a tennis court holding a racquet.,6.2859803438186646,0.0,0.0,100.0
libragrad,/media/crk/vol3/rt/coco/val2017/000000273760.jpg,A man standing on top of a tennis court holding a racquet.,1.459953933954239,0.0,0.0,0.0
fusion,/media/crk/vol3/rt/coco/val2017/000000273760.jpg,A man standing on top of a tennis court holding a racquet.,2.3711806163191795,0.0,0.0,0.0
m2ib,/media/crk/vol3/rt/coco/val2017/000000161609.jpg,A brown dog sitting in a mans back pack.,2.3874104022979736,0.0,0.0,0.0
lciba,/media/crk/vol3/rt/coco/val2017/000000161609.jpg,A brown dog sitting in a mans back pack.,6.153860688209534,0.0,0.9435802698135376,0.0
libragrad,/media/crk/vol3/rt/coco/val2017/000000161609.jpg,A brown dog sitting in a mans back pack.,4.050052165985107,0.0,0.0,0.0
fusion,/media/crk/vol3/rt/coco/val2017/000000161609.jpg,A brown dog sitting in a mans back pack.,3.187686577439308,0.0,0.0,0.0
m2ib,/media/crk/vol3/rt/coco/val2017/000000284743.jpg,A group of people staring at a woman holding a bat.,2.9012776911258698,0.0,0.020837225019931793,0.0
lciba,/media/crk/vol3/rt/coco/val2017/000000284743.jpg,A group of people staring at a woman holding a bat.,4.6021223068237305,0.0,1.9905440509319305,0.0
libragrad,/media/crk/vol3/rt/coco/val2017/000000284743.jpg,A group of people staring at a woman holding a bat.,2.604411542415619,0.0,0.0,0.0
fusion,/media/crk/vol3/rt/coco/val2017/000000284743.jpg,A group of people staring at a woman holding a bat.,3.3085934817790985,0.0,0.0,0.0
m2ib,/media/crk/vol3/rt/coco/val2017/000000168337.jpg,Two people outside of a stone building near a red fire hydrant.,3.973602131009102,0.0,0.0,0.0
lciba,/media/crk/vol3/rt/coco/val2017/000000168337.jpg,Two people outside of a stone building near a red fire hydrant.,6.68194517493248,0.0,0.8212309330701828,0.0
libragrad,/media/crk/vol3/rt/coco/val2017/000000168337.jpg,Two people outside of a stone building near a red fire hydrant.,4.839103668928146,0.0,0.0,0.0
fusion,/media/crk/vol3/rt/coco/val2017/000000168337.jpg,Two people outside of a stone building near a red fire hydrant.,6.830480694770813,0.0,0.0,0.0
m2ib,/media/crk/vol3/rt/coco/val2017/000000250766.jpg,Meat and a salad with knife and fork on a plate.,0.0,100.0,0.0,0.0
lciba,/media/crk/vol3/rt/coco/val2017/000000250766.jpg,Meat and a salad with knife and fork on a plate.,5.122850835323334,0.0,0.21369196474552155,0.0
libragrad,/media/crk/vol3/rt/coco/val2017/000000250766.jpg,Meat and a salad with knife and fork on a plate.,0.0,100.0,0.0,0.0
fusion,/media/crk/vol3/rt/coco/val2017/000000250766.jpg,Meat and a salad with knife and fork on a plate.,0.5717869848012924,0.0,0.0,0.0
m2ib,/media/crk/vol3/rt/coco/val2017/000000095786.jpg,there are three vases made of clay on a table,0.7221145555377007,0.0,0.016809627413749695,0.0
lciba,/media/crk/vol3/rt/coco/val2017/000000095786.jpg,there are three vases made of clay on a table,0.8119281381368637,0.0,0.7507437840104103,0.0
libragrad,/media/crk/vol3/rt/coco/val2017/000000095786.jpg,there are three vases made of clay on a table,1.0419601574540138,0.0,0.0,0.0
fusion,/media/crk/vol3/rt/coco/val2017/000000095786.jpg,there are three vases made of clay on a table,1.0381923988461494,0.0,0.0,0.0
m2ib,/media/crk/vol3/rt/coco/val2017/000000406129.jpg,A person hitting a tennis ball with a racquet.,1.0403316468000412,0.0,0.0,100.0
lciba,/media/crk/vol3/rt/coco/val2017/000000406129.jpg,A person hitting a tennis ball with a racquet.,3.221587836742401,0.0,0.0,100.0
libragrad,/media/crk/vol3/rt/coco/val2017/000000406129.jpg,A person hitting a tennis ball with a racquet.,1.567687839269638,0.0,0.0,0.0
fusion,/media/crk/vol3/rt/coco/val2017/000000406129.jpg,A person hitting a tennis ball with a racquet.,0.0,100.0,0.0,100.0
m2ib,/media/crk/vol3/rt/coco/val2017/000000300659.jpg,A formation of airplanes flying through a  blue sky.,0.5087034776806831,0.0,0.20000264048576355,0.0
lciba,/media/crk/vol3/rt/coco/val2017/000000300659.jpg,A formation of airplanes flying through a  blue sky.,0.0,100.0,1.0885726660490036,0.0
libragrad,/media/crk/vol3/rt/coco/val2017/000000300659.jpg,A formation of airplanes flying through a  blue sky.,1.061970554292202,0.0,0.0,0.0
fusion,/media/crk/vol3/rt/coco/val2017/000000300659.jpg,A formation of airplanes flying through a  blue sky.,0.0,100.0,0.051143206655979156,0.0
m2ib,/media/crk/vol3/rt/coco/val2017/000000228771.jpg,Street signs on a pole painted in the colors of the Italian flag.,0.0,100.0,0.06570443511009216,0.0
lciba,/media/crk/vol3/rt/coco/val2017/000000228771.jpg,Street signs on a pole painted in the colors of the Italian flag.,2.329961210489273,0.0,0.5957577377557755,0.0
libragrad,/media/crk/vol3/rt/coco/val2017/000000228771.jpg,Street signs on a pole painted in the colors of the Italian flag.,0.0,100.0,0.0,0.0
fusion,/media/crk/vol3/rt/coco/val2017/000000228771.jpg,Street signs on a pole painted in the colors of the Italian flag.,0.0,100.0,0.0,0.0
m2ib,/media/crk/vol3/rt/coco/val2017/000000476787.jpg,There is a homemade pizza on a cutting board.,2.6515766978263855,0.0,0.06751455366611481,0.0
lciba,/media/crk/vol3/rt/coco/val2017/000000476787.jpg,There is a homemade pizza on a cutting board.,7.858032733201981,0.0,1.5937265008687973,0.0
libragrad,/media/crk/vol3/rt/coco/val2017/000000476787.jpg,There is a homemade pizza on a cutting board.,3.145495429635048,0.0,1.229582354426384,0.0
fusion,/media/crk/vol3/rt/coco/val2017/000000476787.jpg,There is a homemade pizza on a cutting board.,4.783275350928307,0.0,0.0,0.0
m2ib,/media/crk/vol3/rt/coco/val2017/000000185250.jpg,A woman standing next to a  brown and white dog.,3.327690437436104,0.0,0.00750124454498291,0.0
lciba,/media/crk/vol3/rt/coco/val2017/000000185250.jpg,A woman standing next to a  brown and white dog.,4.362860321998596,0.0,1.701747253537178,0.0
libragrad,/media/crk/vol3/rt/coco/val2017/000000185250.jpg,A woman standing next to a  brown and white dog.,5.044225230813026,0.0,0.0,0.0
fusion,/media/crk/vol3/rt/coco/val2017/000000185250.jpg,A woman standing next to a  brown and white dog.,1.6330145299434662,0.0,0.0,100.0
m2ib,/media/crk/vol3/rt/coco/val2017/000000218362.jpg,A large digital clock mounted to a wall.,0.30203908681869507,0.0,2.287847548723221,0.0
lciba,/media/crk/vol3/rt/coco/val2017/000000218362.jpg,A large digital clock mounted to a wall.,5.454468727111816,0.0,2.5093698874115944,0.0
libragrad,/media/crk/vol3/rt/coco/val2017/000000218362.jpg,A large digital clock mounted to a wall.,0.1833513379096985,0.0,0.0,0.0
fusion,/media/crk/vol3/rt/coco/val2017/000000218362.jpg,A large digital clock mounted to a wall.,0.7649961858987808,0.0,0.0,0.0
m2ib,/media/crk/vol3/rt/coco/val2017/000000265518.jpg,A white and black plate topped with food next to a cup of coffee.,0.3894314169883728,0.0,0.01661628484725952,0.0
lciba,/media/crk/vol3/rt/coco/val2017/000000265518.jpg,A white and black plate topped with food next to a cup of coffee.,6.423179805278778,0.0,0.8178658783435822,0.0
libragrad,/media/crk/vol3/rt/coco/val2017/000000265518.jpg,A white and black plate topped with food next to a cup of coffee.,0.7879823446273804,0.0,0.0,0.0
fusion,/media/crk/vol3/rt/coco/val2017/000000265518.jpg,A white and black plate topped with food next to a cup of coffee.,2.3057883605360985,0.0,0.0,100.0
m2ib,/media/crk/vol3/rt/coco/val2017/000000319721.jpg,A brown horse standing next to a woman in front of a house.,0.0,100.0,0.38836896419525146,0.0
lciba,/media/crk/vol3/rt/coco/val2017/000000319721.jpg,A brown horse standing next to a woman in front of a house.,2.380494773387909,0.0,0.5473397672176361,0.0
libragrad,/media/crk/vol3/rt/coco/val2017/000000319721.jpg,A brown horse standing next to a woman in front of a house.,0.2203952521085739,0.0,0.0,0.0
fusion,/media/crk/vol3/rt/coco/val2017/000000319721.jpg,A brown horse standing next to a woman in front of a house.,2.383272908627987,0.0,0.32812319695949554,0.0
m2ib,/media/crk/vol3/rt/coco/val2017/000000562229.jpg,a child riding a skate board on a city street ,1.1069202795624733,0.0,0.6013709120452404,0.0
lciba,/media/crk/vol3/rt/coco/val2017/000000562229.jpg,a child riding a skate board on a city street ,0.1294199377298355,0.0,0.6892264820635319,0.0
libragrad,/media/crk/vol3/rt/coco/val2017/000000562229.jpg,a child riding a skate board on a city street ,1.735059730708599,0.0,0.0,0.0
fusion,/media/crk/vol3/rt/coco/val2017/000000562229.jpg,a child riding a skate board on a city street ,0.0,100.0,0.5717186257243156,0.0
m2ib,/media/crk/vol3/rt/coco/val2017/000000365521.jpg,A skateboarder performing a trick on a skateboard.,0.0,100.0,1.6659952700138092,0.0
lciba,/media/crk/vol3/rt/coco/val2017/000000365521.jpg,A skateboarder performing a trick on a skateboard.,0.2716919407248497,0.0,1.8206790089607239,0.0
libragrad,/media/crk/vol3/rt/coco/val2017/000000365521.jpg,A skateboarder performing a trick on a skateboard.,0.0,100.0,0.0,0.0
fusion,/media/crk/vol3/rt/coco/val2017/000000365521.jpg,A skateboarder performing a trick on a skateboard.,0.5526920780539513,0.0,0.0,0.0
m2ib,/media/crk/vol3/rt/coco/val2017/000000406417.jpg,three little kids that have different ties on,0.0,100.0,0.0,100.0
lciba,/media/crk/vol3/rt/coco/val2017/000000406417.jpg,three little kids that have different ties on,1.9411679357290268,0.0,0.0,100.0
libragrad,/media/crk/vol3/rt/coco/val2017/000000406417.jpg,three little kids that have different ties on,0.47547630965709686,0.0,0.0,0.0
fusion,/media/crk/vol3/rt/coco/val2017/000000406417.jpg,three little kids that have different ties on,0.525512732565403,0.0,0.0,100.0
m2ib,/media/crk/vol3/rt/coco/val2017/000000549220.jpg,A dog on a leash trying to ride a skateboard.,0.0,100.0,0.22491849958896637,0.0
lciba,/media/crk/vol3/rt/coco/val2017/000000549220.jpg,A dog on a leash trying to ride a skateboard.,0.0,100.0,1.765429973602295,0.0
libragrad,/media/crk/vol3/rt/coco/val2017/000000549220.jpg,A dog on a leash trying to ride a skateboard.,0.0,100.0,0.0,0.0
fusion,/media/crk/vol3/rt/coco/val2017/000000549220.jpg,A dog on a leash trying to ride a skateboard.,0.0,100.0,0.02392418682575226,0.0
m2ib,/media/crk/vol3/rt/coco/val2017/000000036861.jpg,A parking meter on the side of the street with a ring for attaching bicycles.,0.0,100.0,2.9380742460489273,0.0
lciba,/media/crk/vol3/rt/coco/val2017/000000036861.jpg,A parking meter on the side of the street with a ring for attaching bicycles.,2.956993505358696,0.0,3.574058413505554,0.0
libragrad,/media/crk/vol3/rt/coco/val2017/000000036861.jpg,A parking meter on the side of the street with a ring for attaching bicycles.,1.5934702008962631,0.0,0.0,0.0
fusion,/media/crk/vol3/rt/coco/val2017/000000036861.jpg,A parking meter on the side of the street with a ring for attaching bicycles.,1.6403673216700554,0.0,0.0,100.0
m2ib,/media/crk/vol3/rt/coco/val2017/000000084270.jpg,A crowded airport filled with people carrying luggage.,0.0,100.0,0.8702684193849564,0.0
lciba,/media/crk/vol3/rt/coco/val2017/000000084270.jpg,A crowded airport filled with people carrying luggage.,0.0,100.0,0.8215788751840591,0.0
libragrad,/media/crk/vol3/rt/coco/val2017/000000084270.jpg,A crowded airport filled with people carrying luggage.,0.0,100.0,0.0,0.0
fusion,/media/crk/vol3/rt/coco/val2017/000000084270.jpg,A crowded airport filled with people carrying luggage.,0.0,100.0,0.0,0.0
m2ib,/media/crk/vol3/rt/coco/val2017/000000394275.jpg,A blue bus driving down a street past a park.,0.27763694524765015,0.0,1.5942346304655075,0.0
lciba,/media/crk/vol3/rt/coco/val2017/000000394275.jpg,A blue bus driving down a street past a park.,0.0,100.0,1.6793444752693176,0.0
libragrad,/media/crk/vol3/rt/coco/val2017/000000394275.jpg,A blue bus driving down a street past a park.,1.580655574798584,0.0,0.0,0.0
fusion,/media/crk/vol3/rt/coco/val2017/000000394275.jpg,A blue bus driving down a street past a park.,0.5363296717405319,0.0,0.18489882349967957,0.0
m2ib,/media/crk/vol3/rt/coco/val2017/000000500270.jpg,A woman in black shirt riding a skateboard.,0.3535033203661442,0.0,1.8920846283435822,0.0
lciba,/media/crk/vol3/rt/coco/val2017/000000500270.jpg,A woman in black shirt riding a skateboard.,2.5845978409051895,0.0,1.9282035529613495,0.0
libragrad,/media/crk/vol3/rt/coco/val2017/000000500270.jpg,A woman in black shirt riding a skateboard.,1.1813572607934475,0.0,0.0,0.0
fusion,/media/crk/vol3/rt/coco/val2017/000000500270.jpg,A woman in black shirt riding a skateboard.,0.8952567353844643,0.0,0.03790948539972305,0.0
m2ib,/media/crk/vol3/rt/coco/val2017/000000056288.jpg,A tall sandwich with pickle on a white plate.,0.0,100.0,0.007884949445724487,0.0
lciba,/media/crk/vol3/rt/coco/val2017/000000056288.jpg,A tall sandwich with pickle on a white plate.,9.380750358104706,0.0,1.1533517390489578,0.0
libragrad,/media/crk/vol3/rt/coco/val2017/000000056288.jpg,A tall sandwich with pickle on a white plate.,0.46217143535614014,0.0,0.0,0.0
fusion,/media/crk/vol3/rt/coco/val2017/000000056288.jpg,A tall sandwich with pickle on a white plate.,4.493630304932594,0.0,0.0,0.0
m2ib,/media/crk/vol3/rt/coco/val2017/000000046463.jpg,A hand holding a sandwich above a plate.,1.6823893412947655,0.0,0.0285932794213295,0.0
lciba,/media/crk/vol3/rt/coco/val2017/000000046463.jpg,A hand holding a sandwich above a plate.,4.873473942279816,0.0,0.4452744498848915,0.0
libragrad,/media/crk/vol3/rt/coco/val2017/000000046463.jpg,A hand holding a sandwich above a plate.,2.002333849668503,0.0,0.0,0.0
fusion,/media/crk/vol3/rt/coco/val2017/000000046463.jpg,A hand holding a sandwich above a plate.,4.662999510765076,0.0,0.0034851953387260437,0.0
m2ib,/media/crk/vol3/rt/coco/val2017/000000571857.jpg,"In the desert, two people are sitting next to a small propeller plane next to a tent with other planes in the background.",4.225282743573189,0.0,0.1893383450806141,0.0
lciba,/media/crk/vol3/rt/coco/val2017/000000571857.jpg,"In the desert, two people are sitting next to a small propeller plane next to a tent with other planes in the background.",3.720821440219879,0.0,0.5646012723445892,0.0
libragrad,/media/crk/vol3/rt/coco/val2017/000000571857.jpg,"In the desert, two people are sitting next to a small propeller plane next to a tent with other planes in the background.",4.335421323776245,0.0,0.0,100.0
fusion,/media/crk/vol3/rt/coco/val2017/000000571857.jpg,"In the desert, two people are sitting next to a small propeller plane next to a tent with other planes in the background.",4.593087732791901,0.0,0.009580282494425774,0.0
m2ib,/media/crk/vol3/rt/coco/val2017/000000515266.jpg,A white truck parked next to a white trailer.,5.608147382736206,0.0,0.11662840843200684,0.0
lciba,/media/crk/vol3/rt/coco/val2017/000000515266.jpg,A white truck parked next to a white trailer.,6.324169039726257,0.0,4.18052077293396,0.0
libragrad,/media/crk/vol3/rt/coco/val2017/000000515266.jpg,A white truck parked next to a white trailer.,4.515163600444794,0.0,0.0,0.0
fusion,/media/crk/vol3/rt/coco/val2017/000000515266.jpg,A white truck parked next to a white trailer.,5.541113018989563,0.0,0.0,100.0
m2ib,/media/crk/vol3/rt/coco/val2017/000000393282.jpg,Two giraffes standing around in the middle of a field.,3.3423401415348053,0.0,0.003458932042121887,0.0
lciba,/media/crk/vol3/rt/coco/val2017/000000393282.jpg,Two giraffes standing around in the middle of a field.,3.4187380224466324,0.0,0.30218400061130524,0.0
libragrad,/media/crk/vol3/rt/coco/val2017/000000393282.jpg,Two giraffes standing around in the middle of a field.,4.102125018835068,0.0,0.0,0.0
fusion,/media/crk/vol3/rt/coco/val2017/000000393282.jpg,Two giraffes standing around in the middle of a field.,2.2957436740398407,0.0,0.049602799117565155,0.0
m2ib,/media/crk/vol3/rt/coco/val2017/000000091779.jpg,A display of various hot dogs in serving platters.,0.0,100.0,0.04706289619207382,0.0
lciba,/media/crk/vol3/rt/coco/val2017/000000091779.jpg,A display of various hot dogs in serving platters.,5.469445139169693,0.0,0.8442889899015427,0.0
libragrad,/media/crk/vol3/rt/coco/val2017/000000091779.jpg,A display of various hot dogs in serving platters.,0.0,100.0,0.0,0.0
fusion,/media/crk/vol3/rt/coco/val2017/000000091779.jpg,A display of various hot dogs in serving platters.,3.11865396797657,0.0,0.0,0.0
m2ib,/media/crk/vol3/rt/coco/val2017/000000461036.jpg,Animal in shadows of woods surrounded by foliage. ,2.9786624014377594,0.0,0.0,100.0
lciba,/media/crk/vol3/rt/coco/val2017/000000461036.jpg,Animal in shadows of woods surrounded by foliage. ,4.7975316643714905,0.0,0.6302766501903534,0.0
libragrad,/media/crk/vol3/rt/coco/val2017/000000461036.jpg,Animal in shadows of woods surrounded by foliage. ,2.491186186671257,0.0,0.0,0.0
fusion,/media/crk/vol3/rt/coco/val2017/000000461036.jpg,Animal in shadows of woods surrounded by foliage. ,4.744265601038933,0.0,0.0,0.0
m2ib,/media/crk/vol3/rt/coco/val2017/000000224093.jpg,A field with a bunch of cows grazing.,0.7962718605995178,0.0,0.0,100.0
lciba,/media/crk/vol3/rt/coco/val2017/000000224093.jpg,A field with a bunch of cows grazing.,4.148359596729279,0.0,2.0073845982551575,0.0
libragrad,/media/crk/vol3/rt/coco/val2017/000000224093.jpg,A field with a bunch of cows grazing.,0.6051775068044662,0.0,0.0,0.0
fusion,/media/crk/vol3/rt/coco/val2017/000000224093.jpg,A field with a bunch of cows grazing.,0.8148418739438057,0.0,0.0,0.0
m2ib,/media/crk/vol3/rt/coco/val2017/000000047571.jpg,Some people sit in a carriage pulled by a horse. ,1.7945660278201103,0.0,0.9351644665002823,0.0
lciba,/media/crk/vol3/rt/coco/val2017/000000047571.jpg,Some people sit in a carriage pulled by a horse. ,3.373362496495247,0.0,1.2223199009895325,0.0
libragrad,/media/crk/vol3/rt/coco/val2017/000000047571.jpg,Some people sit in a carriage pulled by a horse. ,1.9809206947684288,0.0,0.0,0.0
fusion,/media/crk/vol3/rt/coco/val2017/000000047571.jpg,Some people sit in a carriage pulled by a horse. ,2.7997713536024094,0.0,0.811709463596344,0.0
m2ib,/media/crk/vol3/rt/coco/val2017/000000314264.jpg,a man making a flower display in a vase on a wall,0.0,100.0,0.7967552170157433,0.0
lciba,/media/crk/vol3/rt/coco/val2017/000000314264.jpg,a man making a flower display in a vase on a wall,0.07267221808433533,0.0,0.826607272028923,0.0
libragrad,/media/crk/vol3/rt/coco/val2017/000000314264.jpg,a man making a flower display in a vase on a wall,0.0,100.0,0.0,0.0
fusion,/media/crk/vol3/rt/coco/val2017/000000314264.jpg,a man making a flower display in a vase on a wall,0.0,100.0,0.0,100.0
m2ib,/media/crk/vol3/rt/coco/val2017/000000240250.jpg,A woman sitting down at a table with pizza.,0.0,100.0,0.00896751880645752,0.0
lciba,/media/crk/vol3/rt/coco/val2017/000000240250.jpg,A woman sitting down at a table with pizza.,4.921475797891617,0.0,0.33888518810272217,0.0
libragrad,/media/crk/vol3/rt/coco/val2017/000000240250.jpg,A woman sitting down at a table with pizza.,0.0,100.0,0.0,0.0
fusion,/media/crk/vol3/rt/coco/val2017/000000240250.jpg,A woman sitting down at a table with pizza.,0.0,100.0,0.0,0.0
m2ib,/media/crk/vol3/rt/coco/val2017/000000060507.jpg,A batter at a game playing in a baseball game.,1.6186626628041267,0.0,0.004769116640090942,0.0
lciba,/media/crk/vol3/rt/coco/val2017/000000060507.jpg,A batter at a game playing in a baseball game.,5.151904374361038,0.0,0.10294392704963684,0.0
libragrad,/media/crk/vol3/rt/coco/val2017/000000060507.jpg,A batter at a game playing in a baseball game.,1.5171680599451065,0.0,0.0,0.0
fusion,/media/crk/vol3/rt/coco/val2017/000000060507.jpg,A batter at a game playing in a baseball game.,3.13459113240242,0.0,0.0,0.0
m2ib,/media/crk/vol3/rt/coco/val2017/000000255965.jpg,A cat pausing as it's picture is taken.,0.0,100.0,0.10212026536464691,0.0
lciba,/media/crk/vol3/rt/coco/val2017/000000255965.jpg,A cat pausing as it's picture is taken.,0.0,100.0,0.5020370706915855,0.0
libragrad,/media/crk/vol3/rt/coco/val2017/000000255965.jpg,A cat pausing as it's picture is taken.,0.0,100.0,0.0,0.0
fusion,/media/crk/vol3/rt/coco/val2017/000000255965.jpg,A cat pausing as it's picture is taken.,0.0,100.0,0.10436177253723145,0.0
m2ib,/media/crk/vol3/rt/coco/val2017/000000522713.jpg, a bench sitting in the grass facing the water and boats ,3.2275639474391937,0.0,0.569341704249382,0.0
lciba,/media/crk/vol3/rt/coco/val2017/000000522713.jpg, a bench sitting in the grass facing the water and boats ,6.157063320279121,0.0,0.3485269844532013,0.0
libragrad,/media/crk/vol3/rt/coco/val2017/000000522713.jpg, a bench sitting in the grass facing the water and boats ,4.184617847204208,0.0,0.0,0.0
fusion,/media/crk/vol3/rt/coco/val2017/000000522713.jpg, a bench sitting in the grass facing the water and boats ,4.925914853811264,0.0,0.046040862798690796,0.0
m2ib,/media/crk/vol3/rt/coco/val2017/000000246968.jpg,A young woman standing in the kitchen pours from a large measuring cup.,0.8421666920185089,0.0,0.05532503128051758,0.0
lciba,/media/crk/vol3/rt/coco/val2017/000000246968.jpg,A young woman standing in the kitchen pours from a large measuring cup.,6.455325335264206,0.0,2.081490680575371,0.0
libragrad,/media/crk/vol3/rt/coco/val2017/000000246968.jpg,A young woman standing in the kitchen pours from a large measuring cup.,1.8547024577856064,0.0,0.0,0.0
fusion,/media/crk/vol3/rt/coco/val2017/000000246968.jpg,A young woman standing in the kitchen pours from a large measuring cup.,3.0122628435492516,0.0,0.0,0.0
m2ib,/media/crk/vol3/rt/coco/val2017/000000236599.jpg,People hold flying kites in the air by the water,0.0,100.0,0.0,100.0
lciba,/media/crk/vol3/rt/coco/val2017/000000236599.jpg,People hold flying kites in the air by the water,4.536814987659454,0.0,0.6675548851490021,0.0
libragrad,/media/crk/vol3/rt/coco/val2017/000000236599.jpg,People hold flying kites in the air by the water,0.14322921633720398,0.0,0.0,0.0
fusion,/media/crk/vol3/rt/coco/val2017/000000236599.jpg,People hold flying kites in the air by the water,3.9941497147083282,0.0,0.0,0.0
m2ib,/media/crk/vol3/rt/coco/val2017/000000016451.jpg,A bunch of surfboards that are in the sand.,0.9975282475352287,0.0,1.1112877167761326,0.0
lciba,/media/crk/vol3/rt/coco/val2017/000000016451.jpg,A bunch of surfboards that are in the sand.,4.126057028770447,0.0,1.1481843888759613,0.0
libragrad,/media/crk/vol3/rt/coco/val2017/000000016451.jpg,A bunch of surfboards that are in the sand.,2.1320095285773277,0.0,0.0,0.0
fusion,/media/crk/vol3/rt/coco/val2017/000000016451.jpg,A bunch of surfboards that are in the sand.,2.914182096719742,0.0,0.9551938623189926,0.0
m2ib,/media/crk/vol3/rt/coco/val2017/000000110884.jpg,A white sink sitting next to a toilet.,0.0,100.0,0.016023218631744385,0.0
lciba,/media/crk/vol3/rt/coco/val2017/000000110884.jpg,A white sink sitting next to a toilet.,0.0,100.0,0.9195517748594284,0.0
libragrad,/media/crk/vol3/rt/coco/val2017/000000110884.jpg,A white sink sitting next to a toilet.,0.0,100.0,0.0,0.0
fusion,/media/crk/vol3/rt/coco/val2017/000000110884.jpg,A white sink sitting next to a toilet.,0.0,100.0,0.028193742036819458,0.0
m2ib,/media/crk/vol3/rt/coco/val2017/000000190637.jpg,a small child laying in bed playing nintendo wii,1.6186751425266266,0.0,0.0,100.0
lciba,/media/crk/vol3/rt/coco/val2017/000000190637.jpg,a small child laying in bed playing nintendo wii,1.6618508845567703,0.0,1.5066593885421753,0.0
libragrad,/media/crk/vol3/rt/coco/val2017/000000190637.jpg,a small child laying in bed playing nintendo wii,2.258085086941719,0.0,0.0,0.0
fusion,/media/crk/vol3/rt/coco/val2017/000000190637.jpg,a small child laying in bed playing nintendo wii,1.068710908293724,0.0,0.0,0.0
m2ib,/media/crk/vol3/rt/coco/val2017/000000150638.jpg,A table holding a variety of beverages at an outdoor party.,1.095970906317234,0.0,0.021675601601600647,0.0
lciba,/media/crk/vol3/rt/coco/val2017/000000150638.jpg,A table holding a variety of beverages at an outdoor party.,4.295638203620911,0.0,2.5375138968229294,0.0
libragrad,/media/crk/vol3/rt/coco/val2017/000000150638.jpg,A table holding a variety of beverages at an outdoor party.,0.2925444394350052,0.0,0.0,0.0
fusion,/media/crk/vol3/rt/coco/val2017/000000150638.jpg,A table holding a variety of beverages at an outdoor party.,1.722072996199131,0.0,0.0,0.0
m2ib,/media/crk/vol3/rt/coco/val2017/000000162581.jpg,A man wearing a white tshirt hits a tennis ball.,0.0,100.0,0.0,100.0
lciba,/media/crk/vol3/rt/coco/val2017/000000162581.jpg,A man wearing a white tshirt hits a tennis ball.,1.9345629960298538,0.0,0.0,100.0
libragrad,/media/crk/vol3/rt/coco/val2017/000000162581.jpg,A man wearing a white tshirt hits a tennis ball.,0.0,100.0,0.0,0.0
fusion,/media/crk/vol3/rt/coco/val2017/000000162581.jpg,A man wearing a white tshirt hits a tennis ball.,0.0,100.0,0.0,0.0
m2ib,/media/crk/vol3/rt/coco/val2017/000000286523.jpg,A man talking on his cell phone with his other hand in his ear.,1.2615803629159927,0.0,0.08483873680233955,0.0
lciba,/media/crk/vol3/rt/coco/val2017/000000286523.jpg,A man talking on his cell phone with his other hand in his ear.,2.447570487856865,0.0,1.913468912243843,0.0
libragrad,/media/crk/vol3/rt/coco/val2017/000000286523.jpg,A man talking on his cell phone with his other hand in his ear.,1.350079756230116,0.0,0.0,0.0
fusion,/media/crk/vol3/rt/coco/val2017/000000286523.jpg,A man talking on his cell phone with his other hand in his ear.,0.9250777773559093,0.0,1.1266847141087055,0.0
m2ib,/media/crk/vol3/rt/coco/val2017/000000425390.jpg,A large Siamese cat sitting on top of a laptop computer.,0.0,100.0,0.019750557839870453,0.0
lciba,/media/crk/vol3/rt/coco/val2017/000000425390.jpg,A large Siamese cat sitting on top of a laptop computer.,3.4622177481651306,0.0,0.0,100.0
libragrad,/media/crk/vol3/rt/coco/val2017/000000425390.jpg,A large Siamese cat sitting on top of a laptop computer.,0.0,100.0,0.0,0.0
fusion,/media/crk/vol3/rt/coco/val2017/000000425390.jpg,A large Siamese cat sitting on top of a laptop computer.,1.0915756225585938,0.0,0.0,0.0
m2ib,/media/crk/vol3/rt/coco/val2017/000000115118.jpg,a train of many colors is coming down the track,2.056085132062435,0.0,0.2669651061296463,0.0
lciba,/media/crk/vol3/rt/coco/val2017/000000115118.jpg,a train of many colors is coming down the track,2.811461314558983,0.0,1.0769601911306381,0.0
libragrad,/media/crk/vol3/rt/coco/val2017/000000115118.jpg,a train of many colors is coming down the track,2.3730596527457237,0.0,0.0,0.0
fusion,/media/crk/vol3/rt/coco/val2017/000000115118.jpg,a train of many colors is coming down the track,4.67170886695385,0.0,0.0,100.0
m2ib,/media/crk/vol3/rt/coco/val2017/000000069356.jpg,A woman standing in front of a fruit stand.,0.27352049946784973,0.0,0.04928708076477051,0.0
lciba,/media/crk/vol3/rt/coco/val2017/000000069356.jpg,A woman standing in front of a fruit stand.,3.85877825319767,0.0,1.9878711551427841,0.0
libragrad,/media/crk/vol3/rt/coco/val2017/000000069356.jpg,A woman standing in front of a fruit stand.,1.1233968660235405,0.0,0.0,0.0
fusion,/media/crk/vol3/rt/coco/val2017/000000069356.jpg,A woman standing in front of a fruit stand.,1.8205644562840462,0.0,0.0,0.0
m2ib,/media/crk/vol3/rt/coco/val2017/000000461573.jpg,A metal park bench sitting next to a small road.,0.4392540082335472,0.0,1.4157483354210854,0.0
lciba,/media/crk/vol3/rt/coco/val2017/000000461573.jpg,A metal park bench sitting next to a small road.,0.0,100.0,1.360008865594864,0.0
libragrad,/media/crk/vol3/rt/coco/val2017/000000461573.jpg,A metal park bench sitting next to a small road.,0.8602607995271683,0.0,0.0,0.0
fusion,/media/crk/vol3/rt/coco/val2017/000000461573.jpg,A metal park bench sitting next to a small road.,0.8734378963708878,0.0,0.0,0.0
m2ib,/media/crk/vol3/rt/coco/val2017/000000080949.jpg,A KITTEN NAPPING ON THE KEYBOARD OF A LAPTOP.,0.0,100.0,0.0,0.0
lciba,/media/crk/vol3/rt/coco/val2017/000000080949.jpg,A KITTEN NAPPING ON THE KEYBOARD OF A LAPTOP.,1.4931580051779747,0.0,0.4772644490003586,0.0
libragrad,/media/crk/vol3/rt/coco/val2017/000000080949.jpg,A KITTEN NAPPING ON THE KEYBOARD OF A LAPTOP.,0.0,100.0,0.0,0.0
fusion,/media/crk/vol3/rt/coco/val2017/000000080949.jpg,A KITTEN NAPPING ON THE KEYBOARD OF A LAPTOP.,0.6461617536842823,0.0,0.0,0.0
m2ib,/media/crk/vol3/rt/coco/val2017/000000424521.jpg,A shirtless man doing skateboarding tricks near a stream,0.09999657049775124,0.0,0.098478514701128,0.0
lciba,/media/crk/vol3/rt/coco/val2017/000000424521.jpg,A shirtless man doing skateboarding tricks near a stream,1.0604849085211754,0.0,0.8019017055630684,0.0
libragrad,/media/crk/vol3/rt/coco/val2017/000000424521.jpg,A shirtless man doing skateboarding tricks near a stream,0.3624195698648691,0.0,0.0,0.0
fusion,/media/crk/vol3/rt/coco/val2017/000000424521.jpg,A shirtless man doing skateboarding tricks near a stream,0.0,100.0,0.02718232572078705,0.0
m2ib,/media/crk/vol3/rt/coco/val2017/000000175387.jpg,Bathroom stall with green door in commercial business.,1.6845360398292542,0.0,1.3829682022333145,0.0
lciba,/media/crk/vol3/rt/coco/val2017/000000175387.jpg,Bathroom stall with green door in commercial business.,5.089776962995529,0.0,1.4278391376137733,0.0
libragrad,/media/crk/vol3/rt/coco/val2017/000000175387.jpg,Bathroom stall with green door in commercial business.,3.7614651024341583,0.0,0.0,0.0
fusion,/media/crk/vol3/rt/coco/val2017/000000175387.jpg,Bathroom stall with green door in commercial business.,3.0964838340878487,0.0,0.07454045116901398,0.0
m2ib,/media/crk/vol3/rt/coco/val2017/000000122046.jpg,A woman is sitting in a chair with an umbrella.,0.5777537822723389,0.0,1.583809033036232,0.0
lciba,/media/crk/vol3/rt/coco/val2017/000000122046.jpg,A woman is sitting in a chair with an umbrella.,0.5385846830904484,0.0,1.6911689192056656,0.0
libragrad,/media/crk/vol3/rt/coco/val2017/000000122046.jpg,A woman is sitting in a chair with an umbrella.,0.8723719976842403,0.0,0.0,0.0
fusion,/media/crk/vol3/rt/coco/val2017/000000122046.jpg,A woman is sitting in a chair with an umbrella.,0.2434118650853634,0.0,1.5993725508451462,0.0
m2ib,/media/crk/vol3/rt/coco/val2017/000000276434.jpg,Bride and grooms arms cutting the wedding cake with fruit on top.,1.4125008136034012,0.0,0.0,100.0
lciba,/media/crk/vol3/rt/coco/val2017/000000276434.jpg,Bride and grooms arms cutting the wedding cake with fruit on top.,4.409184679389,0.0,1.344509795308113,0.0
libragrad,/media/crk/vol3/rt/coco/val2017/000000276434.jpg,Bride and grooms arms cutting the wedding cake with fruit on top.,2.1458081901073456,0.0,0.0,0.0
fusion,/media/crk/vol3/rt/coco/val2017/000000276434.jpg,Bride and grooms arms cutting the wedding cake with fruit on top.,2.42178775370121,0.0,0.0,0.0
m2ib,/media/crk/vol3/rt/coco/val2017/000000213830.jpg,two tennis players in blue shirts playing tennis,1.933685690164566,0.0,0.0,0.0
lciba,/media/crk/vol3/rt/coco/val2017/000000213830.jpg,two tennis players in blue shirts playing tennis,3.3729784190654755,0.0,0.0,100.0
libragrad,/media/crk/vol3/rt/coco/val2017/000000213830.jpg,two tennis players in blue shirts playing tennis,4.8743125051259995,0.0,0.0,0.0
fusion,/media/crk/vol3/rt/coco/val2017/000000213830.jpg,two tennis players in blue shirts playing tennis,0.37540365010499954,0.0,0.0,0.0
m2ib,/media/crk/vol3/rt/coco/val2017/000000521231.jpg,A polar bear standing by rocks in a grassy habitat.,0.5036026239395142,0.0,0.0,0.0
lciba,/media/crk/vol3/rt/coco/val2017/000000521231.jpg,A polar bear standing by rocks in a grassy habitat.,4.962649196386337,0.0,0.7461844012141228,0.0
libragrad,/media/crk/vol3/rt/coco/val2017/000000521231.jpg,A polar bear standing by rocks in a grassy habitat.,1.0571714490652084,0.0,0.0,0.0
fusion,/media/crk/vol3/rt/coco/val2017/000000521231.jpg,A polar bear standing by rocks in a grassy habitat.,0.4895821213722229,0.0,0.0,0.0
m2ib,/media/crk/vol3/rt/coco/val2017/000000262440.jpg,"A bathroom with a toilet, sink, bath tub, and a small cabinet.",0.19713826477527618,0.0,1.7950501292943954,0.0
lciba,/media/crk/vol3/rt/coco/val2017/000000262440.jpg,"A bathroom with a toilet, sink, bath tub, and a small cabinet.",2.260349318385124,0.0,1.7823610454797745,0.0
libragrad,/media/crk/vol3/rt/coco/val2017/000000262440.jpg,"A bathroom with a toilet, sink, bath tub, and a small cabinet.",0.9865120053291321,0.0,0.0,0.0
fusion,/media/crk/vol3/rt/coco/val2017/000000262440.jpg,"A bathroom with a toilet, sink, bath tub, and a small cabinet.",1.313247438520193,0.0,1.6829447820782661,0.0
m2ib,/media/crk/vol3/rt/coco/val2017/000000505451.jpg,A person riding the waves on a surf board.,0.0,100.0,0.1702040433883667,0.0
lciba,/media/crk/vol3/rt/coco/val2017/000000505451.jpg,A person riding the waves on a surf board.,3.105347603559494,0.0,0.18345043063163757,0.0
libragrad,/media/crk/vol3/rt/coco/val2017/000000505451.jpg,A person riding the waves on a surf board.,0.0,100.0,0.0,0.0
fusion,/media/crk/vol3/rt/coco/val2017/000000505451.jpg,A person riding the waves on a surf board.,2.979499101638794,0.0,0.0,100.0
m2ib,/media/crk/vol3/rt/coco/val2017/000000033759.jpg,A boy swinging a baseball bat at a game.,1.6994787380099297,0.0,0.9408656507730484,0.0
lciba,/media/crk/vol3/rt/coco/val2017/000000033759.jpg,A boy swinging a baseball bat at a game.,4.398484528064728,0.0,1.4510730281472206,0.0
libragrad,/media/crk/vol3/rt/coco/val2017/000000033759.jpg,A boy swinging a baseball bat at a game.,0.7592197507619858,0.0,0.0,0.0
fusion,/media/crk/vol3/rt/coco/val2017/000000033759.jpg,A boy swinging a baseball bat at a game.,0.707642175257206,0.0,0.0,100.0
m2ib,/media/crk/vol3/rt/coco/val2017/000000369442.jpg,A group of people standing around a herd of animals in a city.,1.0445321910083294,0.0,1.9450075924396515,0.0
lciba,/media/crk/vol3/rt/coco/val2017/000000369442.jpg,A group of people standing around a herd of animals in a city.,1.3886401429772377,0.0,2.0055804401636124,0.0
libragrad,/media/crk/vol3/rt/coco/val2017/000000369442.jpg,A group of people standing around a herd of animals in a city.,1.2319665402173996,0.0,0.0,0.0
fusion,/media/crk/vol3/rt/coco/val2017/000000369442.jpg,A group of people standing around a herd of animals in a city.,0.44306647032499313,0.0,1.943160593509674,0.0
m2ib,/media/crk/vol3/rt/coco/val2017/000000475064.jpg,The front of a restaurant with someone holding up food ,0.0,100.0,0.0018190592527389526,0.0
lciba,/media/crk/vol3/rt/coco/val2017/000000475064.jpg,The front of a restaurant with someone holding up food ,4.491301253437996,0.0,1.8431123346090317,0.0
libragrad,/media/crk/vol3/rt/coco/val2017/000000475064.jpg,The front of a restaurant with someone holding up food ,0.0,100.0,0.0,0.0
fusion,/media/crk/vol3/rt/coco/val2017/000000475064.jpg,The front of a restaurant with someone holding up food ,0.0,100.0,0.0018190592527389526,0.0
m2ib,/media/crk/vol3/rt/coco/val2017/000000125211.jpg,A zebra standing on top of a grass covered field.,0.0,100.0,0.04745572805404663,0.0
lciba,/media/crk/vol3/rt/coco/val2017/000000125211.jpg,A zebra standing on top of a grass covered field.,2.258649468421936,0.0,1.630755141377449,0.0
libragrad,/media/crk/vol3/rt/coco/val2017/000000125211.jpg,A zebra standing on top of a grass covered field.,0.0,100.0,0.0,0.0
fusion,/media/crk/vol3/rt/coco/val2017/000000125211.jpg,A zebra standing on top of a grass covered field.,1.1674318462610245,0.0,0.0,0.0
m2ib,/media/crk/vol3/rt/coco/val2017/000000577149.jpg,there are many zebras walking on the side of this road,0.9276142343878746,0.0,1.554097980260849,0.0
lciba,/media/crk/vol3/rt/coco/val2017/000000577149.jpg,there are many zebras walking on the side of this road,2.368615008890629,0.0,1.6741465777158737,0.0
libragrad,/media/crk/vol3/rt/coco/val2017/000000577149.jpg,there are many zebras walking on the side of this road,0.9674446657299995,0.0,0.0,0.0
fusion,/media/crk/vol3/rt/coco/val2017/000000577149.jpg,there are many zebras walking on the side of this road,1.3012178242206573,0.0,0.0071281567215919495,0.0
m2ib,/media/crk/vol3/rt/coco/val2017/000000184384.jpg,A bluebery cake is on a plate and is topped with butter.,0.7042761892080307,0.0,1.2376192957162857,0.0
lciba,/media/crk/vol3/rt/coco/val2017/000000184384.jpg,A bluebery cake is on a plate and is topped with butter.,7.546363025903702,0.0,1.4116805046796799,0.0
libragrad,/media/crk/vol3/rt/coco/val2017/000000184384.jpg,A bluebery cake is on a plate and is topped with butter.,1.2812010943889618,0.0,0.0,0.0
fusion,/media/crk/vol3/rt/coco/val2017/000000184384.jpg,A bluebery cake is on a plate and is topped with butter.,4.07017283141613,0.0,1.2486457824707031,0.0
m2ib,/media/crk/vol3/rt/coco/val2017/000000024021.jpg,A class picture of the Goodmayes Boys' School in April of 1929.,2.5831300765275955,0.0,0.04240572452545166,0.0
lciba,/media/crk/vol3/rt/coco/val2017/000000024021.jpg,A class picture of the Goodmayes Boys' School in April of 1929.,2.85082645714283,0.0,1.3698320835828781,0.0
libragrad,/media/crk/vol3/rt/coco/val2017/000000024021.jpg,A class picture of the Goodmayes Boys' School in April of 1929.,2.110482007265091,0.0,0.0,0.0
fusion,/media/crk/vol3/rt/coco/val2017/000000024021.jpg,A class picture of the Goodmayes Boys' School in April of 1929.,1.259877160191536,0.0,0.0,0.0
m2ib,/media/crk/vol3/rt/coco/val2017/000000013004.jpg,a banana is laying on a small plate,4.57596518099308,0.0,0.01896210014820099,0.0
lciba,/media/crk/vol3/rt/coco/val2017/000000013004.jpg,a banana is laying on a small plate,4.9855828285217285,0.0,1.242688111960888,0.0
libragrad,/media/crk/vol3/rt/coco/val2017/000000013004.jpg,a banana is laying on a small plate,5.659434571862221,0.0,0.0,0.0
fusion,/media/crk/vol3/rt/coco/val2017/000000013004.jpg,a banana is laying on a small plate,5.021899193525314,0.0,0.0,100.0
m2ib,/media/crk/vol3/rt/coco/val2017/000000131556.jpg,a man skiing along a rail on the snowy hill ,4.212561994791031,0.0,0.1198742538690567,0.0
lciba,/media/crk/vol3/rt/coco/val2017/000000131556.jpg,a man skiing along a rail on the snowy hill ,7.964837551116943,0.0,0.1827925443649292,0.0
libragrad,/media/crk/vol3/rt/coco/val2017/000000131556.jpg,a man skiing along a rail on the snowy hill ,3.2078418880701065,0.0,0.0,0.0
fusion,/media/crk/vol3/rt/coco/val2017/000000131556.jpg,a man skiing along a rail on the snowy hill ,5.0263553857803345,0.0,0.0,100.0
m2ib,/media/crk/vol3/rt/coco/val2017/000000105014.jpg,a salad that looks like a boat is next to a fork,1.5138626098632812,0.0,0.145069882273674,0.0
lciba,/media/crk/vol3/rt/coco/val2017/000000105014.jpg,a salad that looks like a boat is next to a fork,5.581708997488022,0.0,0.4913993179798126,0.0
libragrad,/media/crk/vol3/rt/coco/val2017/000000105014.jpg,a salad that looks like a boat is next to a fork,1.095385104417801,0.0,0.0,100.0
fusion,/media/crk/vol3/rt/coco/val2017/000000105014.jpg,a salad that looks like a boat is next to a fork,1.6781527549028397,0.0,0.0,100.0
m2ib,/media/crk/vol3/rt/coco/val2017/000000370677.jpg,Three workers stand next to each other with their baked goods behind them.,5.617702752351761,0.0,1.1367164552211761,0.0
lciba,/media/crk/vol3/rt/coco/val2017/000000370677.jpg,Three workers stand next to each other with their baked goods behind them.,10.634037852287292,0.0,1.8861718475818634,0.0
libragrad,/media/crk/vol3/rt/coco/val2017/000000370677.jpg,Three workers stand next to each other with their baked goods behind them.,7.288585603237152,0.0,0.0,0.0
fusion,/media/crk/vol3/rt/coco/val2017/000000370677.jpg,Three workers stand next to each other with their baked goods behind them.,9.495684504508972,0.0,1.099378615617752,0.0
m2ib,/media/crk/vol3/rt/coco/val2017/000000211042.jpg,there is a cat that is drinking out of the toilet,3.1968899071216583,0.0,1.271575503051281,0.0
lciba,/media/crk/vol3/rt/coco/val2017/000000211042.jpg,there is a cat that is drinking out of the toilet,3.908544033765793,0.0,1.491350308060646,0.0
libragrad,/media/crk/vol3/rt/coco/val2017/000000211042.jpg,there is a cat that is drinking out of the toilet,1.6744669526815414,0.0,0.020642578601837158,0.0
fusion,/media/crk/vol3/rt/coco/val2017/000000211042.jpg,there is a cat that is drinking out of the toilet,0.4310065880417824,0.0,0.020642578601837158,0.0
m2ib,/media/crk/vol3/rt/coco/val2017/000000269121.jpg,A white-clad tennis player hurls a ball upward to deliver a serve.,0.0,100.0,0.2592012286186218,0.0
lciba,/media/crk/vol3/rt/coco/val2017/000000269121.jpg,A white-clad tennis player hurls a ball upward to deliver a serve.,3.5432040691375732,0.0,0.5352839827537537,0.0
libragrad,/media/crk/vol3/rt/coco/val2017/000000269121.jpg,A white-clad tennis player hurls a ball upward to deliver a serve.,0.8208561688661575,0.0,0.0,0.0
fusion,/media/crk/vol3/rt/coco/val2017/000000269121.jpg,A white-clad tennis player hurls a ball upward to deliver a serve.,2.449866570532322,0.0,0.07605738937854767,0.0
m2ib,/media/crk/vol3/rt/coco/val2017/000000560011.jpg,A mouse is next to a keyboard on a desk,3.5757988691329956,0.0,0.8862560614943504,0.0
lciba,/media/crk/vol3/rt/coco/val2017/000000560011.jpg,A mouse is next to a keyboard on a desk,4.358426108956337,0.0,0.9816708043217659,0.0
libragrad,/media/crk/vol3/rt/coco/val2017/000000560011.jpg,A mouse is next to a keyboard on a desk,2.8436027467250824,0.0,0.0,0.0
fusion,/media/crk/vol3/rt/coco/val2017/000000560011.jpg,A mouse is next to a keyboard on a desk,2.340705692768097,0.0,0.842675194144249,0.0
m2ib,/media/crk/vol3/rt/coco/val2017/000000060102.jpg,Two opponents are playing during a soccor game.,1.778102107346058,0.0,0.30918270349502563,0.0
lciba,/media/crk/vol3/rt/coco/val2017/000000060102.jpg,Two opponents are playing during a soccor game.,0.695834681391716,0.0,0.717315636575222,0.0
libragrad,/media/crk/vol3/rt/coco/val2017/000000060102.jpg,Two opponents are playing during a soccor game.,1.8655428662896156,0.0,0.0,0.0
fusion,/media/crk/vol3/rt/coco/val2017/000000060102.jpg,Two opponents are playing during a soccor game.,0.8656030520796776,0.0,0.014288723468780518,0.0
m2ib,/media/crk/vol3/rt/coco/val2017/000000530854.jpg,People are walking in the rain holding umbrellas.,1.8873272463679314,0.0,0.010215770453214645,0.0
lciba,/media/crk/vol3/rt/coco/val2017/000000530854.jpg,People are walking in the rain holding umbrellas.,1.2898169457912445,0.0,0.5392109975218773,0.0
libragrad,/media/crk/vol3/rt/coco/val2017/000000530854.jpg,People are walking in the rain holding umbrellas.,0.758126936852932,0.0,0.0,0.0
fusion,/media/crk/vol3/rt/coco/val2017/000000530854.jpg,People are walking in the rain holding umbrellas.,0.5935936234891415,0.0,0.0,0.0
m2ib,/media/crk/vol3/rt/coco/val2017/000000211674.jpg,Red double decker bus with people standing on top.,2.020450122654438,0.0,0.28978921473026276,0.0
lciba,/media/crk/vol3/rt/coco/val2017/000000211674.jpg,Red double decker bus with people standing on top.,0.0,100.0,1.5570886433124542,0.0
libragrad,/media/crk/vol3/rt/coco/val2017/000000211674.jpg,Red double decker bus with people standing on top.,3.2494820654392242,0.0,0.0,0.0
fusion,/media/crk/vol3/rt/coco/val2017/000000211674.jpg,Red double decker bus with people standing on top.,0.0,100.0,0.0,100.0
m2ib,/media/crk/vol3/rt/coco/val2017/000000531771.jpg,This is a nice black over and under washer and dryer set.,0.0,100.0,0.024651363492012024,0.0
lciba,/media/crk/vol3/rt/coco/val2017/000000531771.jpg,This is a nice black over and under washer and dryer set.,7.334040105342865,0.0,0.4546191543340683,0.0
libragrad,/media/crk/vol3/rt/coco/val2017/000000531771.jpg,This is a nice black over and under washer and dryer set.,0.7479693740606308,0.0,0.0,100.0
fusion,/media/crk/vol3/rt/coco/val2017/000000531771.jpg,This is a nice black over and under washer and dryer set.,1.6426537185907364,0.0,0.0,0.0
m2ib,/media/crk/vol3/rt/coco/val2017/000000234526.jpg,A little boy in a yellow shirt feeding a giraffe.  ,1.0369010269641876,0.0,0.15728138387203217,0.0
lciba,/media/crk/vol3/rt/coco/val2017/000000234526.jpg,A little boy in a yellow shirt feeding a giraffe.  ,6.784753501415253,0.0,2.6706619188189507,0.0
libragrad,/media/crk/vol3/rt/coco/val2017/000000234526.jpg,A little boy in a yellow shirt feeding a giraffe.  ,3.7712201476097107,0.0,0.0,0.0
fusion,/media/crk/vol3/rt/coco/val2017/000000234526.jpg,A little boy in a yellow shirt feeding a giraffe.  ,7.475180923938751,0.0,0.0,100.0
m2ib,/media/crk/vol3/rt/coco/val2017/000000532901.jpg,A Victorian house looked very much like this model one does.,0.0,100.0,0.06299382075667381,0.0
lciba,/media/crk/vol3/rt/coco/val2017/000000532901.jpg,A Victorian house looked very much like this model one does.,0.5147654097527266,0.0,1.3467853888869286,0.0
libragrad,/media/crk/vol3/rt/coco/val2017/000000532901.jpg,A Victorian house looked very much like this model one does.,0.0,100.0,0.0,0.0
fusion,/media/crk/vol3/rt/coco/val2017/000000532901.jpg,A Victorian house looked very much like this model one does.,0.16142181120812893,0.0,0.0,100.0
m2ib,/media/crk/vol3/rt/coco/val2017/000000076547.jpg,the man is working on his laptop while he waits for the train.,0.0,100.0,0.3895815461874008,0.0
lciba,/media/crk/vol3/rt/coco/val2017/000000076547.jpg,the man is working on his laptop while he waits for the train.,0.0,100.0,0.7433559745550156,0.0
libragrad,/media/crk/vol3/rt/coco/val2017/000000076547.jpg,the man is working on his laptop while he waits for the train.,0.007410719990730286,0.0,0.0,0.0
fusion,/media/crk/vol3/rt/coco/val2017/000000076547.jpg,the man is working on his laptop while he waits for the train.,0.0,100.0,0.3044348210096359,0.0
m2ib,/media/crk/vol3/rt/coco/val2017/000000225946.jpg,A train traveling through the countryside next to a dirt road.,3.690360113978386,0.0,0.4252824932336807,0.0
lciba,/media/crk/vol3/rt/coco/val2017/000000225946.jpg,A train traveling through the countryside next to a dirt road.,3.881721943616867,0.0,0.8397951722145081,0.0
libragrad,/media/crk/vol3/rt/coco/val2017/000000225946.jpg,A train traveling through the countryside next to a dirt road.,4.449556767940521,0.0,0.0,100.0
fusion,/media/crk/vol3/rt/coco/val2017/000000225946.jpg,A train traveling through the countryside next to a dirt road.,0.22073928266763687,0.0,0.056307390332221985,0.0
m2ib,/media/crk/vol3/rt/coco/val2017/000000348243.jpg,A chubby black pony in a pasture looking ahead.,0.34750476479530334,0.0,1.2439090758562088,0.0
lciba,/media/crk/vol3/rt/coco/val2017/000000348243.jpg,A chubby black pony in a pasture looking ahead.,1.3504423201084137,0.0,1.3148806989192963,0.0
libragrad,/media/crk/vol3/rt/coco/val2017/000000348243.jpg,A chubby black pony in a pasture looking ahead.,0.3966599702835083,0.0,0.0,0.0
fusion,/media/crk/vol3/rt/coco/val2017/000000348243.jpg,A chubby black pony in a pasture looking ahead.,0.2550119534134865,0.0,0.023312494158744812,0.0
m2ib,/media/crk/vol3/rt/coco/val2017/000000581206.jpg,A paper container filled with two hot dogs.,0.0,100.0,0.0,0.0
lciba,/media/crk/vol3/rt/coco/val2017/000000581206.jpg,A paper container filled with two hot dogs.,5.506609007716179,0.0,0.838988833129406,0.0
libragrad,/media/crk/vol3/rt/coco/val2017/000000581206.jpg,A paper container filled with two hot dogs.,0.0,100.0,0.0,0.0
fusion,/media/crk/vol3/rt/coco/val2017/000000581206.jpg,A paper container filled with two hot dogs.,0.0,100.0,0.0,0.0
m2ib,/media/crk/vol3/rt/coco/val2017/000000400367.jpg,The car lights are streaking by on the street.,0.21627102978527546,0.0,0.8808232843875885,0.0
lciba,/media/crk/vol3/rt/coco/val2017/000000400367.jpg,The car lights are streaking by on the street.,0.38904608227312565,0.0,0.8802551776170731,0.0
libragrad,/media/crk/vol3/rt/coco/val2017/000000400367.jpg,The car lights are streaking by on the street.,0.0,100.0,0.0,0.0
fusion,/media/crk/vol3/rt/coco/val2017/000000400367.jpg,The car lights are streaking by on the street.,1.3263797387480736,0.0,0.006152316927909851,0.0
m2ib,/media/crk/vol3/rt/coco/val2017/000000425925.jpg,A large clock tower in the center of a city.,0.0,100.0,2.177366614341736,0.0
lciba,/media/crk/vol3/rt/coco/val2017/000000425925.jpg,A large clock tower in the center of a city.,3.5736236721277237,0.0,2.444005385041237,0.0
libragrad,/media/crk/vol3/rt/coco/val2017/000000425925.jpg,A large clock tower in the center of a city.,1.2426613830029964,0.0,0.0,0.0
fusion,/media/crk/vol3/rt/coco/val2017/000000425925.jpg,A large clock tower in the center of a city.,1.353105716407299,0.0,0.0,0.0
m2ib,/media/crk/vol3/rt/coco/val2017/000000338304.jpg,A bunch of sheep make their way through the crowded city street.,0.0,100.0,0.0,0.0
lciba,/media/crk/vol3/rt/coco/val2017/000000338304.jpg,A bunch of sheep make their way through the crowded city street.,2.0411860197782516,0.0,1.95058174431324,0.0
libragrad,/media/crk/vol3/rt/coco/val2017/000000338304.jpg,A bunch of sheep make their way through the crowded city street.,0.0,100.0,0.0,0.0
fusion,/media/crk/vol3/rt/coco/val2017/000000338304.jpg,A bunch of sheep make their way through the crowded city street.,0.0,100.0,0.0,0.0
m2ib,/media/crk/vol3/rt/coco/val2017/000000270402.jpg,Two gray elephants standing next to each other on a road.,0.042905379086732864,0.0,0.0,100.0
lciba,/media/crk/vol3/rt/coco/val2017/000000270402.jpg,Two gray elephants standing next to each other on a road.,2.358664944767952,0.0,0.0,100.0
libragrad,/media/crk/vol3/rt/coco/val2017/000000270402.jpg,Two gray elephants standing next to each other on a road.,0.012082047760486603,0.0,0.0,100.0
fusion,/media/crk/vol3/rt/coco/val2017/000000270402.jpg,Two gray elephants standing next to each other on a road.,0.5060280673205853,0.0,0.0,0.0
m2ib,/media/crk/vol3/rt/coco/val2017/000000267191.jpg,Two people are riding elephants beside some trees.,0.0,100.0,0.0,0.0
lciba,/media/crk/vol3/rt/coco/val2017/000000267191.jpg,Two people are riding elephants beside some trees.,0.28692465275526047,0.0,0.0,100.0
libragrad,/media/crk/vol3/rt/coco/val2017/000000267191.jpg,Two people are riding elephants beside some trees.,0.0,100.0,0.0,0.0
fusion,/media/crk/vol3/rt/coco/val2017/000000267191.jpg,Two people are riding elephants beside some trees.,0.47283507883548737,0.0,0.0,0.0
m2ib,/media/crk/vol3/rt/coco/val2017/000000116206.jpg, A wooden cutting board filled with chopped vegetables.,1.772826537489891,0.0,0.0,0.0
lciba,/media/crk/vol3/rt/coco/val2017/000000116206.jpg, A wooden cutting board filled with chopped vegetables.,3.6244265735149384,0.0,0.7881944999098778,0.0
libragrad,/media/crk/vol3/rt/coco/val2017/000000116206.jpg, A wooden cutting board filled with chopped vegetables.,3.0846748501062393,0.0,0.0,0.0
fusion,/media/crk/vol3/rt/coco/val2017/000000116206.jpg, A wooden cutting board filled with chopped vegetables.,3.0160751193761826,0.0,0.0,0.0
m2ib,/media/crk/vol3/rt/coco/val2017/000000187362.jpg,A man and his surfboard survey a stormy sea,4.136564210057259,0.0,0.0,100.0
lciba,/media/crk/vol3/rt/coco/val2017/000000187362.jpg,A man and his surfboard survey a stormy sea,5.7952433824539185,0.0,0.0,100.0
libragrad,/media/crk/vol3/rt/coco/val2017/000000187362.jpg,A man and his surfboard survey a stormy sea,4.549887403845787,0.0,0.0,0.0
fusion,/media/crk/vol3/rt/coco/val2017/000000187362.jpg,A man and his surfboard survey a stormy sea,3.3655360341072083,0.0,0.0,100.0
m2ib,/media/crk/vol3/rt/coco/val2017/000000184400.jpg,A train as it travels down the tracks over a bridge.,3.0686408281326294,0.0,1.3217609375715256,0.0
lciba,/media/crk/vol3/rt/coco/val2017/000000184400.jpg,A train as it travels down the tracks over a bridge.,2.866709791123867,0.0,1.494087092578411,0.0
libragrad,/media/crk/vol3/rt/coco/val2017/000000184400.jpg,A train as it travels down the tracks over a bridge.,3.5728003829717636,0.0,0.047122687101364136,0.0
fusion,/media/crk/vol3/rt/coco/val2017/000000184400.jpg,A train as it travels down the tracks over a bridge.,5.201209336519241,0.0,1.2920573353767395,0.0
m2ib,/media/crk/vol3/rt/coco/val2017/000000174482.jpg,a blue bike parked on a side walk ,2.42912657558918,0.0,0.47256089746952057,0.0
lciba,/media/crk/vol3/rt/coco/val2017/000000174482.jpg,a blue bike parked on a side walk ,4.104104265570641,0.0,0.5385266616940498,0.0
libragrad,/media/crk/vol3/rt/coco/val2017/000000174482.jpg,a blue bike parked on a side walk ,2.1876156330108643,0.0,0.0,0.0
fusion,/media/crk/vol3/rt/coco/val2017/000000174482.jpg,a blue bike parked on a side walk ,2.216324582695961,0.0,0.012215971946716309,0.0
m2ib,/media/crk/vol3/rt/coco/val2017/000000105264.jpg,A group of young men standing on top of a sandy beach.,0.0,100.0,0.05284436047077179,0.0
lciba,/media/crk/vol3/rt/coco/val2017/000000105264.jpg,A group of young men standing on top of a sandy beach.,4.468248039484024,0.0,0.7728196680545807,0.0
libragrad,/media/crk/vol3/rt/coco/val2017/000000105264.jpg,A group of young men standing on top of a sandy beach.,0.7468568161129951,0.0,0.0,0.0
fusion,/media/crk/vol3/rt/coco/val2017/000000105264.jpg,A group of young men standing on top of a sandy beach.,4.5368872582912445,0.0,0.07410291582345963,0.0
m2ib,/media/crk/vol3/rt/coco/val2017/000000309964.jpg,The people are sitting outside under a large umbrella.,0.0,100.0,0.3411853685975075,0.0
lciba,/media/crk/vol3/rt/coco/val2017/000000309964.jpg,The people are sitting outside under a large umbrella.,2.539644204080105,0.0,0.7673045620322227,0.0
libragrad,/media/crk/vol3/rt/coco/val2017/000000309964.jpg,The people are sitting outside under a large umbrella.,0.9567147120833397,0.0,0.0,0.0
fusion,/media/crk/vol3/rt/coco/val2017/000000309964.jpg,The people are sitting outside under a large umbrella.,0.10267114266753197,0.0,0.013175606727600098,0.0
m2ib,/media/crk/vol3/rt/coco/val2017/000000425226.jpg,A man kneeling down in front of a refrigerator.,0.0,100.0,0.09177401661872864,0.0
lciba,/media/crk/vol3/rt/coco/val2017/000000425226.jpg,A man kneeling down in front of a refrigerator.,6.750726699829102,0.0,1.9869554787874222,0.0
libragrad,/media/crk/vol3/rt/coco/val2017/000000425226.jpg,A man kneeling down in front of a refrigerator.,0.9319234639406204,0.0,0.0,0.0
fusion,/media/crk/vol3/rt/coco/val2017/000000425226.jpg,A man kneeling down in front of a refrigerator.,2.272462099790573,0.0,0.0,0.0
m2ib,/media/crk/vol3/rt/coco/val2017/000000210032.jpg,Two birds preparing to eat food off of a plate that was left on a table outside by the ocean.,2.2702787071466446,0.0,0.06841905415058136,0.0
lciba,/media/crk/vol3/rt/coco/val2017/000000210032.jpg,Two birds preparing to eat food off of a plate that was left on a table outside by the ocean.,6.546095758676529,0.0,0.5338013172149658,0.0
libragrad,/media/crk/vol3/rt/coco/val2017/000000210032.jpg,Two birds preparing to eat food off of a plate that was left on a table outside by the ocean.,3.264041990041733,0.0,0.04279874265193939,0.0
fusion,/media/crk/vol3/rt/coco/val2017/000000210032.jpg,Two birds preparing to eat food off of a plate that was left on a table outside by the ocean.,3.4185796976089478,0.0,0.015546008944511414,0.0
m2ib,/media/crk/vol3/rt/coco/val2017/000000021167.jpg,The couple are dressed up and posing for photos.,0.8411742746829987,0.0,0.02643093466758728,0.0
lciba,/media/crk/vol3/rt/coco/val2017/000000021167.jpg,The couple are dressed up and posing for photos.,7.681809365749359,0.0,0.0,100.0
libragrad,/media/crk/vol3/rt/coco/val2017/000000021167.jpg,The couple are dressed up and posing for photos.,1.324060931801796,0.0,0.0,0.0
fusion,/media/crk/vol3/rt/coco/val2017/000000021167.jpg,The couple are dressed up and posing for photos.,5.389288812875748,0.0,0.0,0.0
m2ib,/media/crk/vol3/rt/coco/val2017/000000257370.jpg,two people are playing a baseball video game,1.2151975184679031,0.0,0.007262546569108963,0.0
lciba,/media/crk/vol3/rt/coco/val2017/000000257370.jpg,two people are playing a baseball video game,2.708074450492859,0.0,0.0,100.0
libragrad,/media/crk/vol3/rt/coco/val2017/000000257370.jpg,two people are playing a baseball video game,0.620706845074892,0.0,0.0,0.0
fusion,/media/crk/vol3/rt/coco/val2017/000000257370.jpg,two people are playing a baseball video game,0.0,100.0,0.0,0.0
m2ib,/media/crk/vol3/rt/coco/val2017/000000323151.jpg,A pizza sitting on top of a white plate next to a glass of beer.,0.3049667924642563,0.0,0.29778508469462395,0.0
lciba,/media/crk/vol3/rt/coco/val2017/000000323151.jpg,A pizza sitting on top of a white plate next to a glass of beer.,0.534252543002367,0.0,0.6250149570405483,0.0
libragrad,/media/crk/vol3/rt/coco/val2017/000000323151.jpg,A pizza sitting on top of a white plate next to a glass of beer.,0.0,100.0,0.0,100.0
fusion,/media/crk/vol3/rt/coco/val2017/000000323151.jpg,A pizza sitting on top of a white plate next to a glass of beer.,0.13699023984372616,0.0,0.0878497026860714,0.0
m2ib,/media/crk/vol3/rt/coco/val2017/000000363207.jpg,A newly married couple sharing a piece of there wedding cake.,0.2292931079864502,0.0,0.05623772740364075,0.0
lciba,/media/crk/vol3/rt/coco/val2017/000000363207.jpg,A newly married couple sharing a piece of there wedding cake.,5.217651277780533,0.0,2.4685537442564964,0.0
libragrad,/media/crk/vol3/rt/coco/val2017/000000363207.jpg,A newly married couple sharing a piece of there wedding cake.,0.8581236004829407,0.0,0.0,0.0
fusion,/media/crk/vol3/rt/coco/val2017/000000363207.jpg,A newly married couple sharing a piece of there wedding cake.,1.603720337152481,0.0,0.0,0.0
m2ib,/media/crk/vol3/rt/coco/val2017/000000148707.jpg,Two yellow fruits hanging on branches full of leaves. ,0.0,100.0,0.08190497756004333,0.0
lciba,/media/crk/vol3/rt/coco/val2017/000000148707.jpg,Two yellow fruits hanging on branches full of leaves. ,0.0,100.0,0.7936008274555206,0.0
libragrad,/media/crk/vol3/rt/coco/val2017/000000148707.jpg,Two yellow fruits hanging on branches full of leaves. ,0.0,100.0,0.0,0.0
fusion,/media/crk/vol3/rt/coco/val2017/000000148707.jpg,Two yellow fruits hanging on branches full of leaves. ,0.0,100.0,0.0028096139430999756,0.0
m2ib,/media/crk/vol3/rt/coco/val2017/000000261982.jpg,A man flying through the air while riding a skateboard.,1.1468127369880676,0.0,1.823475956916809,0.0
lciba,/media/crk/vol3/rt/coco/val2017/000000261982.jpg,A man flying through the air while riding a skateboard.,0.0,100.0,1.9592482596635818,0.0
libragrad,/media/crk/vol3/rt/coco/val2017/000000261982.jpg,A man flying through the air while riding a skateboard.,0.6601044908165932,0.0,0.0,0.0
fusion,/media/crk/vol3/rt/coco/val2017/000000261982.jpg,A man flying through the air while riding a skateboard.,0.0,100.0,1.7512369900941849,0.0
m2ib,/media/crk/vol3/rt/coco/val2017/000000459272.jpg,A woman holding a smart phone next to a group of people.,0.0,100.0,1.4402860775589943,0.0
lciba,/media/crk/vol3/rt/coco/val2017/000000459272.jpg,A woman holding a smart phone next to a group of people.,0.3205887973308563,0.0,1.7228849232196808,0.0
libragrad,/media/crk/vol3/rt/coco/val2017/000000459272.jpg,A woman holding a smart phone next to a group of people.,0.0,100.0,0.0,0.0
fusion,/media/crk/vol3/rt/coco/val2017/000000459272.jpg,A woman holding a smart phone next to a group of people.,0.0,100.0,1.306099072098732,0.0
m2ib,/media/crk/vol3/rt/coco/val2017/000000302882.jpg,a white male taking pictures with his cellphone,0.0,100.0,0.005511194467544556,0.0
lciba,/media/crk/vol3/rt/coco/val2017/000000302882.jpg,a white male taking pictures with his cellphone,0.0,100.0,1.6386352479457855,0.0
libragrad,/media/crk/vol3/rt/coco/val2017/000000302882.jpg,a white male taking pictures with his cellphone,0.0,100.0,0.0,0.0
fusion,/media/crk/vol3/rt/coco/val2017/000000302882.jpg,a white male taking pictures with his cellphone,0.0,100.0,0.0,0.0
m2ib,/media/crk/vol3/rt/coco/val2017/000000164637.jpg,A picture of pink bathroom sink and a mirror.,0.15959730371832848,0.0,0.6729850545525551,0.0
lciba,/media/crk/vol3/rt/coco/val2017/000000164637.jpg,A picture of pink bathroom sink and a mirror.,0.0742628239095211,0.0,0.9018942713737488,0.0
libragrad,/media/crk/vol3/rt/coco/val2017/000000164637.jpg,A picture of pink bathroom sink and a mirror.,0.9100017137825489,0.0,0.0,0.0
fusion,/media/crk/vol3/rt/coco/val2017/000000164637.jpg,A picture of pink bathroom sink and a mirror.,0.37589529529213905,0.0,0.6448778323829174,0.0
m2ib,/media/crk/vol3/rt/coco/val2017/000000289229.jpg,A man wearing a white lab coat holding a bone saw.,0.0,100.0,0.09301546961069107,0.0
lciba,/media/crk/vol3/rt/coco/val2017/000000289229.jpg,A man wearing a white lab coat holding a bone saw.,3.054080903530121,0.0,1.6339434310793877,0.0
libragrad,/media/crk/vol3/rt/coco/val2017/000000289229.jpg,A man wearing a white lab coat holding a bone saw.,1.94979477673769,0.0,0.0,0.0
fusion,/media/crk/vol3/rt/coco/val2017/000000289229.jpg,A man wearing a white lab coat holding a bone saw.,4.234126955270767,0.0,0.0,0.0
m2ib,/media/crk/vol3/rt/coco/val2017/000000288685.jpg,a sheep in a field with a dog and people watching ,1.3994821347296238,0.0,0.01271301880478859,0.0
lciba,/media/crk/vol3/rt/coco/val2017/000000288685.jpg,a sheep in a field with a dog and people watching ,4.034483805298805,0.0,2.17503160238266,0.0
libragrad,/media/crk/vol3/rt/coco/val2017/000000288685.jpg,a sheep in a field with a dog and people watching ,2.331015281379223,0.0,0.0,0.0
fusion,/media/crk/vol3/rt/coco/val2017/000000288685.jpg,a sheep in a field with a dog and people watching ,2.780456840991974,0.0,0.0,0.0
m2ib,/media/crk/vol3/rt/coco/val2017/000000426836.jpg,Someone flying a kite right above the trees.,1.4248530380427837,0.0,2.7877438813447952,0.0
lciba,/media/crk/vol3/rt/coco/val2017/000000426836.jpg,Someone flying a kite right above the trees.,1.3552973978221416,0.0,2.7086324989795685,0.0
libragrad,/media/crk/vol3/rt/coco/val2017/000000426836.jpg,Someone flying a kite right above the trees.,1.9907381385564804,0.0,0.0,0.0
fusion,/media/crk/vol3/rt/coco/val2017/000000426836.jpg,Someone flying a kite right above the trees.,0.4705269820988178,0.0,0.0,100.0
m2ib,/media/crk/vol3/rt/coco/val2017/000000175438.jpg,A large cock sitting in the middle of a street.,0.0,100.0,0.0,0.0
lciba,/media/crk/vol3/rt/coco/val2017/000000175438.jpg,A large cock sitting in the middle of a street.,4.28786501288414,0.0,3.548102080821991,0.0
libragrad,/media/crk/vol3/rt/coco/val2017/000000175438.jpg,A large cock sitting in the middle of a street.,0.9697698056697845,0.0,0.0,0.0
fusion,/media/crk/vol3/rt/coco/val2017/000000175438.jpg,A large cock sitting in the middle of a street.,2.828913927078247,0.0,0.0,0.0
m2ib,/media/crk/vol3/rt/coco/val2017/000000183049.jpg,A book shelf filled with lots of colorful books.,0.0,100.0,0.062481313943862915,0.0
lciba,/media/crk/vol3/rt/coco/val2017/000000183049.jpg,A book shelf filled with lots of colorful books.,3.21442186832428,0.0,3.099413216114044,0.0
libragrad,/media/crk/vol3/rt/coco/val2017/000000183049.jpg,A book shelf filled with lots of colorful books.,0.0,100.0,0.0,100.0
fusion,/media/crk/vol3/rt/coco/val2017/000000183049.jpg,A book shelf filled with lots of colorful books.,1.5351289883255959,0.0,0.0,0.0
m2ib,/media/crk/vol3/rt/coco/val2017/000000177861.jpg,Pedestrians walking on sidewalk with umbrella on rainy day.,0.6908867508172989,0.0,0.021760351955890656,0.0
lciba,/media/crk/vol3/rt/coco/val2017/000000177861.jpg,Pedestrians walking on sidewalk with umbrella on rainy day.,1.6445104032754898,0.0,0.0,100.0
libragrad,/media/crk/vol3/rt/coco/val2017/000000177861.jpg,Pedestrians walking on sidewalk with umbrella on rainy day.,0.12859655544161797,0.0,0.0,0.0
fusion,/media/crk/vol3/rt/coco/val2017/000000177861.jpg,Pedestrians walking on sidewalk with umbrella on rainy day.,1.7278041690587997,0.0,0.010134279727935791,0.0
m2ib,/media/crk/vol3/rt/coco/val2017/000000409867.jpg,A tall clear glass window with two cats sitting at the base of it.,0.1887710765004158,0.0,0.01844651997089386,0.0
lciba,/media/crk/vol3/rt/coco/val2017/000000409867.jpg,A tall clear glass window with two cats sitting at the base of it.,0.7845912128686905,0.0,1.672624610364437,0.0
libragrad,/media/crk/vol3/rt/coco/val2017/000000409867.jpg,A tall clear glass window with two cats sitting at the base of it.,0.0,100.0,0.0,0.0
fusion,/media/crk/vol3/rt/coco/val2017/000000409867.jpg,A tall clear glass window with two cats sitting at the base of it.,0.0,100.0,0.01675449311733246,0.0
m2ib,/media/crk/vol3/rt/coco/val2017/000000514376.jpg,A trolley is going down the street while a car passes it.,0.4590816795825958,0.0,0.041016750037670135,0.0
lciba,/media/crk/vol3/rt/coco/val2017/000000514376.jpg,A trolley is going down the street while a car passes it.,2.4896496906876564,0.0,1.8418742343783379,0.0
libragrad,/media/crk/vol3/rt/coco/val2017/000000514376.jpg,A trolley is going down the street while a car passes it.,0.1437908038496971,0.0,0.0,0.0
fusion,/media/crk/vol3/rt/coco/val2017/000000514376.jpg,A trolley is going down the street while a car passes it.,0.23910533636808395,0.0,0.0,0.0
m2ib,/media/crk/vol3/rt/coco/val2017/000000177893.jpg,a red and white passenger bus with a 'final destination 5' billboard on the side of it,4.126870632171631,0.0,2.4860430508852005,0.0
lciba,/media/crk/vol3/rt/coco/val2017/000000177893.jpg,a red and white passenger bus with a 'final destination 5' billboard on the side of it,2.1196316927671432,0.0,2.797519788146019,0.0
libragrad,/media/crk/vol3/rt/coco/val2017/000000177893.jpg,a red and white passenger bus with a 'final destination 5' billboard on the side of it,4.293486475944519,0.0,0.0,0.0
fusion,/media/crk/vol3/rt/coco/val2017/000000177893.jpg,a red and white passenger bus with a 'final destination 5' billboard on the side of it,2.1765507757663727,0.0,0.0,0.0
m2ib,/media/crk/vol3/rt/coco/val2017/000000456292.jpg,A cat climbing into a cat door on a wall.,5.4314274340868,0.0,0.15084221959114075,0.0
lciba,/media/crk/vol3/rt/coco/val2017/000000456292.jpg,A cat climbing into a cat door on a wall.,9.660788625478745,0.0,2.058093249797821,0.0
libragrad,/media/crk/vol3/rt/coco/val2017/000000456292.jpg,A cat climbing into a cat door on a wall.,4.579848423600197,0.0,0.0,0.0
fusion,/media/crk/vol3/rt/coco/val2017/000000456292.jpg,A cat climbing into a cat door on a wall.,7.1006059646606445,0.0,0.049724429845809937,0.0
m2ib,/media/crk/vol3/rt/coco/val2017/000000384651.jpg,A bedroom with a bed next to a  night stand with a lamp.,1.3330189511179924,0.0,0.24687880650162697,0.0
lciba,/media/crk/vol3/rt/coco/val2017/000000384651.jpg,A bedroom with a bed next to a  night stand with a lamp.,0.15613380819559097,0.0,1.792226918041706,0.0
libragrad,/media/crk/vol3/rt/coco/val2017/000000384651.jpg,A bedroom with a bed next to a  night stand with a lamp.,0.4815010353922844,0.0,0.0,0.0
fusion,/media/crk/vol3/rt/coco/val2017/000000384651.jpg,A bedroom with a bed next to a  night stand with a lamp.,1.1438503861427307,0.0,1.4827460050582886,0.0
m2ib,/media/crk/vol3/rt/coco/val2017/000000002431.jpg,A plate on a wooden table full of bread.,0.0,100.0,0.05657710134983063,0.0
lciba,/media/crk/vol3/rt/coco/val2017/000000002431.jpg,A plate on a wooden table full of bread.,5.57170957326889,0.0,0.3333747386932373,0.0
libragrad,/media/crk/vol3/rt/coco/val2017/000000002431.jpg,A plate on a wooden table full of bread.,0.0,100.0,0.0,0.0
fusion,/media/crk/vol3/rt/coco/val2017/000000002431.jpg,A plate on a wooden table full of bread.,0.0,100.0,0.007481127977371216,0.0
m2ib,/media/crk/vol3/rt/coco/val2017/000000012667.jpg,The telephone has a banana where the receiver should be.,0.06281351670622826,0.0,0.5135640501976013,0.0
lciba,/media/crk/vol3/rt/coco/val2017/000000012667.jpg,The telephone has a banana where the receiver should be.,1.4193381182849407,0.0,1.0132284834980965,0.0
libragrad,/media/crk/vol3/rt/coco/val2017/000000012667.jpg,The telephone has a banana where the receiver should be.,0.35000666975975037,0.0,0.0,0.0
fusion,/media/crk/vol3/rt/coco/val2017/000000012667.jpg,The telephone has a banana where the receiver should be.,0.0,100.0,0.006482936441898346,0.0
m2ib,/media/crk/vol3/rt/coco/val2017/000000153568.jpg,A close up of a stop sign with two hand written notes taped to it.,0.0,100.0,3.941979631781578,0.0
lciba,/media/crk/vol3/rt/coco/val2017/000000153568.jpg,A close up of a stop sign with two hand written notes taped to it.,6.7676156759262085,0.0,4.4447436928749084,0.0
libragrad,/media/crk/vol3/rt/coco/val2017/000000153568.jpg,A close up of a stop sign with two hand written notes taped to it.,0.0,100.0,0.0,0.0
fusion,/media/crk/vol3/rt/coco/val2017/000000153568.jpg,A close up of a stop sign with two hand written notes taped to it.,0.0,100.0,0.022004172205924988,0.0
m2ib,/media/crk/vol3/rt/coco/val2017/000000285047.jpg,A person sitting at table with a cup looking at a cell phone.,0.0,100.0,1.2162258848547935,0.0
lciba,/media/crk/vol3/rt/coco/val2017/000000285047.jpg,A person sitting at table with a cup looking at a cell phone.,0.0,100.0,1.4107516035437584,0.0
libragrad,/media/crk/vol3/rt/coco/val2017/000000285047.jpg,A person sitting at table with a cup looking at a cell phone.,0.0,100.0,0.0,0.0
fusion,/media/crk/vol3/rt/coco/val2017/000000285047.jpg,A person sitting at table with a cup looking at a cell phone.,0.0,100.0,1.1385278776288033,0.0
m2ib,/media/crk/vol3/rt/coco/val2017/000000023359.jpg,A man flying through the air while riding a snowboard.,0.0,100.0,0.0,100.0
lciba,/media/crk/vol3/rt/coco/val2017/000000023359.jpg,A man flying through the air while riding a snowboard.,3.8696326315402985,0.0,0.0,100.0
libragrad,/media/crk/vol3/rt/coco/val2017/000000023359.jpg,A man flying through the air while riding a snowboard.,0.0,100.0,0.0,0.0
fusion,/media/crk/vol3/rt/coco/val2017/000000023359.jpg,A man flying through the air while riding a snowboard.,0.0,100.0,0.0,0.0
m2ib,/media/crk/vol3/rt/coco/val2017/000000429623.jpg,A very large pizza on top of a pan on a table.,1.6497895121574402,0.0,0.16031619161367416,0.0
lciba,/media/crk/vol3/rt/coco/val2017/000000429623.jpg,A very large pizza on top of a pan on a table.,5.989445000886917,0.0,1.1121880263090134,0.0
libragrad,/media/crk/vol3/rt/coco/val2017/000000429623.jpg,A very large pizza on top of a pan on a table.,0.20591653883457184,0.0,0.0,0.0
fusion,/media/crk/vol3/rt/coco/val2017/000000429623.jpg,A very large pizza on top of a pan on a table.,1.627415418624878,0.0,0.763293169438839,0.0
m2ib,/media/crk/vol3/rt/coco/val2017/000000151000.jpg,A woman taking pictures on a busy street.,0.0,100.0,0.0,0.0
lciba,/media/crk/vol3/rt/coco/val2017/000000151000.jpg,A woman taking pictures on a busy street.,0.8908160030841827,0.0,1.8481375649571419,0.0
libragrad,/media/crk/vol3/rt/coco/val2017/000000151000.jpg,A woman taking pictures on a busy street.,0.0,100.0,0.0,0.0
fusion,/media/crk/vol3/rt/coco/val2017/000000151000.jpg,A woman taking pictures on a busy street.,0.0,100.0,0.0,0.0
m2ib,/media/crk/vol3/rt/coco/val2017/000000042102.jpg,A young man is dressed in a school skirt outfit.,1.6950897872447968,0.0,0.4938330501317978,0.0
lciba,/media/crk/vol3/rt/coco/val2017/000000042102.jpg,A young man is dressed in a school skirt outfit.,1.860416866838932,0.0,0.622079148888588,0.0
libragrad,/media/crk/vol3/rt/coco/val2017/000000042102.jpg,A young man is dressed in a school skirt outfit.,1.0538635775446892,0.0,0.0,0.0
fusion,/media/crk/vol3/rt/coco/val2017/000000042102.jpg,A young man is dressed in a school skirt outfit.,2.5512494146823883,0.0,0.0,0.0
m2ib,/media/crk/vol3/rt/coco/val2017/000000524850.jpg,A crowd of people standing around a bus next to a parked jetliner.,0.0,100.0,1.9412834197282791,0.0
lciba,/media/crk/vol3/rt/coco/val2017/000000524850.jpg,A crowd of people standing around a bus next to a parked jetliner.,0.0,100.0,2.0675312727689743,0.0
libragrad,/media/crk/vol3/rt/coco/val2017/000000524850.jpg,A crowd of people standing around a bus next to a parked jetliner.,0.3912815824151039,0.0,0.0,0.0
fusion,/media/crk/vol3/rt/coco/val2017/000000524850.jpg,A crowd of people standing around a bus next to a parked jetliner.,0.0,100.0,0.0,100.0
m2ib,/media/crk/vol3/rt/coco/val2017/000000489842.jpg,All of the children are gathered around Santa Claus.,0.06544329226016998,0.0,0.0,100.0
lciba,/media/crk/vol3/rt/coco/val2017/000000489842.jpg,All of the children are gathered around Santa Claus.,2.4013377726078033,0.0,0.0,100.0
libragrad,/media/crk/vol3/rt/coco/val2017/000000489842.jpg,All of the children are gathered around Santa Claus.,0.3723643720149994,0.0,0.0,0.0
fusion,/media/crk/vol3/rt/coco/val2017/000000489842.jpg,All of the children are gathered around Santa Claus.,1.0187117382884026,0.0,0.0,100.0
m2ib,/media/crk/vol3/rt/coco/val2017/000000575081.jpg,A boy holding a game controller and playing a video game.,0.4125252366065979,0.0,0.015213340520858765,0.0
lciba,/media/crk/vol3/rt/coco/val2017/000000575081.jpg,A boy holding a game controller and playing a video game.,6.7321717739105225,0.0,1.8198229372501373,0.0
libragrad,/media/crk/vol3/rt/coco/val2017/000000575081.jpg,A boy holding a game controller and playing a video game.,1.6308560967445374,0.0,0.0,0.0
fusion,/media/crk/vol3/rt/coco/val2017/000000575081.jpg,A boy holding a game controller and playing a video game.,2.9769891873002052,0.0,0.0,0.0
m2ib,/media/crk/vol3/rt/coco/val2017/000000504000.jpg,An airplane is vintage and is on display.,1.6105469316244125,0.0,0.6081368774175644,0.0
lciba,/media/crk/vol3/rt/coco/val2017/000000504000.jpg,An airplane is vintage and is on display.,0.0,100.0,0.6218977272510529,0.0
libragrad,/media/crk/vol3/rt/coco/val2017/000000504000.jpg,An airplane is vintage and is on display.,1.5054043382406235,0.0,0.0,0.0
fusion,/media/crk/vol3/rt/coco/val2017/000000504000.jpg,An airplane is vintage and is on display.,1.6187891364097595,0.0,0.6112519651651382,0.0
m2ib,/media/crk/vol3/rt/coco/val2017/000000425227.jpg,There is no image to describe for this question.,5.132783949375153,0.0,0.6708584725856781,0.0
lciba,/media/crk/vol3/rt/coco/val2017/000000425227.jpg,There is no image to describe for this question.,5.591360852122307,0.0,0.5956623703241348,0.0
libragrad,/media/crk/vol3/rt/coco/val2017/000000425227.jpg,There is no image to describe for this question.,4.6330079436302185,0.0,0.626613199710846,0.0
fusion,/media/crk/vol3/rt/coco/val2017/000000425227.jpg,There is no image to describe for this question.,3.9722833782434464,0.0,0.6399456411600113,0.0
m2ib,/media/crk/vol3/rt/coco/val2017/000000370900.jpg,A group of white teddy bears on a white table.,0.0,100.0,0.012625008821487427,0.0
lciba,/media/crk/vol3/rt/coco/val2017/000000370900.jpg,A group of white teddy bears on a white table.,0.0,100.0,1.469258964061737,0.0
libragrad,/media/crk/vol3/rt/coco/val2017/000000370900.jpg,A group of white teddy bears on a white table.,0.0,100.0,0.0,0.0
fusion,/media/crk/vol3/rt/coco/val2017/000000370900.jpg,A group of white teddy bears on a white table.,0.0,100.0,0.020937249064445496,0.0
m2ib,/media/crk/vol3/rt/coco/val2017/000000244592.jpg,Three zebras outside with two grazing next to each other.,0.0,100.0,0.07781805470585823,0.0
lciba,/media/crk/vol3/rt/coco/val2017/000000244592.jpg,Three zebras outside with two grazing next to each other.,2.511296421289444,0.0,0.26888400316238403,0.0
libragrad,/media/crk/vol3/rt/coco/val2017/000000244592.jpg,Three zebras outside with two grazing next to each other.,1.4383593574166298,0.0,0.0,0.0
fusion,/media/crk/vol3/rt/coco/val2017/000000244592.jpg,Three zebras outside with two grazing next to each other.,0.48855869099497795,0.0,0.0783001072704792,0.0
m2ib,/media/crk/vol3/rt/coco/val2017/000000505573.jpg,A dog wears a tie while on the steps,0.0,100.0,0.015586614608764648,0.0
lciba,/media/crk/vol3/rt/coco/val2017/000000505573.jpg,A dog wears a tie while on the steps,4.017299041152,0.0,0.7898127660155296,0.0
libragrad,/media/crk/vol3/rt/coco/val2017/000000505573.jpg,A dog wears a tie while on the steps,0.9697504341602325,0.0,0.0,0.0
fusion,/media/crk/vol3/rt/coco/val2017/000000505573.jpg,A dog wears a tie while on the steps,1.3466381467878819,0.0,0.0,0.0
m2ib,/media/crk/vol3/rt/coco/val2017/000000539962.jpg,A large blue swimming pool sitting next to a hotel surrounded by palm trees.,0.0,100.0,0.0,100.0
lciba,/media/crk/vol3/rt/coco/val2017/000000539962.jpg,A large blue swimming pool sitting next to a hotel surrounded by palm trees.,0.012967176735401154,0.0,0.2423466183245182,0.0
libragrad,/media/crk/vol3/rt/coco/val2017/000000539962.jpg,A large blue swimming pool sitting next to a hotel surrounded by palm trees.,0.0,100.0,0.0,0.0
fusion,/media/crk/vol3/rt/coco/val2017/000000539962.jpg,A large blue swimming pool sitting next to a hotel surrounded by palm trees.,0.0,100.0,0.0,0.0
m2ib,/media/crk/vol3/rt/coco/val2017/000000336628.jpg,A man in dinosaur covered clown suit talking on a phone on a trolley,0.46333521604537964,0.0,0.0,100.0
lciba,/media/crk/vol3/rt/coco/val2017/000000336628.jpg,A man in dinosaur covered clown suit talking on a phone on a trolley,4.3670594692230225,0.0,3.0331121757626534,0.0
libragrad,/media/crk/vol3/rt/coco/val2017/000000336628.jpg,A man in dinosaur covered clown suit talking on a phone on a trolley,0.0,100.0,0.0,0.0
fusion,/media/crk/vol3/rt/coco/val2017/000000336628.jpg,A man in dinosaur covered clown suit talking on a phone on a trolley,0.0,100.0,0.0,0.0
m2ib,/media/crk/vol3/rt/coco/val2017/000000386352.jpg,a tennis player who has just made a shot.,0.49054138362407684,0.0,0.27057453989982605,0.0
lciba,/media/crk/vol3/rt/coco/val2017/000000386352.jpg,a tennis player who has just made a shot.,4.32196632027626,0.0,0.44848378747701645,0.0
libragrad,/media/crk/vol3/rt/coco/val2017/000000386352.jpg,a tennis player who has just made a shot.,1.0873056948184967,0.0,0.0,0.0
fusion,/media/crk/vol3/rt/coco/val2017/000000386352.jpg,a tennis player who has just made a shot.,0.0,100.0,0.0,0.0
m2ib,/media/crk/vol3/rt/coco/val2017/000000100274.jpg,A long train traveling through a train yard.,1.393606886267662,0.0,2.0444413647055626,0.0
lciba,/media/crk/vol3/rt/coco/val2017/000000100274.jpg,A long train traveling through a train yard.,3.830331191420555,0.0,2.5216778740286827,0.0
libragrad,/media/crk/vol3/rt/coco/val2017/000000100274.jpg,A long train traveling through a train yard.,2.7009885758161545,0.0,0.0,0.0
fusion,/media/crk/vol3/rt/coco/val2017/000000100274.jpg,A long train traveling through a train yard.,2.0393643528223038,0.0,0.0,0.0
m2ib,/media/crk/vol3/rt/coco/val2017/000000280710.jpg,A group of people walking down a city street near a bus.,3.369016945362091,0.0,0.03526443615555763,0.0
lciba,/media/crk/vol3/rt/coco/val2017/000000280710.jpg,A group of people walking down a city street near a bus.,3.2285895198583603,0.0,2.029835991561413,0.0
libragrad,/media/crk/vol3/rt/coco/val2017/000000280710.jpg,A group of people walking down a city street near a bus.,3.495166078209877,0.0,0.0,0.0
fusion,/media/crk/vol3/rt/coco/val2017/000000280710.jpg,A group of people walking down a city street near a bus.,3.1920135021209717,0.0,0.0,0.0
m2ib,/media/crk/vol3/rt/coco/val2017/000000462371.jpg,A group of people standing around a white cake.,0.0,100.0,1.4843245968222618,0.0
lciba,/media/crk/vol3/rt/coco/val2017/000000462371.jpg,A group of people standing around a white cake.,0.17728619277477264,0.0,1.5643922612071037,0.0
libragrad,/media/crk/vol3/rt/coco/val2017/000000462371.jpg,A group of people standing around a white cake.,0.0,100.0,0.0,0.0
fusion,/media/crk/vol3/rt/coco/val2017/000000462371.jpg,A group of people standing around a white cake.,0.0,100.0,0.0,100.0
m2ib,/media/crk/vol3/rt/coco/val2017/000000465836.jpg,A group of men standing next to each other.,0.49488209187984467,0.0,0.0,100.0
lciba,/media/crk/vol3/rt/coco/val2017/000000465836.jpg,A group of men standing next to each other.,4.062758386135101,0.0,0.0,100.0
libragrad,/media/crk/vol3/rt/coco/val2017/000000465836.jpg,A group of men standing next to each other.,1.1771075427532196,0.0,0.0,0.0
fusion,/media/crk/vol3/rt/coco/val2017/000000465836.jpg,A group of men standing next to each other.,1.6218574717640877,0.0,0.0,100.0
m2ib,/media/crk/vol3/rt/coco/val2017/000000235778.jpg,A little kid that is playing with stuff.,0.0,100.0,0.8498536422848701,0.0
lciba,/media/crk/vol3/rt/coco/val2017/000000235778.jpg,A little kid that is playing with stuff.,0.0,100.0,1.2085868045687675,0.0
libragrad,/media/crk/vol3/rt/coco/val2017/000000235778.jpg,A little kid that is playing with stuff.,0.0,100.0,0.0,0.0
fusion,/media/crk/vol3/rt/coco/val2017/000000235778.jpg,A little kid that is playing with stuff.,0.0,100.0,0.8276144042611122,0.0
m2ib,/media/crk/vol3/rt/coco/val2017/000000463802.jpg,A teddy bear watching a man with a tennis racket.,1.155044138431549,0.0,0.0,0.0
lciba,/media/crk/vol3/rt/coco/val2017/000000463802.jpg,A teddy bear watching a man with a tennis racket.,6.904294341802597,0.0,1.2083880603313446,0.0
libragrad,/media/crk/vol3/rt/coco/val2017/000000463802.jpg,A teddy bear watching a man with a tennis racket.,3.2375454902648926,0.0,0.0,0.0
fusion,/media/crk/vol3/rt/coco/val2017/000000463802.jpg,A teddy bear watching a man with a tennis racket.,3.7126779556274414,0.0,0.0,0.0
m2ib,/media/crk/vol3/rt/coco/val2017/000000540932.jpg,Two people standing on a beach next to the ocean.,0.12749042361974716,0.0,0.0,100.0
lciba,/media/crk/vol3/rt/coco/val2017/000000540932.jpg,Two people standing on a beach next to the ocean.,3.979743644595146,0.0,0.0,100.0
libragrad,/media/crk/vol3/rt/coco/val2017/000000540932.jpg,Two people standing on a beach next to the ocean.,1.2859610840678215,0.0,0.0,0.0
fusion,/media/crk/vol3/rt/coco/val2017/000000540932.jpg,Two people standing on a beach next to the ocean.,1.4583809301257133,0.0,0.0,100.0
m2ib,/media/crk/vol3/rt/coco/val2017/000000555412.jpg,A pizza covered in lots of greens on top of a table.,2.2078819572925568,0.0,0.03323052078485489,0.0
lciba,/media/crk/vol3/rt/coco/val2017/000000555412.jpg,A pizza covered in lots of greens on top of a table.,4.192148149013519,0.0,0.23394040763378143,0.0
libragrad,/media/crk/vol3/rt/coco/val2017/000000555412.jpg,A pizza covered in lots of greens on top of a table.,0.571802444756031,0.0,0.0,100.0
fusion,/media/crk/vol3/rt/coco/val2017/000000555412.jpg,A pizza covered in lots of greens on top of a table.,2.29432824999094,0.0,0.1691024750471115,0.0
m2ib,/media/crk/vol3/rt/coco/val2017/000000275791.jpg,A large trains travels past a river that contains several different boats,1.3247458264231682,0.0,0.0,100.0
lciba,/media/crk/vol3/rt/coco/val2017/000000275791.jpg,A large trains travels past a river that contains several different boats,0.0,100.0,0.7232567295432091,0.0
libragrad,/media/crk/vol3/rt/coco/val2017/000000275791.jpg,A large trains travels past a river that contains several different boats,1.7299052327871323,0.0,0.0,0.0
fusion,/media/crk/vol3/rt/coco/val2017/000000275791.jpg,A large trains travels past a river that contains several different boats,0.1462738960981369,0.0,0.0,100.0
m2ib,/media/crk/vol3/rt/coco/val2017/000000249219.jpg,A double decker bus driving down the road.,1.5491105616092682,0.0,0.012164562940597534,0.0
lciba,/media/crk/vol3/rt/coco/val2017/000000249219.jpg,A double decker bus driving down the road.,0.0,100.0,0.9225741028785706,0.0
libragrad,/media/crk/vol3/rt/coco/val2017/000000249219.jpg,A double decker bus driving down the road.,2.013302966952324,0.0,0.0,0.0
fusion,/media/crk/vol3/rt/coco/val2017/000000249219.jpg,A double decker bus driving down the road.,1.4887109398841858,0.0,0.0,0.0
m2ib,/media/crk/vol3/rt/coco/val2017/000000410934.jpg,A broccoli plant has very large leaves. ,0.0,100.0,0.14152545481920242,0.0
lciba,/media/crk/vol3/rt/coco/val2017/000000410934.jpg,A broccoli plant has very large leaves. ,0.0,100.0,1.7728928476572037,0.0
libragrad,/media/crk/vol3/rt/coco/val2017/000000410934.jpg,A broccoli plant has very large leaves. ,0.0,100.0,0.0,0.0
fusion,/media/crk/vol3/rt/coco/val2017/000000410934.jpg,A broccoli plant has very large leaves. ,0.0,100.0,0.08067712187767029,0.0
m2ib,/media/crk/vol3/rt/coco/val2017/000000125936.jpg,People in a grocery story that sells fruit and drinks.,1.0207660496234894,0.0,0.08017737418413162,0.0
lciba,/media/crk/vol3/rt/coco/val2017/000000125936.jpg,People in a grocery story that sells fruit and drinks.,5.354692786931992,0.0,0.1955496147274971,0.0
libragrad,/media/crk/vol3/rt/coco/val2017/000000125936.jpg,People in a grocery story that sells fruit and drinks.,1.7275262624025345,0.0,0.0,0.0
fusion,/media/crk/vol3/rt/coco/val2017/000000125936.jpg,People in a grocery story that sells fruit and drinks.,1.5690255910158157,0.0,0.017061829566955566,0.0
m2ib,/media/crk/vol3/rt/coco/val2017/000000415194.jpg,A kitchen that has a table and a chair.,0.0,100.0,0.1071571372449398,0.0
lciba,/media/crk/vol3/rt/coco/val2017/000000415194.jpg,A kitchen that has a table and a chair.,2.5791946798563004,0.0,1.1667238548398018,0.0
libragrad,/media/crk/vol3/rt/coco/val2017/000000415194.jpg,A kitchen that has a table and a chair.,0.4027646966278553,0.0,0.0,0.0
fusion,/media/crk/vol3/rt/coco/val2017/000000415194.jpg,A kitchen that has a table and a chair.,0.028073694556951523,0.0,0.0,0.0
m2ib,/media/crk/vol3/rt/coco/val2017/000000014439.jpg,Some people in a grass field flying a kite in the sky.,4.322129487991333,0.0,0.0,100.0
lciba,/media/crk/vol3/rt/coco/val2017/000000014439.jpg,Some people in a grass field flying a kite in the sky.,3.9069101214408875,0.0,0.6893149577081203,0.0
libragrad,/media/crk/vol3/rt/coco/val2017/000000014439.jpg,Some people in a grass field flying a kite in the sky.,4.227660596370697,0.0,0.0,0.0
fusion,/media/crk/vol3/rt/coco/val2017/000000014439.jpg,Some people in a grass field flying a kite in the sky.,2.3269303143024445,0.0,0.0,100.0
m2ib,/media/crk/vol3/rt/coco/val2017/000000097988.jpg,"Man standing under banner that reads ""Run for Rights""",0.0,100.0,0.3743370994925499,0.0
lciba,/media/crk/vol3/rt/coco/val2017/000000097988.jpg,"Man standing under banner that reads ""Run for Rights""",3.7755027413368225,0.0,0.7080471143126488,0.0
libragrad,/media/crk/vol3/rt/coco/val2017/000000097988.jpg,"Man standing under banner that reads ""Run for Rights""",1.4747733250260353,0.0,0.0,0.0
fusion,/media/crk/vol3/rt/coco/val2017/000000097988.jpg,"Man standing under banner that reads ""Run for Rights""",4.396755620837212,0.0,0.0,100.0
m2ib,/media/crk/vol3/rt/coco/val2017/000000166768.jpg,An elderly woman is holding onto the arm of an elderly man.,0.863422080874443,0.0,0.7474919781088829,0.0
lciba,/media/crk/vol3/rt/coco/val2017/000000166768.jpg,An elderly woman is holding onto the arm of an elderly man.,3.7207506597042084,0.0,1.234620064496994,0.0
libragrad,/media/crk/vol3/rt/coco/val2017/000000166768.jpg,An elderly woman is holding onto the arm of an elderly man.,1.0760555043816566,0.0,0.0,0.0
fusion,/media/crk/vol3/rt/coco/val2017/000000166768.jpg,An elderly woman is holding onto the arm of an elderly man.,2.0845500752329826,0.0,0.0,0.0
m2ib,/media/crk/vol3/rt/coco/val2017/000000377882.jpg,Boats docked on land sitting side by side next to a lake.,2.8807584196329117,0.0,0.03671012818813324,0.0
lciba,/media/crk/vol3/rt/coco/val2017/000000377882.jpg,Boats docked on land sitting side by side next to a lake.,2.63495072722435,0.0,1.682186871767044,0.0
libragrad,/media/crk/vol3/rt/coco/val2017/000000377882.jpg,Boats docked on land sitting side by side next to a lake.,3.9419706910848618,0.0,0.0,0.0
fusion,/media/crk/vol3/rt/coco/val2017/000000377882.jpg,Boats docked on land sitting side by side next to a lake.,3.198987990617752,0.0,0.06049945950508118,0.0
m2ib,/media/crk/vol3/rt/coco/val2017/000000079565.jpg,a pair of giraffe standing in a big open area,1.3501795008778572,0.0,0.007168762385845184,0.0
lciba,/media/crk/vol3/rt/coco/val2017/000000079565.jpg,a pair of giraffe standing in a big open area,0.295880064368248,0.0,2.8575411066412926,0.0
libragrad,/media/crk/vol3/rt/coco/val2017/000000079565.jpg,a pair of giraffe standing in a big open area,1.4772437512874603,0.0,0.0,0.0
fusion,/media/crk/vol3/rt/coco/val2017/000000079565.jpg,a pair of giraffe standing in a big open area,0.0,100.0,0.0,100.0
m2ib,/media/crk/vol3/rt/coco/val2017/000000088432.jpg,Some street signs near a road with a truck.,0.3087092190980911,0.0,0.8016474545001984,0.0
lciba,/media/crk/vol3/rt/coco/val2017/000000088432.jpg,Some street signs near a road with a truck.,3.49886417388916,0.0,1.3834714889526367,0.0
libragrad,/media/crk/vol3/rt/coco/val2017/000000088432.jpg,Some street signs near a road with a truck.,0.33575277775526047,0.0,0.0,0.0
fusion,/media/crk/vol3/rt/coco/val2017/000000088432.jpg,Some street signs near a road with a truck.,1.8121067434549332,0.0,0.0,0.0
m2ib,/media/crk/vol3/rt/coco/val2017/000000525286.jpg,A large clock  is on the wall where the paint is peeling.,1.452280580997467,0.0,0.01783818006515503,0.0
lciba,/media/crk/vol3/rt/coco/val2017/000000525286.jpg,A large clock  is on the wall where the paint is peeling.,3.101922757923603,0.0,2.0840831100940704,0.0
libragrad,/media/crk/vol3/rt/coco/val2017/000000525286.jpg,A large clock  is on the wall where the paint is peeling.,2.3496337234973907,0.0,0.0,0.0
fusion,/media/crk/vol3/rt/coco/val2017/000000525286.jpg,A large clock  is on the wall where the paint is peeling.,3.102089650928974,0.0,0.01783818006515503,0.0
m2ib,/media/crk/vol3/rt/coco/val2017/000000576052.jpg,A female horse rider mounted near a body of water and mountains.,2.327471040189266,0.0,0.9003689512610435,0.0
lciba,/media/crk/vol3/rt/coco/val2017/000000576052.jpg,A female horse rider mounted near a body of water and mountains.,3.9555948227643967,0.0,0.9996140375733376,0.0
libragrad,/media/crk/vol3/rt/coco/val2017/000000576052.jpg,A female horse rider mounted near a body of water and mountains.,2.2051217034459114,0.0,0.0,0.0
fusion,/media/crk/vol3/rt/coco/val2017/000000576052.jpg,A female horse rider mounted near a body of water and mountains.,2.503209374845028,0.0,0.7407044991850853,0.0
m2ib,/media/crk/vol3/rt/coco/val2017/000000239347.jpg,A picture of a recently married couple displayed behind glass.,1.083172019571066,0.0,0.030558183789253235,0.0
lciba,/media/crk/vol3/rt/coco/val2017/000000239347.jpg,A picture of a recently married couple displayed behind glass.,3.129585087299347,0.0,2.7809761464595795,0.0
libragrad,/media/crk/vol3/rt/coco/val2017/000000239347.jpg,A picture of a recently married couple displayed behind glass.,2.1060826256871223,0.0,0.0,0.0
fusion,/media/crk/vol3/rt/coco/val2017/000000239347.jpg,A picture of a recently married couple displayed behind glass.,0.0,100.0,0.01929439604282379,0.0
m2ib,/media/crk/vol3/rt/coco/val2017/000000133244.jpg,A man holding a tennis racquet on a tennis court.,0.0,100.0,0.0,100.0
lciba,/media/crk/vol3/rt/coco/val2017/000000133244.jpg,A man holding a tennis racquet on a tennis court.,4.128580167889595,0.0,0.38085971027612686,0.0
libragrad,/media/crk/vol3/rt/coco/val2017/000000133244.jpg,A man holding a tennis racquet on a tennis court.,2.1109402179718018,0.0,0.0,0.0
fusion,/media/crk/vol3/rt/coco/val2017/000000133244.jpg,A man holding a tennis racquet on a tennis court.,0.0,100.0,0.0,0.0
m2ib,/media/crk/vol3/rt/coco/val2017/000000153299.jpg,two giraffes are standing together outside a barn,0.0,100.0,0.0,100.0
lciba,/media/crk/vol3/rt/coco/val2017/000000153299.jpg,two giraffes are standing together outside a barn,1.4225831255316734,0.0,0.421767495572567,0.0
libragrad,/media/crk/vol3/rt/coco/val2017/000000153299.jpg,two giraffes are standing together outside a barn,0.0,100.0,0.0,0.0
fusion,/media/crk/vol3/rt/coco/val2017/000000153299.jpg,two giraffes are standing together outside a barn,0.0,100.0,0.0,0.0
m2ib,/media/crk/vol3/rt/coco/val2017/000000036539.jpg,There is a man and a young girl snowboarding ,1.5987254679203033,0.0,0.4689471796154976,0.0
lciba,/media/crk/vol3/rt/coco/val2017/000000036539.jpg,There is a man and a young girl snowboarding ,4.371140152215958,0.0,0.5892163142561913,0.0
libragrad,/media/crk/vol3/rt/coco/val2017/000000036539.jpg,There is a man and a young girl snowboarding ,3.1160177662968636,0.0,0.0,0.0
fusion,/media/crk/vol3/rt/coco/val2017/000000036539.jpg,There is a man and a young girl snowboarding ,1.4698028564453125,0.0,0.35668816417455673,0.0
m2ib,/media/crk/vol3/rt/coco/val2017/000000209222.jpg,Black and white photograph of a man sitting at a bench.,0.17538517713546753,0.0,0.006233155727386475,0.0
lciba,/media/crk/vol3/rt/coco/val2017/000000209222.jpg,Black and white photograph of a man sitting at a bench.,0.0,100.0,1.5060901641845703,0.0
libragrad,/media/crk/vol3/rt/coco/val2017/000000209222.jpg,Black and white photograph of a man sitting at a bench.,0.9474189952015877,0.0,0.0,0.0
fusion,/media/crk/vol3/rt/coco/val2017/000000209222.jpg,Black and white photograph of a man sitting at a bench.,0.8394451811909676,0.0,0.0,0.0
m2ib,/media/crk/vol3/rt/coco/val2017/000000362682.jpg,A cartoon dog is painted on the side of the passenger bus.,1.296275109052658,0.0,0.38534440100193024,0.0
lciba,/media/crk/vol3/rt/coco/val2017/000000362682.jpg,A cartoon dog is painted on the side of the passenger bus.,0.8225966244935989,0.0,0.8588312193751335,0.0
libragrad,/media/crk/vol3/rt/coco/val2017/000000362682.jpg,A cartoon dog is painted on the side of the passenger bus.,4.434259235858917,0.0,0.0,0.0
fusion,/media/crk/vol3/rt/coco/val2017/000000362682.jpg,A cartoon dog is painted on the side of the passenger bus.,1.768595539033413,0.0,0.0,0.0
m2ib,/media/crk/vol3/rt/coco/val2017/000000335450.jpg,Two brown ponies in grassy field next to a fence.,0.17087459564208984,0.0,0.0,100.0
lciba,/media/crk/vol3/rt/coco/val2017/000000335450.jpg,Two brown ponies in grassy field next to a fence.,5.323383212089539,0.0,0.0,100.0
libragrad,/media/crk/vol3/rt/coco/val2017/000000335450.jpg,Two brown ponies in grassy field next to a fence.,1.253926008939743,0.0,0.0,100.0
fusion,/media/crk/vol3/rt/coco/val2017/000000335450.jpg,Two brown ponies in grassy field next to a fence.,3.213496506214142,0.0,0.0,100.0
m2ib,/media/crk/vol3/rt/coco/val2017/000000084170.jpg,a red and white bus and some cars in the rain,2.776101604104042,0.0,0.0,0.0
lciba,/media/crk/vol3/rt/coco/val2017/000000084170.jpg,a red and white bus and some cars in the rain,1.7173811793327332,0.0,1.9667036831378937,0.0
libragrad,/media/crk/vol3/rt/coco/val2017/000000084170.jpg,a red and white bus and some cars in the rain,3.419528529047966,0.0,0.0,0.0
fusion,/media/crk/vol3/rt/coco/val2017/000000084170.jpg,a red and white bus and some cars in the rain,5.329085513949394,0.0,0.0,0.0
m2ib,/media/crk/vol3/rt/coco/val2017/000000025593.jpg,A stop sign on a post at a public street.,0.3902020864188671,0.0,1.8220309168100357,0.0
lciba,/media/crk/vol3/rt/coco/val2017/000000025593.jpg,A stop sign on a post at a public street.,1.5781357884407043,0.0,1.9977748394012451,0.0
libragrad,/media/crk/vol3/rt/coco/val2017/000000025593.jpg,A stop sign on a post at a public street.,0.6716950796544552,0.0,0.0,0.0
fusion,/media/crk/vol3/rt/coco/val2017/000000025593.jpg,A stop sign on a post at a public street.,2.0056430250406265,0.0,0.0,0.0
m2ib,/media/crk/vol3/rt/coco/val2017/000000226984.jpg,A kitchen filled with appliances and wooden cabinets.,1.903284713625908,0.0,0.0,100.0
lciba,/media/crk/vol3/rt/coco/val2017/000000226984.jpg,A kitchen filled with appliances and wooden cabinets.,7.4613772332668304,0.0,1.462458074092865,0.0
libragrad,/media/crk/vol3/rt/coco/val2017/000000226984.jpg,A kitchen filled with appliances and wooden cabinets.,3.7165842950344086,0.0,0.0,0.0
fusion,/media/crk/vol3/rt/coco/val2017/000000226984.jpg,A kitchen filled with appliances and wooden cabinets.,4.010426625609398,0.0,0.0,0.0
m2ib,/media/crk/vol3/rt/coco/val2017/000000180878.jpg,A table topped with a smart phone next to a white bag.,0.06355196237564087,0.0,0.043141841888427734,0.0
lciba,/media/crk/vol3/rt/coco/val2017/000000180878.jpg,A table topped with a smart phone next to a white bag.,5.363978445529938,0.0,1.865905150771141,0.0
libragrad,/media/crk/vol3/rt/coco/val2017/000000180878.jpg,A table topped with a smart phone next to a white bag.,0.7245078682899475,0.0,0.0,0.0
fusion,/media/crk/vol3/rt/coco/val2017/000000180878.jpg,A table topped with a smart phone next to a white bag.,1.6436729580163956,0.0,0.05727633833885193,0.0
m2ib,/media/crk/vol3/rt/coco/val2017/000000123480.jpg,A man taking a selfie while brushing his teeth and looking in the mirror ,0.0,100.0,0.05768686532974243,0.0
lciba,/media/crk/vol3/rt/coco/val2017/000000123480.jpg,A man taking a selfie while brushing his teeth and looking in the mirror ,0.0,100.0,0.9669758379459381,0.0
libragrad,/media/crk/vol3/rt/coco/val2017/000000123480.jpg,A man taking a selfie while brushing his teeth and looking in the mirror ,0.0,100.0,0.0,0.0
fusion,/media/crk/vol3/rt/coco/val2017/000000123480.jpg,A man taking a selfie while brushing his teeth and looking in the mirror ,0.0,100.0,0.0,0.0
m2ib,/media/crk/vol3/rt/coco/val2017/000000189828.jpg,Grey plane taking off above some green vegetation.,0.0,100.0,0.22083884105086327,0.0
lciba,/media/crk/vol3/rt/coco/val2017/000000189828.jpg,Grey plane taking off above some green vegetation.,0.2593596465885639,0.0,0.14523668214678764,0.0
libragrad,/media/crk/vol3/rt/coco/val2017/000000189828.jpg,Grey plane taking off above some green vegetation.,0.0,100.0,0.0,0.0
fusion,/media/crk/vol3/rt/coco/val2017/000000189828.jpg,Grey plane taking off above some green vegetation.,0.0,100.0,0.17855623736977577,0.0
m2ib,/media/crk/vol3/rt/coco/val2017/000000098018.jpg,This is a picture of a kitchen in a poverty area of a town.,0.0,100.0,0.13407552614808083,0.0
lciba,/media/crk/vol3/rt/coco/val2017/000000098018.jpg,This is a picture of a kitchen in a poverty area of a town.,0.16274023801088333,0.0,0.0008960254490375519,0.0
libragrad,/media/crk/vol3/rt/coco/val2017/000000098018.jpg,This is a picture of a kitchen in a poverty area of a town.,0.0,100.0,0.0,100.0
fusion,/media/crk/vol3/rt/coco/val2017/000000098018.jpg,This is a picture of a kitchen in a poverty area of a town.,0.0,100.0,0.0,100.0
m2ib,/media/crk/vol3/rt/coco/val2017/000000161008.jpg,A pair of scissors sitting on top of a wooden box.,0.0,100.0,0.31827446073293686,0.0
lciba,/media/crk/vol3/rt/coco/val2017/000000161008.jpg,A pair of scissors sitting on top of a wooden box.,0.34139305353164673,0.0,0.9288492612540722,0.0
libragrad,/media/crk/vol3/rt/coco/val2017/000000161008.jpg,A pair of scissors sitting on top of a wooden box.,0.0,100.0,0.0,0.0
fusion,/media/crk/vol3/rt/coco/val2017/000000161008.jpg,A pair of scissors sitting on top of a wooden box.,0.0,100.0,0.31827446073293686,0.0
m2ib,/media/crk/vol3/rt/coco/val2017/000000222825.jpg,A kitchen with a stove top oven next to a white fridge.,1.7473191022872925,0.0,1.5706822276115417,0.0
lciba,/media/crk/vol3/rt/coco/val2017/000000222825.jpg,A kitchen with a stove top oven next to a white fridge.,7.565240561962128,0.0,1.740725338459015,0.0
libragrad,/media/crk/vol3/rt/coco/val2017/000000222825.jpg,A kitchen with a stove top oven next to a white fridge.,3.195580840110779,0.0,0.0,100.0
fusion,/media/crk/vol3/rt/coco/val2017/000000222825.jpg,A kitchen with a stove top oven next to a white fridge.,6.17409311234951,0.0,0.0,100.0
m2ib,/media/crk/vol3/rt/coco/val2017/000000447522.jpg,"Rice, broccoli, onions, and tomatoes sitting on a plate.",0.48323776572942734,0.0,0.020603463053703308,0.0
lciba,/media/crk/vol3/rt/coco/val2017/000000447522.jpg,"Rice, broccoli, onions, and tomatoes sitting on a plate.",4.426833987236023,0.0,0.2992939203977585,0.0
libragrad,/media/crk/vol3/rt/coco/val2017/000000447522.jpg,"Rice, broccoli, onions, and tomatoes sitting on a plate.",1.5155751258134842,0.0,0.0,0.0
fusion,/media/crk/vol3/rt/coco/val2017/000000447522.jpg,"Rice, broccoli, onions, and tomatoes sitting on a plate.",4.8567995429039,0.0,0.0,0.0
m2ib,/media/crk/vol3/rt/coco/val2017/000000130579.jpg,A pitcher about to pitch in a baseball game.,0.9986866265535355,0.0,0.15554279088974,0.0
lciba,/media/crk/vol3/rt/coco/val2017/000000130579.jpg,A pitcher about to pitch in a baseball game.,7.375498116016388,0.0,0.3134481608867645,0.0
libragrad,/media/crk/vol3/rt/coco/val2017/000000130579.jpg,A pitcher about to pitch in a baseball game.,0.5692388862371445,0.0,0.0,0.0
fusion,/media/crk/vol3/rt/coco/val2017/000000130579.jpg,A pitcher about to pitch in a baseball game.,1.424926146864891,0.0,0.0,0.0
m2ib,/media/crk/vol3/rt/coco/val2017/000000421455.jpg,Guy takes a picture  of his dog in the backseat through his side mirror. ,0.0,100.0,0.0,100.0
lciba,/media/crk/vol3/rt/coco/val2017/000000421455.jpg,Guy takes a picture  of his dog in the backseat through his side mirror. ,0.0,100.0,1.5777494758367538,0.0
libragrad,/media/crk/vol3/rt/coco/val2017/000000421455.jpg,Guy takes a picture  of his dog in the backseat through his side mirror. ,0.0,100.0,0.0,0.0
fusion,/media/crk/vol3/rt/coco/val2017/000000421455.jpg,Guy takes a picture  of his dog in the backseat through his side mirror. ,0.0,100.0,0.0,0.0
m2ib,/media/crk/vol3/rt/coco/val2017/000000287545.jpg,A couple of giraffe standing in a building.,0.39187371730804443,0.0,0.0,0.0
lciba,/media/crk/vol3/rt/coco/val2017/000000287545.jpg,A couple of giraffe standing in a building.,6.2193505465984344,0.0,1.60527303814888,0.0
libragrad,/media/crk/vol3/rt/coco/val2017/000000287545.jpg,A couple of giraffe standing in a building.,1.2984659522771835,0.0,0.0,0.0
fusion,/media/crk/vol3/rt/coco/val2017/000000287545.jpg,A couple of giraffe standing in a building.,3.4855052828788757,0.0,0.16568638384342194,0.0
m2ib,/media/crk/vol3/rt/coco/val2017/000000359855.jpg,A broken suitcase is on the side of the road.,0.0,100.0,0.5841895937919617,0.0
lciba,/media/crk/vol3/rt/coco/val2017/000000359855.jpg,A broken suitcase is on the side of the road.,5.1541682332754135,0.0,0.6965193897485733,0.0
libragrad,/media/crk/vol3/rt/coco/val2017/000000359855.jpg,A broken suitcase is on the side of the road.,0.21883361041545868,0.0,0.0,0.0
fusion,/media/crk/vol3/rt/coco/val2017/000000359855.jpg,A broken suitcase is on the side of the road.,1.1318942531943321,0.0,0.5501698702573776,0.0
m2ib,/media/crk/vol3/rt/coco/val2017/000000565989.jpg,Large clock sitting on the side of a large building. ,3.999461606144905,0.0,0.019209273159503937,0.0
lciba,/media/crk/vol3/rt/coco/val2017/000000565989.jpg,Large clock sitting on the side of a large building. ,5.392146110534668,0.0,0.3010774031281471,0.0
libragrad,/media/crk/vol3/rt/coco/val2017/000000565989.jpg,Large clock sitting on the side of a large building. ,4.399453848600388,0.0,0.0,0.0
fusion,/media/crk/vol3/rt/coco/val2017/000000565989.jpg,Large clock sitting on the side of a large building. ,2.0607421174645424,0.0,0.005394592881202698,0.0
m2ib,/media/crk/vol3/rt/coco/val2017/000000506178.jpg,Blurry image of men in living room playing a stand-up video game.,0.0,100.0,0.1843550242483616,0.0
lciba,/media/crk/vol3/rt/coco/val2017/000000506178.jpg,Blurry image of men in living room playing a stand-up video game.,1.4073112979531288,0.0,0.0,100.0
libragrad,/media/crk/vol3/rt/coco/val2017/000000506178.jpg,Blurry image of men in living room playing a stand-up video game.,0.0,100.0,0.0,0.0
fusion,/media/crk/vol3/rt/coco/val2017/000000506178.jpg,Blurry image of men in living room playing a stand-up video game.,0.0,100.0,0.01284237951040268,0.0
m2ib,/media/crk/vol3/rt/coco/val2017/000000015751.jpg,A few birds are on the roof of a house.,0.440033245831728,0.0,0.9138612076640129,0.0
lciba,/media/crk/vol3/rt/coco/val2017/000000015751.jpg,A few birds are on the roof of a house.,1.342883799225092,0.0,1.1341197416186333,0.0
libragrad,/media/crk/vol3/rt/coco/val2017/000000015751.jpg,A few birds are on the roof of a house.,1.4814944006502628,0.0,0.0,0.0
fusion,/media/crk/vol3/rt/coco/val2017/000000015751.jpg,A few birds are on the roof of a house.,0.0020763836801052094,0.0,0.05229618400335312,0.0
m2ib,/media/crk/vol3/rt/coco/val2017/000000026926.jpg,An orange fire hydrant with a face and bow tie drawn on it. ,0.8758066222071648,0.0,0.5062542855739594,0.0
lciba,/media/crk/vol3/rt/coco/val2017/000000026926.jpg,An orange fire hydrant with a face and bow tie drawn on it. ,0.6581632420420647,0.0,0.9123796597123146,0.0
libragrad,/media/crk/vol3/rt/coco/val2017/000000026926.jpg,An orange fire hydrant with a face and bow tie drawn on it. ,1.8381625413894653,0.0,0.0,0.0
fusion,/media/crk/vol3/rt/coco/val2017/000000026926.jpg,An orange fire hydrant with a face and bow tie drawn on it. ,1.6539469361305237,0.0,0.0,0.0
m2ib,/media/crk/vol3/rt/coco/val2017/000000384350.jpg,a white and red plane parked on a tarmac,1.5519950538873672,0.0,0.05888752639293671,0.0
lciba,/media/crk/vol3/rt/coco/val2017/000000384350.jpg,a white and red plane parked on a tarmac,1.3883480802178383,0.0,0.6858174689114094,0.0
libragrad,/media/crk/vol3/rt/coco/val2017/000000384350.jpg,a white and red plane parked on a tarmac,1.7842389643192291,0.0,0.0,0.0
fusion,/media/crk/vol3/rt/coco/val2017/000000384350.jpg,a white and red plane parked on a tarmac,0.8998717181384563,0.0,0.0,0.0
m2ib,/media/crk/vol3/rt/coco/val2017/000000435081.jpg,a collection of various food pictures mostly of desert type items,0.8427072316408157,0.0,0.2225903794169426,0.0
lciba,/media/crk/vol3/rt/coco/val2017/000000435081.jpg,a collection of various food pictures mostly of desert type items,6.131090596318245,0.0,1.4332054182887077,0.0
libragrad,/media/crk/vol3/rt/coco/val2017/000000435081.jpg,a collection of various food pictures mostly of desert type items,0.15040189027786255,0.0,0.0,0.0
fusion,/media/crk/vol3/rt/coco/val2017/000000435081.jpg,a collection of various food pictures mostly of desert type items,1.5710573643445969,0.0,0.04551149904727936,0.0
m2ib,/media/crk/vol3/rt/coco/val2017/000000382030.jpg,A wig sitting next to a pair of shoes on top of a table.,0.0,100.0,0.06776922382414341,0.0
lciba,/media/crk/vol3/rt/coco/val2017/000000382030.jpg,A wig sitting next to a pair of shoes on top of a table.,1.2938418425619602,0.0,1.467219740152359,0.0
libragrad,/media/crk/vol3/rt/coco/val2017/000000382030.jpg,A wig sitting next to a pair of shoes on top of a table.,0.0,100.0,1.407703384757042,0.0
fusion,/media/crk/vol3/rt/coco/val2017/000000382030.jpg,A wig sitting next to a pair of shoes on top of a table.,1.4106111600995064,0.0,0.024527451023459435,0.0
m2ib,/media/crk/vol3/rt/coco/val2017/000000483050.jpg,A large bed with two lamps on either side lighting the room. ,0.0,100.0,0.016861408948898315,0.0
lciba,/media/crk/vol3/rt/coco/val2017/000000483050.jpg,A large bed with two lamps on either side lighting the room. ,0.0,100.0,0.7452957332134247,0.0
libragrad,/media/crk/vol3/rt/coco/val2017/000000483050.jpg,A large bed with two lamps on either side lighting the room. ,0.0,100.0,0.0,0.0
fusion,/media/crk/vol3/rt/coco/val2017/000000483050.jpg,A large bed with two lamps on either side lighting the room. ,0.0,100.0,0.021005794405937195,0.0
m2ib,/media/crk/vol3/rt/coco/val2017/000000466567.jpg,A tree with a donut as an ornament,2.6226408779621124,0.0,0.0,100.0
lciba,/media/crk/vol3/rt/coco/val2017/000000466567.jpg,A tree with a donut as an ornament,5.858986079692841,0.0,2.276897430419922,0.0
libragrad,/media/crk/vol3/rt/coco/val2017/000000466567.jpg,A tree with a donut as an ornament,3.0627846717834473,0.0,0.0,0.0
fusion,/media/crk/vol3/rt/coco/val2017/000000466567.jpg,A tree with a donut as an ornament,4.711046814918518,0.0,0.00755898654460907,0.0
m2ib,/media/crk/vol3/rt/coco/val2017/000000304560.jpg,A black ct with green eyes sitting in the sun.,0.0,100.0,0.486195832490921,0.0
lciba,/media/crk/vol3/rt/coco/val2017/000000304560.jpg,A black ct with green eyes sitting in the sun.,2.059464156627655,0.0,0.7503990083932877,0.0
libragrad,/media/crk/vol3/rt/coco/val2017/000000304560.jpg,A black ct with green eyes sitting in the sun.,0.7975637912750244,0.0,0.0,0.0
fusion,/media/crk/vol3/rt/coco/val2017/000000304560.jpg,A black ct with green eyes sitting in the sun.,0.9823460131883621,0.0,0.048934295773506165,0.0
m2ib,/media/crk/vol3/rt/coco/val2017/000000070158.jpg,Three adult zebras walk calmly along close together.,0.8201542310416698,0.0,0.0,100.0
lciba,/media/crk/vol3/rt/coco/val2017/000000070158.jpg,Three adult zebras walk calmly along close together.,1.0363402776420116,0.0,0.0,100.0
libragrad,/media/crk/vol3/rt/coco/val2017/000000070158.jpg,Three adult zebras walk calmly along close together.,0.6074529141187668,0.0,0.008984655141830444,0.0
fusion,/media/crk/vol3/rt/coco/val2017/000000070158.jpg,Three adult zebras walk calmly along close together.,2.1302683278918266,0.0,0.008984655141830444,0.0
m2ib,/media/crk/vol3/rt/coco/val2017/000000259597.jpg,A little kid pointing his camera at a stage where people are dressed up.,2.0130792632699013,0.0,0.0,100.0
lciba,/media/crk/vol3/rt/coco/val2017/000000259597.jpg,A little kid pointing his camera at a stage where people are dressed up.,1.9293580204248428,0.0,1.9528953358530998,0.0
libragrad,/media/crk/vol3/rt/coco/val2017/000000259597.jpg,A little kid pointing his camera at a stage where people are dressed up.,0.6226319819688797,0.0,0.0,0.0
fusion,/media/crk/vol3/rt/coco/val2017/000000259597.jpg,A little kid pointing his camera at a stage where people are dressed up.,0.0,100.0,0.0,100.0
m2ib,/media/crk/vol3/rt/coco/val2017/000000126107.jpg,A bird that is flying over the sand.,0.2957165241241455,0.0,0.021454691886901855,0.0
lciba,/media/crk/vol3/rt/coco/val2017/000000126107.jpg,A bird that is flying over the sand.,2.63352133333683,0.0,0.2625502645969391,0.0
libragrad,/media/crk/vol3/rt/coco/val2017/000000126107.jpg,A bird that is flying over the sand.,0.0,100.0,0.0,0.0
fusion,/media/crk/vol3/rt/coco/val2017/000000126107.jpg,A bird that is flying over the sand.,0.0,100.0,0.0,0.0
m2ib,/media/crk/vol3/rt/coco/val2017/000000404839.jpg,A couple standing together holding Wii controllers next to a building.,3.275548666715622,0.0,0.010002683848142624,0.0
lciba,/media/crk/vol3/rt/coco/val2017/000000404839.jpg,A couple standing together holding Wii controllers next to a building.,4.40656952559948,0.0,1.5188537538051605,0.0
libragrad,/media/crk/vol3/rt/coco/val2017/000000404839.jpg,A couple standing together holding Wii controllers next to a building.,3.908272832632065,0.0,0.0,100.0
fusion,/media/crk/vol3/rt/coco/val2017/000000404839.jpg,A couple standing together holding Wii controllers next to a building.,3.4220054745674133,0.0,0.0,100.0
m2ib,/media/crk/vol3/rt/coco/val2017/000000458410.jpg,A living room with an old fashioned TV and a couch.,2.994733676314354,0.0,1.0160024277865887,0.0
lciba,/media/crk/vol3/rt/coco/val2017/000000458410.jpg,A living room with an old fashioned TV and a couch.,3.5198699682950974,0.0,1.1406680569052696,0.0
libragrad,/media/crk/vol3/rt/coco/val2017/000000458410.jpg,A living room with an old fashioned TV and a couch.,1.8927382305264473,0.0,0.0,0.0
fusion,/media/crk/vol3/rt/coco/val2017/000000458410.jpg,A living room with an old fashioned TV and a couch.,3.6114290356636047,0.0,0.00458303838968277,0.0
m2ib,/media/crk/vol3/rt/coco/val2017/000000260106.jpg,A man jumping a brown horse over an obstacle.,1.7502406612038612,0.0,0.0,100.0
lciba,/media/crk/vol3/rt/coco/val2017/000000260106.jpg,A man jumping a brown horse over an obstacle.,3.8590095937252045,0.0,0.0,100.0
libragrad,/media/crk/vol3/rt/coco/val2017/000000260106.jpg,A man jumping a brown horse over an obstacle.,1.8106231465935707,0.0,0.0,0.0
fusion,/media/crk/vol3/rt/coco/val2017/000000260106.jpg,A man jumping a brown horse over an obstacle.,3.392382338643074,0.0,0.0,100.0
m2ib,/media/crk/vol3/rt/coco/val2017/000000259640.jpg,people walking around a tamale truck and a building ,0.8533621206879616,0.0,0.022708624601364136,0.0
lciba,/media/crk/vol3/rt/coco/val2017/000000259640.jpg,people walking around a tamale truck and a building ,0.0,100.0,0.5648922175168991,0.0
libragrad,/media/crk/vol3/rt/coco/val2017/000000259640.jpg,people walking around a tamale truck and a building ,0.8073469623923302,0.0,0.0,0.0
fusion,/media/crk/vol3/rt/coco/val2017/000000259640.jpg,people walking around a tamale truck and a building ,1.6864454373717308,0.0,0.0,0.0
m2ib,/media/crk/vol3/rt/coco/val2017/000000359833.jpg,A young boy reaching up to grab a red apple.,0.0,100.0,0.0,0.0
lciba,/media/crk/vol3/rt/coco/val2017/000000359833.jpg,A young boy reaching up to grab a red apple.,3.940686583518982,0.0,2.0302116870880127,0.0
libragrad,/media/crk/vol3/rt/coco/val2017/000000359833.jpg,A young boy reaching up to grab a red apple.,1.2830999679863453,0.0,0.0,0.0
fusion,/media/crk/vol3/rt/coco/val2017/000000359833.jpg,A young boy reaching up to grab a red apple.,0.0,100.0,0.0,0.0
m2ib,/media/crk/vol3/rt/coco/val2017/000000373353.jpg,People crossing a street in front of a taxi and tour bus.,0.26371851563453674,0.0,0.06697811186313629,0.0
lciba,/media/crk/vol3/rt/coco/val2017/000000373353.jpg,People crossing a street in front of a taxi and tour bus.,4.4122613966465,0.0,0.35958229564130306,0.0
libragrad,/media/crk/vol3/rt/coco/val2017/000000373353.jpg,People crossing a street in front of a taxi and tour bus.,2.1759308874607086,0.0,0.0,0.0
fusion,/media/crk/vol3/rt/coco/val2017/000000373353.jpg,People crossing a street in front of a taxi and tour bus.,2.254735864698887,0.0,0.0,0.0
m2ib,/media/crk/vol3/rt/coco/val2017/000000494188.jpg,A black bird sitting next to a couple of people in chairs.,0.0,100.0,0.21894369274377823,0.0
lciba,/media/crk/vol3/rt/coco/val2017/000000494188.jpg,A black bird sitting next to a couple of people in chairs.,3.1597867608070374,0.0,1.128561981022358,0.0
libragrad,/media/crk/vol3/rt/coco/val2017/000000494188.jpg,A black bird sitting next to a couple of people in chairs.,0.0,100.0,0.0,0.0
fusion,/media/crk/vol3/rt/coco/val2017/000000494188.jpg,A black bird sitting next to a couple of people in chairs.,1.0922547429800034,0.0,0.0046039000153541565,0.0
m2ib,/media/crk/vol3/rt/coco/val2017/000000245173.jpg,A tall red bricked clock tower with three windows.,3.201572224497795,0.0,0.028573349118232727,0.0
lciba,/media/crk/vol3/rt/coco/val2017/000000245173.jpg,A tall red bricked clock tower with three windows.,1.0573973879218102,0.0,0.09391307830810547,0.0
libragrad,/media/crk/vol3/rt/coco/val2017/000000245173.jpg,A tall red bricked clock tower with three windows.,3.4172486513853073,0.0,0.0,0.0
fusion,/media/crk/vol3/rt/coco/val2017/000000245173.jpg,A tall red bricked clock tower with three windows.,2.6822704821825027,0.0,0.0,100.0
m2ib,/media/crk/vol3/rt/coco/val2017/000000402473.jpg,there are two cats that are laying with each other,0.0,100.0,0.11025145649909973,0.0
lciba,/media/crk/vol3/rt/coco/val2017/000000402473.jpg,there are two cats that are laying with each other,0.0,100.0,1.702699437737465,0.0
libragrad,/media/crk/vol3/rt/coco/val2017/000000402473.jpg,there are two cats that are laying with each other,0.17672069370746613,0.0,0.0,0.0
fusion,/media/crk/vol3/rt/coco/val2017/000000402473.jpg,there are two cats that are laying with each other,0.0,100.0,0.005125254392623901,0.0
m2ib,/media/crk/vol3/rt/coco/val2017/000000437239.jpg,A group of people standing on a field playing disc golf.,2.350006625056267,0.0,0.0,100.0
lciba,/media/crk/vol3/rt/coco/val2017/000000437239.jpg,A group of people standing on a field playing disc golf.,4.03023287653923,0.0,1.9511429592967033,0.0
libragrad,/media/crk/vol3/rt/coco/val2017/000000437239.jpg,A group of people standing on a field playing disc golf.,2.3739468306303024,0.0,0.0,0.0
fusion,/media/crk/vol3/rt/coco/val2017/000000437239.jpg,A group of people standing on a field playing disc golf.,1.4428858645260334,0.0,0.0,0.0
m2ib,/media/crk/vol3/rt/coco/val2017/000000127987.jpg,A baseball player bobble head next to two computer monitors on a desk.,0.9141203016042709,0.0,0.9670760482549667,0.0
lciba,/media/crk/vol3/rt/coco/val2017/000000127987.jpg,A baseball player bobble head next to two computer monitors on a desk.,7.312031090259552,0.0,1.360032707452774,0.0
libragrad,/media/crk/vol3/rt/coco/val2017/000000127987.jpg,A baseball player bobble head next to two computer monitors on a desk.,1.4252524822950363,0.0,0.0,0.0
fusion,/media/crk/vol3/rt/coco/val2017/000000127987.jpg,A baseball player bobble head next to two computer monitors on a desk.,3.4911420196294785,0.0,0.014106184244155884,0.0
m2ib,/media/crk/vol3/rt/coco/val2017/000000567011.jpg,A person riding a beautiful wave very smooth,1.1522971093654633,0.0,0.8015379309654236,0.0
lciba,/media/crk/vol3/rt/coco/val2017/000000567011.jpg,A person riding a beautiful wave very smooth,5.753831565380096,0.0,0.8443653583526611,0.0
libragrad,/media/crk/vol3/rt/coco/val2017/000000567011.jpg,A person riding a beautiful wave very smooth,1.7457220703363419,0.0,0.0,0.0
fusion,/media/crk/vol3/rt/coco/val2017/000000567011.jpg,A person riding a beautiful wave very smooth,2.290588431060314,0.0,0.834568589925766,0.0
m2ib,/media/crk/vol3/rt/coco/val2017/000000022479.jpg,The skateboarder wears headphones while jumping to grab his board.,2.319760248064995,0.0,0.7901438511908054,0.0
lciba,/media/crk/vol3/rt/coco/val2017/000000022479.jpg,The skateboarder wears headphones while jumping to grab his board.,4.2843297123909,0.0,1.0439053177833557,0.0
libragrad,/media/crk/vol3/rt/coco/val2017/000000022479.jpg,The skateboarder wears headphones while jumping to grab his board.,3.9755336940288544,0.0,0.0,0.0
fusion,/media/crk/vol3/rt/coco/val2017/000000022479.jpg,The skateboarder wears headphones while jumping to grab his board.,3.2965339720249176,0.0,0.6554987281560898,0.0
m2ib,/media/crk/vol3/rt/coco/val2017/000000374551.jpg,There is a tiny bird on the branch.,0.0,100.0,0.9765148162841797,0.0
lciba,/media/crk/vol3/rt/coco/val2017/000000374551.jpg,There is a tiny bird on the branch.,0.0,100.0,1.028834655880928,0.0
libragrad,/media/crk/vol3/rt/coco/val2017/000000374551.jpg,There is a tiny bird on the branch.,0.17280280590057373,0.0,0.8066967129707336,0.0
fusion,/media/crk/vol3/rt/coco/val2017/000000374551.jpg,There is a tiny bird on the branch.,0.0,100.0,0.7905866950750351,0.0
m2ib,/media/crk/vol3/rt/coco/val2017/000000187585.jpg,a young man is on his skateboard doing a trick ,0.0,100.0,1.7736611887812614,0.0
lciba,/media/crk/vol3/rt/coco/val2017/000000187585.jpg,a young man is on his skateboard doing a trick ,2.14648824185133,0.0,1.7736611887812614,0.0
libragrad,/media/crk/vol3/rt/coco/val2017/000000187585.jpg,a young man is on his skateboard doing a trick ,0.0,100.0,0.0,0.0
fusion,/media/crk/vol3/rt/coco/val2017/000000187585.jpg,a young man is on his skateboard doing a trick ,0.10454123839735985,0.0,1.5392811968922615,0.0
m2ib,/media/crk/vol3/rt/coco/val2017/000000323496.jpg,A young lad swings his Wilson tennis racquet.,1.606907695531845,0.0,0.0,100.0
lciba,/media/crk/vol3/rt/coco/val2017/000000323496.jpg,A young lad swings his Wilson tennis racquet.,3.384418413043022,0.0,0.031594932079315186,0.0
libragrad,/media/crk/vol3/rt/coco/val2017/000000323496.jpg,A young lad swings his Wilson tennis racquet.,3.02547924220562,0.0,0.0,0.0
fusion,/media/crk/vol3/rt/coco/val2017/000000323496.jpg,A young lad swings his Wilson tennis racquet.,3.591032326221466,0.0,0.0,0.0
m2ib,/media/crk/vol3/rt/coco/val2017/000000411665.jpg,A cat playing with it's reflection in a mirror.,0.0,100.0,1.343994215130806,0.0
lciba,/media/crk/vol3/rt/coco/val2017/000000411665.jpg,A cat playing with it's reflection in a mirror.,0.8586020208895206,0.0,1.654282584786415,0.0
libragrad,/media/crk/vol3/rt/coco/val2017/000000411665.jpg,A cat playing with it's reflection in a mirror.,0.0,100.0,0.0,0.0
fusion,/media/crk/vol3/rt/coco/val2017/000000411665.jpg,A cat playing with it's reflection in a mirror.,0.0,100.0,0.0,0.0
m2ib,/media/crk/vol3/rt/coco/val2017/000000454661.jpg,A street filled with traffic next to a building.,0.014886446297168732,0.0,0.0,100.0
lciba,/media/crk/vol3/rt/coco/val2017/000000454661.jpg,A street filled with traffic next to a building.,2.285640127956867,0.0,2.6055455207824707,0.0
libragrad,/media/crk/vol3/rt/coco/val2017/000000454661.jpg,A street filled with traffic next to a building.,0.4413253627717495,0.0,0.0,0.0
fusion,/media/crk/vol3/rt/coco/val2017/000000454661.jpg,A street filled with traffic next to a building.,1.1670430190861225,0.0,0.0,0.0
m2ib,/media/crk/vol3/rt/coco/val2017/000000404191.jpg,A refrigerator freezer sitting in a yellow kitchen.,1.8000595271587372,0.0,1.060575246810913,0.0
lciba,/media/crk/vol3/rt/coco/val2017/000000404191.jpg,A refrigerator freezer sitting in a yellow kitchen.,7.837875932455063,0.0,1.454869657754898,0.0
libragrad,/media/crk/vol3/rt/coco/val2017/000000404191.jpg,A refrigerator freezer sitting in a yellow kitchen.,2.779611200094223,0.0,0.0,0.0
fusion,/media/crk/vol3/rt/coco/val2017/000000404191.jpg,A refrigerator freezer sitting in a yellow kitchen.,5.031604692339897,0.0,0.007977336645126343,0.0
m2ib,/media/crk/vol3/rt/coco/val2017/000000172396.jpg,A pizza being made within the oven ,0.0,100.0,0.0,100.0
lciba,/media/crk/vol3/rt/coco/val2017/000000172396.jpg,A pizza being made within the oven ,0.9950198233127594,0.0,0.0,100.0
libragrad,/media/crk/vol3/rt/coco/val2017/000000172396.jpg,A pizza being made within the oven ,0.25343820452690125,0.0,0.0,0.0
fusion,/media/crk/vol3/rt/coco/val2017/000000172396.jpg,A pizza being made within the oven ,0.652768462896347,0.0,0.0,0.0
m2ib,/media/crk/vol3/rt/coco/val2017/000000013348.jpg,a large air plane on a terminal ,1.9971389323472977,0.0,1.2178730219602585,0.0
lciba,/media/crk/vol3/rt/coco/val2017/000000013348.jpg,a large air plane on a terminal ,4.397863894701004,0.0,1.1131340637803078,0.0
libragrad,/media/crk/vol3/rt/coco/val2017/000000013348.jpg,a large air plane on a terminal ,3.1859684735536575,0.0,0.0,0.0
fusion,/media/crk/vol3/rt/coco/val2017/000000013348.jpg,a large air plane on a terminal ,1.3948708772659302,0.0,0.0,0.0
m2ib,/media/crk/vol3/rt/coco/val2017/000000491090.jpg,A man sitting on one of a group of motorcycles.,0.712301954627037,0.0,1.8028970807790756,0.0
lciba,/media/crk/vol3/rt/coco/val2017/000000491090.jpg,A man sitting on one of a group of motorcycles.,0.0,100.0,2.076943591237068,0.0
libragrad,/media/crk/vol3/rt/coco/val2017/000000491090.jpg,A man sitting on one of a group of motorcycles.,0.2103995531797409,0.0,0.0,0.0
fusion,/media/crk/vol3/rt/coco/val2017/000000491090.jpg,A man sitting on one of a group of motorcycles.,0.0,100.0,0.0,0.0
m2ib,/media/crk/vol3/rt/coco/val2017/000000231097.jpg,A nearly empty plate containing broccoli and brown sauce.,4.565742611885071,0.0,1.063036173582077,0.0
lciba,/media/crk/vol3/rt/coco/val2017/000000231097.jpg,A nearly empty plate containing broccoli and brown sauce.,5.867885053157806,0.0,1.386677473783493,0.0
libragrad,/media/crk/vol3/rt/coco/val2017/000000231097.jpg,A nearly empty plate containing broccoli and brown sauce.,4.766525328159332,0.0,0.0,0.0
fusion,/media/crk/vol3/rt/coco/val2017/000000231097.jpg,A nearly empty plate containing broccoli and brown sauce.,3.520077094435692,0.0,0.0,0.0
m2ib,/media/crk/vol3/rt/coco/val2017/000000258388.jpg,A teenager shoots flames at a friend balancing on a skateboard.,0.7691355422139168,0.0,0.0,100.0
lciba,/media/crk/vol3/rt/coco/val2017/000000258388.jpg,A teenager shoots flames at a friend balancing on a skateboard.,5.0403594970703125,0.0,0.2899322658777237,0.0
libragrad,/media/crk/vol3/rt/coco/val2017/000000258388.jpg,A teenager shoots flames at a friend balancing on a skateboard.,1.6823997721076012,0.0,0.0,0.0
fusion,/media/crk/vol3/rt/coco/val2017/000000258388.jpg,A teenager shoots flames at a friend balancing on a skateboard.,3.5461220890283585,0.0,0.036893412470817566,0.0
m2ib,/media/crk/vol3/rt/coco/val2017/000000361919.jpg,A group of people skiing down the side of a snow covered mountain.,0.10902872309088707,0.0,0.22953003644943237,0.0
lciba,/media/crk/vol3/rt/coco/val2017/000000361919.jpg,A group of people skiing down the side of a snow covered mountain.,0.14601610600948334,0.0,0.34009162336587906,0.0
libragrad,/media/crk/vol3/rt/coco/val2017/000000361919.jpg,A group of people skiing down the side of a snow covered mountain.,0.0,100.0,0.0,0.0
fusion,/media/crk/vol3/rt/coco/val2017/000000361919.jpg,A group of people skiing down the side of a snow covered mountain.,0.0,100.0,0.3313746303319931,0.0
m2ib,/media/crk/vol3/rt/coco/val2017/000000023126.jpg,A man is standing on top of two horses and holding the reigns.,2.237430214881897,0.0,0.0366920605301857,0.0
lciba,/media/crk/vol3/rt/coco/val2017/000000023126.jpg,A man is standing on top of two horses and holding the reigns.,0.0,100.0,0.49930550158023834,0.0
libragrad,/media/crk/vol3/rt/coco/val2017/000000023126.jpg,A man is standing on top of two horses and holding the reigns.,0.0,100.0,0.0,0.0
fusion,/media/crk/vol3/rt/coco/val2017/000000023126.jpg,A man is standing on top of two horses and holding the reigns.,0.0,100.0,0.0,100.0
m2ib,/media/crk/vol3/rt/coco/val2017/000000433774.jpg,A parking meter sitting next to a tall tree.,0.0,100.0,0.0,100.0
lciba,/media/crk/vol3/rt/coco/val2017/000000433774.jpg,A parking meter sitting next to a tall tree.,2.2335372865200043,0.0,3.6856889724731445,0.0
libragrad,/media/crk/vol3/rt/coco/val2017/000000433774.jpg,A parking meter sitting next to a tall tree.,0.26194220408797264,0.0,0.0,0.0
fusion,/media/crk/vol3/rt/coco/val2017/000000433774.jpg,A parking meter sitting next to a tall tree.,2.583184093236923,0.0,0.0,0.0
m2ib,/media/crk/vol3/rt/coco/val2017/000000429761.jpg,Two men shaking hands while standing on a tennis court.,1.3996824622154236,0.0,0.0,100.0
lciba,/media/crk/vol3/rt/coco/val2017/000000429761.jpg,Two men shaking hands while standing on a tennis court.,7.672230899333954,0.0,0.0,100.0
libragrad,/media/crk/vol3/rt/coco/val2017/000000429761.jpg,Two men shaking hands while standing on a tennis court.,1.8881220370531082,0.0,0.0,0.0
fusion,/media/crk/vol3/rt/coco/val2017/000000429761.jpg,Two men shaking hands while standing on a tennis court.,2.024388313293457,0.0,0.0,100.0
m2ib,/media/crk/vol3/rt/coco/val2017/000000289417.jpg,A boy standing on skis in the snow.,1.5426571480929852,0.0,0.0,100.0
lciba,/media/crk/vol3/rt/coco/val2017/000000289417.jpg,A boy standing on skis in the snow.,2.6913750916719437,0.0,0.0,100.0
libragrad,/media/crk/vol3/rt/coco/val2017/000000289417.jpg,A boy standing on skis in the snow.,2.1877724677324295,0.0,0.0,0.0
fusion,/media/crk/vol3/rt/coco/val2017/000000289417.jpg,A boy standing on skis in the snow.,2.462373487651348,0.0,0.0,0.0
m2ib,/media/crk/vol3/rt/coco/val2017/000000476119.jpg,a man skating on the road very fast,0.0,100.0,1.4196259900927544,0.0
lciba,/media/crk/vol3/rt/coco/val2017/000000476119.jpg,a man skating on the road very fast,3.3047500997781754,0.0,1.6212202608585358,0.0
libragrad,/media/crk/vol3/rt/coco/val2017/000000476119.jpg,a man skating on the road very fast,0.0,100.0,0.0,0.0
fusion,/media/crk/vol3/rt/coco/val2017/000000476119.jpg,a man skating on the road very fast,0.0,100.0,0.0,0.0
m2ib,/media/crk/vol3/rt/coco/val2017/000000056350.jpg,A picture of people is on the floor near a urinal.,0.09495951235294342,0.0,0.2571895718574524,0.0
lciba,/media/crk/vol3/rt/coco/val2017/000000056350.jpg,A picture of people is on the floor near a urinal.,3.895585983991623,0.0,1.9628265872597694,0.0
libragrad,/media/crk/vol3/rt/coco/val2017/000000056350.jpg,A picture of people is on the floor near a urinal.,0.8048603311181068,0.0,0.0,0.0
fusion,/media/crk/vol3/rt/coco/val2017/000000056350.jpg,A picture of people is on the floor near a urinal.,1.0098058730363846,0.0,0.0313829630613327,0.0
m2ib,/media/crk/vol3/rt/coco/val2017/000000455872.jpg,A black and white image of a shipyard with some boats. ,0.0,100.0,2.7238918468356133,0.0
lciba,/media/crk/vol3/rt/coco/val2017/000000455872.jpg,A black and white image of a shipyard with some boats. ,0.8171029388904572,0.0,2.775554172694683,0.0
libragrad,/media/crk/vol3/rt/coco/val2017/000000455872.jpg,A black and white image of a shipyard with some boats. ,0.0,100.0,0.0,0.0
fusion,/media/crk/vol3/rt/coco/val2017/000000455872.jpg,A black and white image of a shipyard with some boats. ,0.0,100.0,2.6711901649832726,0.0
m2ib,/media/crk/vol3/rt/coco/val2017/000000313034.jpg,A man in a green shirt stands by a girl holding a piece of cake on a plate.,0.6348906084895134,0.0,0.05035940557718277,0.0
lciba,/media/crk/vol3/rt/coco/val2017/000000313034.jpg,A man in a green shirt stands by a girl holding a piece of cake on a plate.,2.8027331456542015,0.0,3.2586894929409027,0.0
libragrad,/media/crk/vol3/rt/coco/val2017/000000313034.jpg,A man in a green shirt stands by a girl holding a piece of cake on a plate.,0.11519845575094223,0.0,0.0,0.0
fusion,/media/crk/vol3/rt/coco/val2017/000000313034.jpg,A man in a green shirt stands by a girl holding a piece of cake on a plate.,1.0297596454620361,0.0,0.0,0.0
m2ib,/media/crk/vol3/rt/coco/val2017/000000574297.jpg,A man in a helmet is riding a horse across a dirt road,0.0,100.0,0.0,100.0
lciba,/media/crk/vol3/rt/coco/val2017/000000574297.jpg,A man in a helmet is riding a horse across a dirt road,0.0,100.0,0.0,100.0
libragrad,/media/crk/vol3/rt/coco/val2017/000000574297.jpg,A man in a helmet is riding a horse across a dirt road,0.0,100.0,0.0,0.0
fusion,/media/crk/vol3/rt/coco/val2017/000000574297.jpg,A man in a helmet is riding a horse across a dirt road,0.0,100.0,0.0391986221075058,0.0
m2ib,/media/crk/vol3/rt/coco/val2017/000000565962.jpg,A cat outside a window looking at a Buddha statue.,1.178913563489914,0.0,1.382683590054512,0.0
lciba,/media/crk/vol3/rt/coco/val2017/000000565962.jpg,A cat outside a window looking at a Buddha statue.,0.6564304232597351,0.0,1.8364697694778442,0.0
libragrad,/media/crk/vol3/rt/coco/val2017/000000565962.jpg,A cat outside a window looking at a Buddha statue.,2.419376000761986,0.0,0.0,0.0
fusion,/media/crk/vol3/rt/coco/val2017/000000565962.jpg,A cat outside a window looking at a Buddha statue.,1.5404008328914642,0.0,0.0,0.0
m2ib,/media/crk/vol3/rt/coco/val2017/000000250205.jpg,Couple of Seagulls stand next to each other watching the same thing,0.5638066679239273,0.0,0.1369291916489601,0.0
lciba,/media/crk/vol3/rt/coco/val2017/000000250205.jpg,Couple of Seagulls stand next to each other watching the same thing,4.433699697256088,0.0,1.2633325532078743,0.0
libragrad,/media/crk/vol3/rt/coco/val2017/000000250205.jpg,Couple of Seagulls stand next to each other watching the same thing,2.90971826761961,0.0,0.0,0.0
fusion,/media/crk/vol3/rt/coco/val2017/000000250205.jpg,Couple of Seagulls stand next to each other watching the same thing,2.5396790355443954,0.0,1.1375436559319496,0.0
m2ib,/media/crk/vol3/rt/coco/val2017/000000007818.jpg,An illuminated floral display forms the centerpiece of the arrangement in this close up of a dining room table setting.,0.4974097013473511,0.0,0.017593801021575928,0.0
lciba,/media/crk/vol3/rt/coco/val2017/000000007818.jpg,An illuminated floral display forms the centerpiece of the arrangement in this close up of a dining room table setting.,3.305448964238167,0.0,1.0680638253688812,0.0
libragrad,/media/crk/vol3/rt/coco/val2017/000000007818.jpg,An illuminated floral display forms the centerpiece of the arrangement in this close up of a dining room table setting.,0.376729853451252,0.0,0.055067986249923706,0.0
fusion,/media/crk/vol3/rt/coco/val2017/000000007818.jpg,An illuminated floral display forms the centerpiece of the arrangement in this close up of a dining room table setting.,0.74817119166255,0.0,0.0,0.0
m2ib,/media/crk/vol3/rt/coco/val2017/000000176901.jpg,Three people in the snow trying to walk up the hill in skiis.,2.751811593770981,0.0,0.03955624997615814,0.0
lciba,/media/crk/vol3/rt/coco/val2017/000000176901.jpg,Three people in the snow trying to walk up the hill in skiis.,3.1925998628139496,0.0,0.0,100.0
libragrad,/media/crk/vol3/rt/coco/val2017/000000176901.jpg,Three people in the snow trying to walk up the hill in skiis.,2.9388073831796646,0.0,0.0,0.0
fusion,/media/crk/vol3/rt/coco/val2017/000000176901.jpg,Three people in the snow trying to walk up the hill in skiis.,3.1043872237205505,0.0,0.008393451571464539,0.0
m2ib,/media/crk/vol3/rt/coco/val2017/000000301421.jpg,"Computer desk setup with monitor, wireless keyboard, and other electronic devices. ",0.0,100.0,0.0,100.0
lciba,/media/crk/vol3/rt/coco/val2017/000000301421.jpg,"Computer desk setup with monitor, wireless keyboard, and other electronic devices. ",2.9650989919900894,0.0,0.0,100.0
libragrad,/media/crk/vol3/rt/coco/val2017/000000301421.jpg,"Computer desk setup with monitor, wireless keyboard, and other electronic devices. ",0.0,100.0,0.0,0.0
fusion,/media/crk/vol3/rt/coco/val2017/000000301421.jpg,"Computer desk setup with monitor, wireless keyboard, and other electronic devices. ",0.2964390441775322,0.0,0.0,0.0
m2ib,/media/crk/vol3/rt/coco/val2017/000000552883.jpg,"A view of a kitchen with cabinets, a sink and a clothes washer.",0.9823393076658249,0.0,0.0036828219890594482,0.0
lciba,/media/crk/vol3/rt/coco/val2017/000000552883.jpg,"A view of a kitchen with cabinets, a sink and a clothes washer.",6.564214825630188,0.0,1.7293285578489304,0.0
libragrad,/media/crk/vol3/rt/coco/val2017/000000552883.jpg,"A view of a kitchen with cabinets, a sink and a clothes washer.",1.902974396944046,0.0,0.0,0.0
fusion,/media/crk/vol3/rt/coco/val2017/000000552883.jpg,"A view of a kitchen with cabinets, a sink and a clothes washer.",3.3594001084566116,0.0,0.0,0.0
m2ib,/media/crk/vol3/rt/coco/val2017/000000085157.jpg,A group of people are seated around a dining table.,0.0,100.0,0.0,100.0
lciba,/media/crk/vol3/rt/coco/val2017/000000085157.jpg,A group of people are seated around a dining table.,3.906642645597458,0.0,1.9249802455306053,0.0
libragrad,/media/crk/vol3/rt/coco/val2017/000000085157.jpg,A group of people are seated around a dining table.,0.0,100.0,0.0,0.0
fusion,/media/crk/vol3/rt/coco/val2017/000000085157.jpg,A group of people are seated around a dining table.,0.17797965556383133,0.0,0.0,0.0
m2ib,/media/crk/vol3/rt/coco/val2017/000000370478.jpg,some luggage and a back back sitting on teh ground next to a lap top,0.0,100.0,0.0,100.0
lciba,/media/crk/vol3/rt/coco/val2017/000000370478.jpg,some luggage and a back back sitting on teh ground next to a lap top,3.566111996769905,0.0,0.0,100.0
libragrad,/media/crk/vol3/rt/coco/val2017/000000370478.jpg,some luggage and a back back sitting on teh ground next to a lap top,0.0,100.0,0.0,100.0
fusion,/media/crk/vol3/rt/coco/val2017/000000370478.jpg,some luggage and a back back sitting on teh ground next to a lap top,0.0912785530090332,0.0,0.0,100.0
m2ib,/media/crk/vol3/rt/coco/val2017/000000263644.jpg,The antique bed has elaborate wood decoration on the frame..,0.0,100.0,0.0,100.0
lciba,/media/crk/vol3/rt/coco/val2017/000000263644.jpg,The antique bed has elaborate wood decoration on the frame..,0.0,100.0,0.0,100.0
libragrad,/media/crk/vol3/rt/coco/val2017/000000263644.jpg,The antique bed has elaborate wood decoration on the frame..,0.0,100.0,0.0,0.0
fusion,/media/crk/vol3/rt/coco/val2017/000000263644.jpg,The antique bed has elaborate wood decoration on the frame..,0.0,100.0,0.0,100.0
m2ib,/media/crk/vol3/rt/coco/val2017/000000518326.jpg,Creepy large doll heads laying in giant oversized fake beds.,0.0,100.0,0.0,0.0
lciba,/media/crk/vol3/rt/coco/val2017/000000518326.jpg,Creepy large doll heads laying in giant oversized fake beds.,0.0,100.0,1.5602704137563705,0.0
libragrad,/media/crk/vol3/rt/coco/val2017/000000518326.jpg,Creepy large doll heads laying in giant oversized fake beds.,0.0,100.0,0.0,0.0
fusion,/media/crk/vol3/rt/coco/val2017/000000518326.jpg,Creepy large doll heads laying in giant oversized fake beds.,0.0,100.0,0.0,0.0
m2ib,/media/crk/vol3/rt/coco/val2017/000000279730.jpg,A person holding a sandwich next to a cup of coffee.,0.0,100.0,0.0690411776304245,0.0
lciba,/media/crk/vol3/rt/coco/val2017/000000279730.jpg,A person holding a sandwich next to a cup of coffee.,5.6043971329927444,0.0,2.0930124446749687,0.0
libragrad,/media/crk/vol3/rt/coco/val2017/000000279730.jpg,A person holding a sandwich next to a cup of coffee.,0.4650060087442398,0.0,0.0,0.0
fusion,/media/crk/vol3/rt/coco/val2017/000000279730.jpg,A person holding a sandwich next to a cup of coffee.,2.6694681495428085,0.0,0.0,100.0
m2ib,/media/crk/vol3/rt/coco/val2017/000000430961.jpg,A baseball player preparing to throw a pitch during a game.,1.5850493684411049,0.0,1.1129673570394516,0.0
lciba,/media/crk/vol3/rt/coco/val2017/000000430961.jpg,A baseball player preparing to throw a pitch during a game.,4.649808257818222,0.0,1.2675493955612183,0.0
libragrad,/media/crk/vol3/rt/coco/val2017/000000430961.jpg,A baseball player preparing to throw a pitch during a game.,0.6463645026087761,0.0,0.0,0.0
fusion,/media/crk/vol3/rt/coco/val2017/000000430961.jpg,A baseball player preparing to throw a pitch during a game.,1.2438025325536728,0.0,0.0,0.0
m2ib,/media/crk/vol3/rt/coco/val2017/000000491497.jpg,A fluffy white chair that faces away fro a television.,0.0,100.0,0.008553732186555862,0.0
lciba,/media/crk/vol3/rt/coco/val2017/000000491497.jpg,A fluffy white chair that faces away fro a television.,1.283539179712534,0.0,0.5991844926029444,0.0
libragrad,/media/crk/vol3/rt/coco/val2017/000000491497.jpg,A fluffy white chair that faces away fro a television.,0.0,100.0,0.0,0.0
fusion,/media/crk/vol3/rt/coco/val2017/000000491497.jpg,A fluffy white chair that faces away fro a television.,0.0,100.0,0.0,0.0
m2ib,/media/crk/vol3/rt/coco/val2017/000000119365.jpg,A couple of people with a laptop at a table.,1.2075699865818024,0.0,0.0,0.0
lciba,/media/crk/vol3/rt/coco/val2017/000000119365.jpg,A couple of people with a laptop at a table.,8.559343218803406,0.0,1.085469126701355,0.0
libragrad,/media/crk/vol3/rt/coco/val2017/000000119365.jpg,A couple of people with a laptop at a table.,3.417028486728668,0.0,0.0,0.0
fusion,/media/crk/vol3/rt/coco/val2017/000000119365.jpg,A couple of people with a laptop at a table.,4.205478727817535,0.0,0.0,0.0
m2ib,/media/crk/vol3/rt/coco/val2017/000000369812.jpg,"Various street signs including one that reads ""Newlon Hale Village.""",0.0,100.0,0.02453923225402832,0.0
lciba,/media/crk/vol3/rt/coco/val2017/000000369812.jpg,"Various street signs including one that reads ""Newlon Hale Village.""",0.0,100.0,1.7966389656066895,0.0
libragrad,/media/crk/vol3/rt/coco/val2017/000000369812.jpg,"Various street signs including one that reads ""Newlon Hale Village.""",0.0,100.0,0.0,0.0
fusion,/media/crk/vol3/rt/coco/val2017/000000369812.jpg,"Various street signs including one that reads ""Newlon Hale Village.""",0.0,100.0,0.0,0.0
m2ib,/media/crk/vol3/rt/coco/val2017/000000048924.jpg,A dirt bike parked near a tent in the woods.,2.345743775367737,0.0,0.7118178531527519,0.0
lciba,/media/crk/vol3/rt/coco/val2017/000000048924.jpg,A dirt bike parked near a tent in the woods.,0.0,100.0,0.6235267966985703,0.0
libragrad,/media/crk/vol3/rt/coco/val2017/000000048924.jpg,A dirt bike parked near a tent in the woods.,4.051174968481064,0.0,0.0,0.0
fusion,/media/crk/vol3/rt/coco/val2017/000000048924.jpg,A dirt bike parked near a tent in the woods.,2.8274264186620712,0.0,0.02795141190290451,0.0
m2ib,/media/crk/vol3/rt/coco/val2017/000000500478.jpg,A baseball player is winding up for the pitch.,0.0,100.0,0.3560274839401245,0.0
lciba,/media/crk/vol3/rt/coco/val2017/000000500478.jpg,A baseball player is winding up for the pitch.,1.962624303996563,0.0,0.4252925515174866,0.0
libragrad,/media/crk/vol3/rt/coco/val2017/000000500478.jpg,A baseball player is winding up for the pitch.,0.0,100.0,0.0,0.0
fusion,/media/crk/vol3/rt/coco/val2017/000000500478.jpg,A baseball player is winding up for the pitch.,0.0,100.0,0.0,0.0
m2ib,/media/crk/vol3/rt/coco/val2017/000000289516.jpg,A clock sits above green bushes under a blue sky.,0.8366821333765984,0.0,0.0,0.0
lciba,/media/crk/vol3/rt/coco/val2017/000000289516.jpg,A clock sits above green bushes under a blue sky.,2.446163631975651,0.0,1.876768283545971,0.0
libragrad,/media/crk/vol3/rt/coco/val2017/000000289516.jpg,A clock sits above green bushes under a blue sky.,0.5937885493040085,0.0,0.0,0.0
fusion,/media/crk/vol3/rt/coco/val2017/000000289516.jpg,A clock sits above green bushes under a blue sky.,2.007414773106575,0.0,0.0,0.0
m2ib,/media/crk/vol3/rt/coco/val2017/000000450758.jpg,A herd of giraffe running across a field.,1.8572542816400528,0.0,1.0658505372703075,0.0
lciba,/media/crk/vol3/rt/coco/val2017/000000450758.jpg,A herd of giraffe running across a field.,0.22178934887051582,0.0,1.0236064903438091,0.0
libragrad,/media/crk/vol3/rt/coco/val2017/000000450758.jpg,A herd of giraffe running across a field.,0.058483704924583435,0.0,0.0,0.0
fusion,/media/crk/vol3/rt/coco/val2017/000000450758.jpg,A herd of giraffe running across a field.,0.0,100.0,1.0985522530972958,0.0
m2ib,/media/crk/vol3/rt/coco/val2017/000000326128.jpg,The man is posing for a picture with his snowboard.,0.0,100.0,0.08550044149160385,0.0
lciba,/media/crk/vol3/rt/coco/val2017/000000326128.jpg,The man is posing for a picture with his snowboard.,2.2161321714520454,0.0,0.05680713802576065,0.0
libragrad,/media/crk/vol3/rt/coco/val2017/000000326128.jpg,The man is posing for a picture with his snowboard.,0.44202301651239395,0.0,0.0,0.0
fusion,/media/crk/vol3/rt/coco/val2017/000000326128.jpg,The man is posing for a picture with his snowboard.,0.45646950602531433,0.0,0.06495490670204163,0.0
m2ib,/media/crk/vol3/rt/coco/val2017/000000577976.jpg,A utility truck is parked in the street beside traffic cones.,2.9089879244565964,0.0,0.029831379652023315,0.0
lciba,/media/crk/vol3/rt/coco/val2017/000000577976.jpg,A utility truck is parked in the street beside traffic cones.,6.260165572166443,0.0,2.9330186545848846,0.0
libragrad,/media/crk/vol3/rt/coco/val2017/000000577976.jpg,A utility truck is parked in the street beside traffic cones.,2.9558900743722916,0.0,0.0,0.0
fusion,/media/crk/vol3/rt/coco/val2017/000000577976.jpg,A utility truck is parked in the street beside traffic cones.,2.908332832157612,0.0,0.0,0.0
m2ib,/media/crk/vol3/rt/coco/val2017/000000446574.jpg,A bathroom has a shower and toilet in it.,0.0,100.0,0.6905267015099525,0.0
lciba,/media/crk/vol3/rt/coco/val2017/000000446574.jpg,A bathroom has a shower and toilet in it.,0.2149691805243492,0.0,0.7413005456328392,0.0
libragrad,/media/crk/vol3/rt/coco/val2017/000000446574.jpg,A bathroom has a shower and toilet in it.,0.0,100.0,0.0,0.0
fusion,/media/crk/vol3/rt/coco/val2017/000000446574.jpg,A bathroom has a shower and toilet in it.,0.0,100.0,0.008095987141132355,0.0
m2ib,/media/crk/vol3/rt/coco/val2017/000000019402.jpg,A COUPLE WEARING HEAVY COATS LAUGHING WHILE EATING PIZZA.,0.6662003695964813,0.0,0.0843629240989685,0.0
lciba,/media/crk/vol3/rt/coco/val2017/000000019402.jpg,A COUPLE WEARING HEAVY COATS LAUGHING WHILE EATING PIZZA.,2.7463849633932114,0.0,0.8060364052653313,0.0
libragrad,/media/crk/vol3/rt/coco/val2017/000000019402.jpg,A COUPLE WEARING HEAVY COATS LAUGHING WHILE EATING PIZZA.,1.567063108086586,0.0,0.0,0.0
fusion,/media/crk/vol3/rt/coco/val2017/000000019402.jpg,A COUPLE WEARING HEAVY COATS LAUGHING WHILE EATING PIZZA.,3.105967678129673,0.0,0.0,0.0
m2ib,/media/crk/vol3/rt/coco/val2017/000000322163.jpg,A group of three chefs preparing food in a kitchen.,0.0,100.0,0.1584995537996292,0.0
lciba,/media/crk/vol3/rt/coco/val2017/000000322163.jpg,A group of three chefs preparing food in a kitchen.,4.753166437149048,0.0,0.1491408795118332,0.0
libragrad,/media/crk/vol3/rt/coco/val2017/000000322163.jpg,A group of three chefs preparing food in a kitchen.,1.7168490216135979,0.0,0.0,0.0
fusion,/media/crk/vol3/rt/coco/val2017/000000322163.jpg,A group of three chefs preparing food in a kitchen.,3.8192570209503174,0.0,0.024804100394248962,0.0
m2ib,/media/crk/vol3/rt/coco/val2017/000000017436.jpg,A man sitting on a bench with a tall building behind him.,3.1720269471406937,0.0,0.0,100.0
lciba,/media/crk/vol3/rt/coco/val2017/000000017436.jpg,A man sitting on a bench with a tall building behind him.,3.38742658495903,0.0,1.9006261602044106,0.0
libragrad,/media/crk/vol3/rt/coco/val2017/000000017436.jpg,A man sitting on a bench with a tall building behind him.,6.196117773652077,0.0,0.0,0.0
fusion,/media/crk/vol3/rt/coco/val2017/000000017436.jpg,A man sitting on a bench with a tall building behind him.,1.8830575048923492,0.0,0.0,0.0
m2ib,/media/crk/vol3/rt/coco/val2017/000000097679.jpg,A car with a snowboard on it's ski rack parked in a foggy parking lot next to two cars with empty ski racks. ,2.0631231367588043,0.0,0.5340178497135639,0.0
lciba,/media/crk/vol3/rt/coco/val2017/000000097679.jpg,A car with a snowboard on it's ski rack parked in a foggy parking lot next to two cars with empty ski racks. ,4.10563126206398,0.0,3.6998264491558075,0.0
libragrad,/media/crk/vol3/rt/coco/val2017/000000097679.jpg,A car with a snowboard on it's ski rack parked in a foggy parking lot next to two cars with empty ski racks. ,1.5773866325616837,0.0,0.0,100.0
fusion,/media/crk/vol3/rt/coco/val2017/000000097679.jpg,A car with a snowboard on it's ski rack parked in a foggy parking lot next to two cars with empty ski racks. ,2.875942178070545,0.0,2.6100298389792442,0.0
m2ib,/media/crk/vol3/rt/coco/val2017/000000329542.jpg,A hand adding a cherry to some small tarts.,1.2069683521986008,0.0,1.5450084581971169,0.0
lciba,/media/crk/vol3/rt/coco/val2017/000000329542.jpg,A hand adding a cherry to some small tarts.,2.9136046767234802,0.0,1.4881487935781479,0.0
libragrad,/media/crk/vol3/rt/coco/val2017/000000329542.jpg,A hand adding a cherry to some small tarts.,2.3616285994648933,0.0,0.0,0.0
fusion,/media/crk/vol3/rt/coco/val2017/000000329542.jpg,A hand adding a cherry to some small tarts.,0.8490849286317825,0.0,0.0,0.0
m2ib,/media/crk/vol3/rt/coco/val2017/000000554595.jpg,A man laying on top of a sandy beach laying next to a surfboard.,0.0,100.0,1.1373618617653847,0.0
lciba,/media/crk/vol3/rt/coco/val2017/000000554595.jpg,A man laying on top of a sandy beach laying next to a surfboard.,4.2626142501831055,0.0,1.0620852932333946,0.0
libragrad,/media/crk/vol3/rt/coco/val2017/000000554595.jpg,A man laying on top of a sandy beach laying next to a surfboard.,1.4763036742806435,0.0,0.0,0.0
fusion,/media/crk/vol3/rt/coco/val2017/000000554595.jpg,A man laying on top of a sandy beach laying next to a surfboard.,2.83015463501215,0.0,0.0016588717699050903,0.0
m2ib,/media/crk/vol3/rt/coco/val2017/000000046872.jpg,A man standing along side of a truck trailer.,4.410764575004578,0.0,3.295966237783432,0.0
lciba,/media/crk/vol3/rt/coco/val2017/000000046872.jpg,A man standing along side of a truck trailer.,7.619398087263107,0.0,3.498902916908264,0.0
libragrad,/media/crk/vol3/rt/coco/val2017/000000046872.jpg,A man standing along side of a truck trailer.,6.108715012669563,0.0,0.0,0.0
fusion,/media/crk/vol3/rt/coco/val2017/000000046872.jpg,A man standing along side of a truck trailer.,7.251789420843124,0.0,0.0,0.0
m2ib,/media/crk/vol3/rt/coco/val2017/000000296222.jpg,A man wearing sunglasses while holding a plate of pizza.,3.394981473684311,0.0,0.09727254509925842,0.0
lciba,/media/crk/vol3/rt/coco/val2017/000000296222.jpg,A man wearing sunglasses while holding a plate of pizza.,9.064319729804993,0.0,1.9651032984256744,0.0
libragrad,/media/crk/vol3/rt/coco/val2017/000000296222.jpg,A man wearing sunglasses while holding a plate of pizza.,3.7549663335084915,0.0,0.0,0.0
fusion,/media/crk/vol3/rt/coco/val2017/000000296222.jpg,A man wearing sunglasses while holding a plate of pizza.,4.241926968097687,0.0,0.05429014563560486,0.0
m2ib,/media/crk/vol3/rt/coco/val2017/000000438269.jpg,There is a bird standing in the sand.,2.3170970380306244,0.0,2.057199366390705,0.0
lciba,/media/crk/vol3/rt/coco/val2017/000000438269.jpg,There is a bird standing in the sand.,3.4650586545467377,0.0,2.084927074611187,0.0
libragrad,/media/crk/vol3/rt/coco/val2017/000000438269.jpg,There is a bird standing in the sand.,3.8481324911117554,0.0,0.0,0.0
fusion,/media/crk/vol3/rt/coco/val2017/000000438269.jpg,There is a bird standing in the sand.,2.837218716740608,0.0,2.020091377198696,0.0
m2ib,/media/crk/vol3/rt/coco/val2017/000000210520.jpg,A table with plates of food that include corn and fruit.,0.6131257861852646,0.0,0.06060078740119934,0.0
lciba,/media/crk/vol3/rt/coco/val2017/000000210520.jpg,A table with plates of food that include corn and fruit.,5.844687297940254,0.0,0.0,100.0
libragrad,/media/crk/vol3/rt/coco/val2017/000000210520.jpg,A table with plates of food that include corn and fruit.,0.9110387414693832,0.0,0.0,0.0
fusion,/media/crk/vol3/rt/coco/val2017/000000210520.jpg,A table with plates of food that include corn and fruit.,1.7192352563142776,0.0,0.0,0.0
m2ib,/media/crk/vol3/rt/coco/val2017/000000189752.jpg,That salad and pizza make a filling lunch.,0.0,100.0,0.03689974546432495,0.0
lciba,/media/crk/vol3/rt/coco/val2017/000000189752.jpg,That salad and pizza make a filling lunch.,3.8064703345298767,0.0,0.7626866921782494,0.0
libragrad,/media/crk/vol3/rt/coco/val2017/000000189752.jpg,That salad and pizza make a filling lunch.,0.0,100.0,0.0,0.0
fusion,/media/crk/vol3/rt/coco/val2017/000000189752.jpg,That salad and pizza make a filling lunch.,0.0,100.0,0.0,0.0
m2ib,/media/crk/vol3/rt/coco/val2017/000000509008.jpg,a lime and green bus parked on a grass field parking lot.,1.228358969092369,0.0,0.0,100.0
lciba,/media/crk/vol3/rt/coco/val2017/000000509008.jpg,a lime and green bus parked on a grass field parking lot.,4.811129719018936,0.0,2.74922214448452,0.0
libragrad,/media/crk/vol3/rt/coco/val2017/000000509008.jpg,a lime and green bus parked on a grass field parking lot.,3.199860453605652,0.0,0.0,0.0
fusion,/media/crk/vol3/rt/coco/val2017/000000509008.jpg,a lime and green bus parked on a grass field parking lot.,3.602363169193268,0.0,0.0,100.0
m2ib,/media/crk/vol3/rt/coco/val2017/000000484978.jpg,A woman sitting at a table while eating food.,0.0,100.0,0.002222508192062378,0.0
lciba,/media/crk/vol3/rt/coco/val2017/000000484978.jpg,A woman sitting at a table while eating food.,0.8863125927746296,0.0,0.7863632403314114,0.0
libragrad,/media/crk/vol3/rt/coco/val2017/000000484978.jpg,A woman sitting at a table while eating food.,0.2718108706176281,0.0,0.0,0.0
fusion,/media/crk/vol3/rt/coco/val2017/000000484978.jpg,A woman sitting at a table while eating food.,0.7772265933454037,0.0,0.002222508192062378,0.0
m2ib,/media/crk/vol3/rt/coco/val2017/000000182021.jpg,A man holding a baseball bat while standing on a baseball field.,0.1736607402563095,0.0,0.005144625902175903,0.0
lciba,/media/crk/vol3/rt/coco/val2017/000000182021.jpg,A man holding a baseball bat while standing on a baseball field.,5.210930481553078,0.0,0.0,100.0
libragrad,/media/crk/vol3/rt/coco/val2017/000000182021.jpg,A man holding a baseball bat while standing on a baseball field.,0.0,100.0,0.0,0.0
fusion,/media/crk/vol3/rt/coco/val2017/000000182021.jpg,A man holding a baseball bat while standing on a baseball field.,0.3724299371242523,0.0,0.055670738220214844,0.0
m2ib,/media/crk/vol3/rt/coco/val2017/000000260470.jpg,A counter topped with a large white frosted cake sitting next to small pastry.,0.0,100.0,0.07375180721282959,0.0
lciba,/media/crk/vol3/rt/coco/val2017/000000260470.jpg,A counter topped with a large white frosted cake sitting next to small pastry.,2.076876349747181,0.0,1.5473011881113052,0.0
libragrad,/media/crk/vol3/rt/coco/val2017/000000260470.jpg,A counter topped with a large white frosted cake sitting next to small pastry.,0.0,100.0,0.0,0.0
fusion,/media/crk/vol3/rt/coco/val2017/000000260470.jpg,A counter topped with a large white frosted cake sitting next to small pastry.,2.4718403816223145,0.0,0.0,0.0
m2ib,/media/crk/vol3/rt/coco/val2017/000000462643.jpg,A person holding a broken up cell phone.,0.23823920637369156,0.0,0.040796585381031036,0.0
lciba,/media/crk/vol3/rt/coco/val2017/000000462643.jpg,A person holding a broken up cell phone.,0.5972128361463547,0.0,1.6294831410050392,0.0
libragrad,/media/crk/vol3/rt/coco/val2017/000000462643.jpg,A person holding a broken up cell phone.,0.37483107298612595,0.0,0.0,0.0
fusion,/media/crk/vol3/rt/coco/val2017/000000462643.jpg,A person holding a broken up cell phone.,0.0,100.0,0.0,0.0
m2ib,/media/crk/vol3/rt/coco/val2017/000000021503.jpg,Crackers with spread on table with remote in background,2.1369606256484985,0.0,0.11170171201229095,0.0
lciba,/media/crk/vol3/rt/coco/val2017/000000021503.jpg,Crackers with spread on table with remote in background,5.2213869988918304,0.0,1.7225120216608047,0.0
libragrad,/media/crk/vol3/rt/coco/val2017/000000021503.jpg,Crackers with spread on table with remote in background,2.921011671423912,0.0,0.0,0.0
fusion,/media/crk/vol3/rt/coco/val2017/000000021503.jpg,Crackers with spread on table with remote in background,4.632608965039253,0.0,0.0,0.0
m2ib,/media/crk/vol3/rt/coco/val2017/000000302165.jpg,A herd of cows laying on dry grass.,0.0,100.0,0.0,100.0
lciba,/media/crk/vol3/rt/coco/val2017/000000302165.jpg,A herd of cows laying on dry grass.,8.430910110473633,0.0,1.7993316054344177,0.0
libragrad,/media/crk/vol3/rt/coco/val2017/000000302165.jpg,A herd of cows laying on dry grass.,0.0,100.0,0.0,0.0
fusion,/media/crk/vol3/rt/coco/val2017/000000302165.jpg,A herd of cows laying on dry grass.,0.0,100.0,0.0,100.0
m2ib,/media/crk/vol3/rt/coco/val2017/000000332570.jpg,the portable device is displaying a very important message.,0.9570637717843056,0.0,1.393679901957512,0.0
lciba,/media/crk/vol3/rt/coco/val2017/000000332570.jpg,the portable device is displaying a very important message.,1.6033884137868881,0.0,1.7149433493614197,0.0
libragrad,/media/crk/vol3/rt/coco/val2017/000000332570.jpg,the portable device is displaying a very important message.,0.6720339879393578,0.0,0.0,0.0
fusion,/media/crk/vol3/rt/coco/val2017/000000332570.jpg,the portable device is displaying a very important message.,0.5493633449077606,0.0,0.0,0.0
m2ib,/media/crk/vol3/rt/coco/val2017/000000056344.jpg,Two computer monitors on a desk with a keyboard and mouse,1.9307084381580353,0.0,0.0523710623383522,0.0
lciba,/media/crk/vol3/rt/coco/val2017/000000056344.jpg,Two computer monitors on a desk with a keyboard and mouse,5.865446850657463,0.0,0.5150856450200081,0.0
libragrad,/media/crk/vol3/rt/coco/val2017/000000056344.jpg,Two computer monitors on a desk with a keyboard and mouse,1.8516771495342255,0.0,0.0,0.0
fusion,/media/crk/vol3/rt/coco/val2017/000000056344.jpg,Two computer monitors on a desk with a keyboard and mouse,2.7241097763180733,0.0,0.0030623748898506165,0.0
m2ib,/media/crk/vol3/rt/coco/val2017/000000058636.jpg,A large wooden pole with a green street sign hanging from it.,2.662132680416107,0.0,2.9130030423402786,0.0
lciba,/media/crk/vol3/rt/coco/val2017/000000058636.jpg,A large wooden pole with a green street sign hanging from it.,11.324720829725266,0.0,3.274717926979065,0.0
libragrad,/media/crk/vol3/rt/coco/val2017/000000058636.jpg,A large wooden pole with a green street sign hanging from it.,1.706559956073761,0.0,0.0,0.0
fusion,/media/crk/vol3/rt/coco/val2017/000000058636.jpg,A large wooden pole with a green street sign hanging from it.,2.1661996841430664,0.0,0.0,0.0
m2ib,/media/crk/vol3/rt/coco/val2017/000000338325.jpg,A striped plane flying up into the sky as the sun shines behind it.,0.0,100.0,0.8647635579109192,0.0
lciba,/media/crk/vol3/rt/coco/val2017/000000338325.jpg,A striped plane flying up into the sky as the sun shines behind it.,0.0,100.0,0.9534981101751328,0.0
libragrad,/media/crk/vol3/rt/coco/val2017/000000338325.jpg,A striped plane flying up into the sky as the sun shines behind it.,0.0,100.0,0.0,0.0
fusion,/media/crk/vol3/rt/coco/val2017/000000338325.jpg,A striped plane flying up into the sky as the sun shines behind it.,0.0,100.0,0.0008869916200637817,0.0
m2ib,/media/crk/vol3/rt/coco/val2017/000000454978.jpg,A motorcycle is sitting on the side of the road next to a sign. ,2.216646447777748,0.0,1.5119245275855064,0.0
lciba,/media/crk/vol3/rt/coco/val2017/000000454978.jpg,A motorcycle is sitting on the side of the road next to a sign. ,3.416435793042183,0.0,1.6880493611097336,0.0
libragrad,/media/crk/vol3/rt/coco/val2017/000000454978.jpg,A motorcycle is sitting on the side of the road next to a sign. ,5.797777697443962,0.0,0.0,100.0
fusion,/media/crk/vol3/rt/coco/val2017/000000454978.jpg,A motorcycle is sitting on the side of the road next to a sign. ,3.377538174390793,0.0,1.288512721657753,0.0
m2ib,/media/crk/vol3/rt/coco/val2017/000000558213.jpg,A skateboarder doing a trick in a yard surrounded by a chain fence.,2.8456173837184906,0.0,1.572638750076294,0.0
lciba,/media/crk/vol3/rt/coco/val2017/000000558213.jpg,A skateboarder doing a trick in a yard surrounded by a chain fence.,5.803267657756805,0.0,2.2467339411377907,0.0
libragrad,/media/crk/vol3/rt/coco/val2017/000000558213.jpg,A skateboarder doing a trick in a yard surrounded by a chain fence.,3.592974692583084,0.0,0.0,0.0
fusion,/media/crk/vol3/rt/coco/val2017/000000558213.jpg,A skateboarder doing a trick in a yard surrounded by a chain fence.,4.3725185096263885,0.0,0.06588175892829895,0.0
m2ib,/media/crk/vol3/rt/coco/val2017/000000529122.jpg,The people are selecting their donuts at the counter.,4.187911748886108,0.0,0.0,0.0
lciba,/media/crk/vol3/rt/coco/val2017/000000529122.jpg,The people are selecting their donuts at the counter.,9.064123034477234,0.0,1.6572929918766022,0.0
libragrad,/media/crk/vol3/rt/coco/val2017/000000529122.jpg,The people are selecting their donuts at the counter.,4.4289808720350266,0.0,0.0,0.0
fusion,/media/crk/vol3/rt/coco/val2017/000000529122.jpg,The people are selecting their donuts at the counter.,5.82350566983223,0.0,0.0,0.0
m2ib,/media/crk/vol3/rt/coco/val2017/000000221708.jpg,Lights shine on a wooden dining room table.,1.1844217777252197,0.0,0.2834850922226906,0.0
lciba,/media/crk/vol3/rt/coco/val2017/000000221708.jpg,Lights shine on a wooden dining room table.,6.630630791187286,0.0,0.33180490136146545,0.0
libragrad,/media/crk/vol3/rt/coco/val2017/000000221708.jpg,Lights shine on a wooden dining room table.,2.347770519554615,0.0,0.0,0.0
fusion,/media/crk/vol3/rt/coco/val2017/000000221708.jpg,Lights shine on a wooden dining room table.,4.74558062851429,0.0,0.023888982832431793,0.0
m2ib,/media/crk/vol3/rt/coco/val2017/000000549674.jpg,Two computer monitors are turned on on a computer desk.,0.13737566769123077,0.0,0.0,100.0
lciba,/media/crk/vol3/rt/coco/val2017/000000549674.jpg,Two computer monitors are turned on on a computer desk.,5.042016506195068,0.0,0.2833572216331959,0.0
libragrad,/media/crk/vol3/rt/coco/val2017/000000549674.jpg,Two computer monitors are turned on on a computer desk.,0.4249177873134613,0.0,0.0,0.0
fusion,/media/crk/vol3/rt/coco/val2017/000000549674.jpg,Two computer monitors are turned on on a computer desk.,1.6089502722024918,0.0,0.0,0.0
m2ib,/media/crk/vol3/rt/coco/val2017/000000325306.jpg,A zebra that is bending it's neck backwards to reach it's tail.,0.2631381154060364,0.0,0.09869029745459557,0.0
lciba,/media/crk/vol3/rt/coco/val2017/000000325306.jpg,A zebra that is bending it's neck backwards to reach it's tail.,3.3455461263656616,0.0,2.0585915073752403,0.0
libragrad,/media/crk/vol3/rt/coco/val2017/000000325306.jpg,A zebra that is bending it's neck backwards to reach it's tail.,1.9958702847361565,0.0,0.0,0.0
fusion,/media/crk/vol3/rt/coco/val2017/000000325306.jpg,A zebra that is bending it's neck backwards to reach it's tail.,2.512061223387718,0.0,0.0,0.0
m2ib,/media/crk/vol3/rt/coco/val2017/000000147729.jpg,People gathered taking pictures with a cell phone.,2.0475320518016815,0.0,0.059025734663009644,0.0
lciba,/media/crk/vol3/rt/coco/val2017/000000147729.jpg,People gathered taking pictures with a cell phone.,4.508727043867111,0.0,0.18900763243436813,0.0
libragrad,/media/crk/vol3/rt/coco/val2017/000000147729.jpg,People gathered taking pictures with a cell phone.,1.8211010843515396,0.0,0.0,0.0
fusion,/media/crk/vol3/rt/coco/val2017/000000147729.jpg,People gathered taking pictures with a cell phone.,2.1429337561130524,0.0,0.028429552912712097,0.0
m2ib,/media/crk/vol3/rt/coco/val2017/000000312213.jpg,A cat sitting by a laptop but staring at a person. ,0.0,100.0,0.0014800578355789185,0.0
lciba,/media/crk/vol3/rt/coco/val2017/000000312213.jpg,A cat sitting by a laptop but staring at a person. ,1.4389894902706146,0.0,0.2810308709740639,0.0
libragrad,/media/crk/vol3/rt/coco/val2017/000000312213.jpg,A cat sitting by a laptop but staring at a person. ,0.6855275481939316,0.0,0.0,0.0
fusion,/media/crk/vol3/rt/coco/val2017/000000312213.jpg,A cat sitting by a laptop but staring at a person. ,1.0382499545812607,0.0,0.0,0.0
m2ib,/media/crk/vol3/rt/coco/val2017/000000043581.jpg,A restaurant table with a plate of vegetable pizza and garnishment,2.924426831305027,0.0,0.6041598040610552,0.0
lciba,/media/crk/vol3/rt/coco/val2017/000000043581.jpg,A restaurant table with a plate of vegetable pizza and garnishment,3.184499591588974,0.0,0.931316427886486,0.0
libragrad,/media/crk/vol3/rt/coco/val2017/000000043581.jpg,A restaurant table with a plate of vegetable pizza and garnishment,1.3949330896139145,0.0,0.0,0.0
fusion,/media/crk/vol3/rt/coco/val2017/000000043581.jpg,A restaurant table with a plate of vegetable pizza and garnishment,5.361444875597954,0.0,0.5716906860470772,0.0
m2ib,/media/crk/vol3/rt/coco/val2017/000000357888.jpg,a man wearing an orange shirt holding up a tiny kite,0.6594158709049225,0.0,0.0009022653102874756,0.0
lciba,/media/crk/vol3/rt/coco/val2017/000000357888.jpg,a man wearing an orange shirt holding up a tiny kite,7.3117077350616455,0.0,1.88565943390131,0.0
libragrad,/media/crk/vol3/rt/coco/val2017/000000357888.jpg,a man wearing an orange shirt holding up a tiny kite,2.1538853645324707,0.0,0.0,0.0
fusion,/media/crk/vol3/rt/coco/val2017/000000357888.jpg,a man wearing an orange shirt holding up a tiny kite,0.9752370417118073,0.0,0.0,0.0
m2ib,/media/crk/vol3/rt/coco/val2017/000000050165.jpg,Small train running down the tracks in the middle of a field.,1.3382058590650558,0.0,0.029040314257144928,0.0
lciba,/media/crk/vol3/rt/coco/val2017/000000050165.jpg,Small train running down the tracks in the middle of a field.,0.0,100.0,0.28981249779462814,0.0
libragrad,/media/crk/vol3/rt/coco/val2017/000000050165.jpg,Small train running down the tracks in the middle of a field.,0.6981369107961655,0.0,0.0,0.0
fusion,/media/crk/vol3/rt/coco/val2017/000000050165.jpg,Small train running down the tracks in the middle of a field.,0.0,100.0,0.06649605929851532,0.0
m2ib,/media/crk/vol3/rt/coco/val2017/000000239274.jpg,A yacht with people is near a pier on clear water.,1.353148277848959,0.0,0.299092847853899,0.0
lciba,/media/crk/vol3/rt/coco/val2017/000000239274.jpg,A yacht with people is near a pier on clear water.,1.4633024111390114,0.0,1.0266081430017948,0.0
libragrad,/media/crk/vol3/rt/coco/val2017/000000239274.jpg,A yacht with people is near a pier on clear water.,1.3561238534748554,0.0,0.0,0.0
fusion,/media/crk/vol3/rt/coco/val2017/000000239274.jpg,A yacht with people is near a pier on clear water.,3.0777189880609512,0.0,0.0538569875061512,0.0
m2ib,/media/crk/vol3/rt/coco/val2017/000000122166.jpg,a person riding on a bicycle on the street in front of some cars,0.5166128277778625,0.0,0.872272439301014,0.0
lciba,/media/crk/vol3/rt/coco/val2017/000000122166.jpg,a person riding on a bicycle on the street in front of some cars,2.477913349866867,0.0,1.0428298264741898,0.0
libragrad,/media/crk/vol3/rt/coco/val2017/000000122166.jpg,a person riding on a bicycle on the street in front of some cars,0.49516502767801285,0.0,0.0,0.0
fusion,/media/crk/vol3/rt/coco/val2017/000000122166.jpg,a person riding on a bicycle on the street in front of some cars,1.2300791218876839,0.0,0.03512175753712654,0.0
m2ib,/media/crk/vol3/rt/coco/val2017/000000117525.jpg,A man in front of a Christmas tree with his dog.,1.2188185006380081,0.0,0.08470658212900162,0.0
lciba,/media/crk/vol3/rt/coco/val2017/000000117525.jpg,A man in front of a Christmas tree with his dog.,6.8390727043151855,0.0,2.40410715341568,0.0
libragrad,/media/crk/vol3/rt/coco/val2017/000000117525.jpg,A man in front of a Christmas tree with his dog.,1.896056905388832,0.0,0.0,0.0
fusion,/media/crk/vol3/rt/coco/val2017/000000117525.jpg,A man in front of a Christmas tree with his dog.,4.9611058086156845,0.0,0.0,0.0
m2ib,/media/crk/vol3/rt/coco/val2017/000000417911.jpg,A man in a wetsuit surfing a wave on a surf board.,0.0,100.0,0.6462708115577698,0.0
lciba,/media/crk/vol3/rt/coco/val2017/000000417911.jpg,A man in a wetsuit surfing a wave on a surf board.,3.2802797853946686,0.0,0.6263166666030884,0.0
libragrad,/media/crk/vol3/rt/coco/val2017/000000417911.jpg,A man in a wetsuit surfing a wave on a surf board.,0.932098925113678,0.0,0.0,0.0
fusion,/media/crk/vol3/rt/coco/val2017/000000417911.jpg,A man in a wetsuit surfing a wave on a surf board.,1.850651390850544,0.0,0.022403523325920105,0.0
m2ib,/media/crk/vol3/rt/coco/val2017/000000449603.jpg,a person parachute surfing on a large body of water,0.0,100.0,0.2996699884533882,0.0
lciba,/media/crk/vol3/rt/coco/val2017/000000449603.jpg,a person parachute surfing on a large body of water,3.1011754646897316,0.0,0.2604629844427109,0.0
libragrad,/media/crk/vol3/rt/coco/val2017/000000449603.jpg,a person parachute surfing on a large body of water,0.0,100.0,0.0,0.0
fusion,/media/crk/vol3/rt/coco/val2017/000000449603.jpg,a person parachute surfing on a large body of water,0.6822974421083927,0.0,0.0,0.0
m2ib,/media/crk/vol3/rt/coco/val2017/000000516916.jpg,A desk with five computers in a row on it. ,0.44835880398750305,0.0,0.13151206076145172,0.0
lciba,/media/crk/vol3/rt/coco/val2017/000000516916.jpg,A desk with five computers in a row on it. ,6.632150709629059,0.0,1.9689228385686874,0.0
libragrad,/media/crk/vol3/rt/coco/val2017/000000516916.jpg,A desk with five computers in a row on it. ,1.7233308404684067,0.0,0.0,0.0
fusion,/media/crk/vol3/rt/coco/val2017/000000516916.jpg,A desk with five computers in a row on it. ,2.031155303120613,0.0,0.045531243085861206,0.0
m2ib,/media/crk/vol3/rt/coco/val2017/000000009914.jpg,"A plate of food which includes onions, tomato, lettuce, sauce, fries, and a sandwich.",2.084081619977951,0.0,0.02338886260986328,0.0
lciba,/media/crk/vol3/rt/coco/val2017/000000009914.jpg,"A plate of food which includes onions, tomato, lettuce, sauce, fries, and a sandwich.",7.247884571552277,0.0,2.169410139322281,0.0
libragrad,/media/crk/vol3/rt/coco/val2017/000000009914.jpg,"A plate of food which includes onions, tomato, lettuce, sauce, fries, and a sandwich.",0.8407972753047943,0.0,0.0,0.0
fusion,/media/crk/vol3/rt/coco/val2017/000000009914.jpg,"A plate of food which includes onions, tomato, lettuce, sauce, fries, and a sandwich.",4.03941385447979,0.0,0.0,0.0
m2ib,/media/crk/vol3/rt/coco/val2017/000000035326.jpg,A stove back splash with a granite design.,0.0,100.0,1.0489854961633682,0.0
lciba,/media/crk/vol3/rt/coco/val2017/000000035326.jpg,A stove back splash with a granite design.,3.2423876225948334,0.0,1.2088877148926258,0.0
libragrad,/media/crk/vol3/rt/coco/val2017/000000035326.jpg,A stove back splash with a granite design.,0.0,100.0,0.0,0.0
fusion,/media/crk/vol3/rt/coco/val2017/000000035326.jpg,A stove back splash with a granite design.,0.36354372277855873,0.0,0.0,0.0
m2ib,/media/crk/vol3/rt/coco/val2017/000000375430.jpg,A stack of pancakes that are sitting on a plate.,0.43991561979055405,0.0,0.017546862363815308,0.0
lciba,/media/crk/vol3/rt/coco/val2017/000000375430.jpg,A stack of pancakes that are sitting on a plate.,4.018666595220566,0.0,0.8115114644169807,0.0
libragrad,/media/crk/vol3/rt/coco/val2017/000000375430.jpg,A stack of pancakes that are sitting on a plate.,0.45281071215867996,0.0,0.0,0.0
fusion,/media/crk/vol3/rt/coco/val2017/000000375430.jpg,A stack of pancakes that are sitting on a plate.,3.404739499092102,0.0,0.0,0.0
m2ib,/media/crk/vol3/rt/coco/val2017/000000493019.jpg,A herd of giraffe standing next to each other eating.,1.3863014057278633,0.0,1.4872267842292786,0.0
lciba,/media/crk/vol3/rt/coco/val2017/000000493019.jpg,A herd of giraffe standing next to each other eating.,2.0014844834804535,0.0,1.4472156763076782,0.0
libragrad,/media/crk/vol3/rt/coco/val2017/000000493019.jpg,A herd of giraffe standing next to each other eating.,2.312058210372925,0.0,0.0,0.0
fusion,/media/crk/vol3/rt/coco/val2017/000000493019.jpg,A herd of giraffe standing next to each other eating.,0.7394126616418362,0.0,0.0,100.0
m2ib,/media/crk/vol3/rt/coco/val2017/000000148739.jpg,A person in a wet suit on a surfboard,0.0,100.0,0.0,100.0
lciba,/media/crk/vol3/rt/coco/val2017/000000148739.jpg,A person in a wet suit on a surfboard,3.2132796943187714,0.0,0.27758125215768814,0.0
libragrad,/media/crk/vol3/rt/coco/val2017/000000148739.jpg,A person in a wet suit on a surfboard,0.31887236982584,0.0,0.0,0.0
fusion,/media/crk/vol3/rt/coco/val2017/000000148739.jpg,A person in a wet suit on a surfboard,1.3431444764137268,0.0,0.387638621032238,0.0
m2ib,/media/crk/vol3/rt/coco/val2017/000000015278.jpg,A white plate topped with broccoli and a dumpling.,0.8710138499736786,0.0,0.17766505479812622,0.0
lciba,/media/crk/vol3/rt/coco/val2017/000000015278.jpg,A white plate topped with broccoli and a dumpling.,9.141310304403305,0.0,0.5194187164306641,0.0
libragrad,/media/crk/vol3/rt/coco/val2017/000000015278.jpg,A white plate topped with broccoli and a dumpling.,1.9995227456092834,0.0,0.0,0.0
fusion,/media/crk/vol3/rt/coco/val2017/000000015278.jpg,A white plate topped with broccoli and a dumpling.,6.245218962430954,0.0,0.0,0.0
m2ib,/media/crk/vol3/rt/coco/val2017/000000409424.jpg,The fruit are arranges on the surface in a brown wicker basket.,0.6268166471272707,0.0,0.012967456132173538,0.0
lciba,/media/crk/vol3/rt/coco/val2017/000000409424.jpg,The fruit are arranges on the surface in a brown wicker basket.,2.1363640204072,0.0,0.040618423372507095,0.0
libragrad,/media/crk/vol3/rt/coco/val2017/000000409424.jpg,The fruit are arranges on the surface in a brown wicker basket.,0.6841226480901241,0.0,0.0,0.0
fusion,/media/crk/vol3/rt/coco/val2017/000000409424.jpg,The fruit are arranges on the surface in a brown wicker basket.,0.727890245616436,0.0,0.0,0.0
m2ib,/media/crk/vol3/rt/coco/val2017/000000163117.jpg,A large group of people in a field with kites.,0.0,100.0,1.514127478003502,0.0
lciba,/media/crk/vol3/rt/coco/val2017/000000163117.jpg,A large group of people in a field with kites.,0.0,100.0,1.6665570437908173,0.0
libragrad,/media/crk/vol3/rt/coco/val2017/000000163117.jpg,A large group of people in a field with kites.,0.8984960615634918,0.0,0.0,0.0
fusion,/media/crk/vol3/rt/coco/val2017/000000163117.jpg,A large group of people in a field with kites.,0.45403167605400085,0.0,0.012845173478126526,0.0
m2ib,/media/crk/vol3/rt/coco/val2017/000000426166.jpg,A light blue bicycle chained to a pole on the sidewalk in front of a red building.,1.7771143466234207,0.0,0.0,100.0
lciba,/media/crk/vol3/rt/coco/val2017/000000426166.jpg,A light blue bicycle chained to a pole on the sidewalk in front of a red building.,0.27039162814617157,0.0,1.4255452901124954,0.0
libragrad,/media/crk/vol3/rt/coco/val2017/000000426166.jpg,A light blue bicycle chained to a pole on the sidewalk in front of a red building.,1.885301060974598,0.0,0.0,0.0
fusion,/media/crk/vol3/rt/coco/val2017/000000426166.jpg,A light blue bicycle chained to a pole on the sidewalk in front of a red building.,1.3973183929920197,0.0,0.0,0.0
m2ib,/media/crk/vol3/rt/coco/val2017/000000180487.jpg,GUY WITH UMBRELLA HAT SITTING A TABLE WITH ANOTHER PERSON,0.0,100.0,0.0003353692591190338,0.0
lciba,/media/crk/vol3/rt/coco/val2017/000000180487.jpg,GUY WITH UMBRELLA HAT SITTING A TABLE WITH ANOTHER PERSON,1.7894446849822998,0.0,1.6597531735897064,0.0
libragrad,/media/crk/vol3/rt/coco/val2017/000000180487.jpg,GUY WITH UMBRELLA HAT SITTING A TABLE WITH ANOTHER PERSON,1.6772668808698654,0.0,0.0,0.0
fusion,/media/crk/vol3/rt/coco/val2017/000000180487.jpg,GUY WITH UMBRELLA HAT SITTING A TABLE WITH ANOTHER PERSON,2.2933479398489,0.0,0.0,0.0
m2ib,/media/crk/vol3/rt/coco/val2017/000000307074.jpg,A traffic light hanging over a road at a cross walk.,1.111380010843277,0.0,3.067576512694359,0.0
lciba,/media/crk/vol3/rt/coco/val2017/000000307074.jpg,A traffic light hanging over a road at a cross walk.,4.7376349568367,0.0,3.4580282866954803,0.0
libragrad,/media/crk/vol3/rt/coco/val2017/000000307074.jpg,A traffic light hanging over a road at a cross walk.,1.1639684438705444,0.0,0.0,0.0
fusion,/media/crk/vol3/rt/coco/val2017/000000307074.jpg,A traffic light hanging over a road at a cross walk.,4.350627586245537,0.0,0.0,0.0
m2ib,/media/crk/vol3/rt/coco/val2017/000000260266.jpg,The traffic signal is at the intersection near a large building.,0.7220259867608547,0.0,0.05927542224526405,0.0
lciba,/media/crk/vol3/rt/coco/val2017/000000260266.jpg,The traffic signal is at the intersection near a large building.,2.2864338010549545,0.0,1.1432687751948833,0.0
libragrad,/media/crk/vol3/rt/coco/val2017/000000260266.jpg,The traffic signal is at the intersection near a large building.,1.0911430232226849,0.0,0.0,0.0
fusion,/media/crk/vol3/rt/coco/val2017/000000260266.jpg,The traffic signal is at the intersection near a large building.,0.5919794552028179,0.0,0.0,0.0
m2ib,/media/crk/vol3/rt/coco/val2017/000000303499.jpg,Two people riding on the back of horses near a tall building.,1.5452474355697632,0.0,0.0,100.0
lciba,/media/crk/vol3/rt/coco/val2017/000000303499.jpg,Two people riding on the back of horses near a tall building.,0.0,100.0,0.20985007286071777,0.0
libragrad,/media/crk/vol3/rt/coco/val2017/000000303499.jpg,Two people riding on the back of horses near a tall building.,0.36291778087615967,0.0,0.0,0.0
fusion,/media/crk/vol3/rt/coco/val2017/000000303499.jpg,Two people riding on the back of horses near a tall building.,0.0,100.0,0.0,100.0
m2ib,/media/crk/vol3/rt/coco/val2017/000000507667.jpg,A map of the Boston subway printed on a statue of a cow.,0.0,100.0,0.2196645364165306,0.0
lciba,/media/crk/vol3/rt/coco/val2017/000000507667.jpg,A map of the Boston subway printed on a statue of a cow.,2.47090607881546,0.0,3.3826757222414017,0.0
libragrad,/media/crk/vol3/rt/coco/val2017/000000507667.jpg,A map of the Boston subway printed on a statue of a cow.,0.0,100.0,0.0,0.0
fusion,/media/crk/vol3/rt/coco/val2017/000000507667.jpg,A map of the Boston subway printed on a statue of a cow.,1.3499049469828606,0.0,0.14783553779125214,0.0
m2ib,/media/crk/vol3/rt/coco/val2017/000000579902.jpg,A person riding a motorcycle down a street.,1.310812495648861,0.0,1.911584660410881,0.0
lciba,/media/crk/vol3/rt/coco/val2017/000000579902.jpg,A person riding a motorcycle down a street.,1.2960316613316536,0.0,2.112490125000477,0.0
libragrad,/media/crk/vol3/rt/coco/val2017/000000579902.jpg,A person riding a motorcycle down a street.,1.0132215917110443,0.0,0.0,0.0
fusion,/media/crk/vol3/rt/coco/val2017/000000579902.jpg,A person riding a motorcycle down a street.,0.0,100.0,0.0,0.0
m2ib,/media/crk/vol3/rt/coco/val2017/000000248400.jpg,A man opens pizza box and stares at the camera.,1.8445048481225967,0.0,0.02045556902885437,0.0
lciba,/media/crk/vol3/rt/coco/val2017/000000248400.jpg,A man opens pizza box and stares at the camera.,1.5996400266885757,0.0,1.4867831021547318,0.0
libragrad,/media/crk/vol3/rt/coco/val2017/000000248400.jpg,A man opens pizza box and stares at the camera.,2.338806353509426,0.0,0.0,0.0
fusion,/media/crk/vol3/rt/coco/val2017/000000248400.jpg,A man opens pizza box and stares at the camera.,3.5902466624975204,0.0,0.0,0.0
m2ib,/media/crk/vol3/rt/coco/val2017/000000092839.jpg,A polar bear with his chin raised lies on a rock.,0.0,100.0,0.0,100.0
lciba,/media/crk/vol3/rt/coco/val2017/000000092839.jpg,A polar bear with his chin raised lies on a rock.,0.8698390796780586,0.0,0.10477378964424133,0.0
libragrad,/media/crk/vol3/rt/coco/val2017/000000092839.jpg,A polar bear with his chin raised lies on a rock.,0.0,100.0,0.0,0.0
fusion,/media/crk/vol3/rt/coco/val2017/000000092839.jpg,A polar bear with his chin raised lies on a rock.,0.0,100.0,0.0,0.0
m2ib,/media/crk/vol3/rt/coco/val2017/000000400044.jpg,A person riding a snowboard into the air next to a tall building.,1.3140949420630932,0.0,0.0,100.0
lciba,/media/crk/vol3/rt/coco/val2017/000000400044.jpg,A person riding a snowboard into the air next to a tall building.,2.649221196770668,0.0,0.0,100.0
libragrad,/media/crk/vol3/rt/coco/val2017/000000400044.jpg,A person riding a snowboard into the air next to a tall building.,2.6372049003839493,0.0,0.0,100.0
fusion,/media/crk/vol3/rt/coco/val2017/000000400044.jpg,A person riding a snowboard into the air next to a tall building.,2.7885649353265762,0.0,0.0,100.0
m2ib,/media/crk/vol3/rt/coco/val2017/000000440507.jpg,a blue suitcase some shoes and a wooden table,1.0283159092068672,0.0,0.20597632974386215,0.0
lciba,/media/crk/vol3/rt/coco/val2017/000000440507.jpg,a blue suitcase some shoes and a wooden table,1.7942743375897408,0.0,0.3862593322992325,0.0
libragrad,/media/crk/vol3/rt/coco/val2017/000000440507.jpg,a blue suitcase some shoes and a wooden table,0.5067260935902596,0.0,0.0,0.0
fusion,/media/crk/vol3/rt/coco/val2017/000000440507.jpg,a blue suitcase some shoes and a wooden table,0.0,100.0,0.01531895250082016,0.0
m2ib,/media/crk/vol3/rt/coco/val2017/000000411530.jpg,A crowd of people standing on snow covered ground.,0.0,100.0,0.013164989650249481,0.0
lciba,/media/crk/vol3/rt/coco/val2017/000000411530.jpg,A crowd of people standing on snow covered ground.,5.277655273675919,0.0,1.322394423186779,0.0
libragrad,/media/crk/vol3/rt/coco/val2017/000000411530.jpg,A crowd of people standing on snow covered ground.,0.5981441587209702,0.0,0.0,0.0
fusion,/media/crk/vol3/rt/coco/val2017/000000411530.jpg,A crowd of people standing on snow covered ground.,0.5683016031980515,0.0,0.0,0.0
m2ib,/media/crk/vol3/rt/coco/val2017/000000405691.jpg,"Glasses of wine, salad and french bread on a wooden table. ",0.429716520011425,0.0,0.014540739357471466,0.0
lciba,/media/crk/vol3/rt/coco/val2017/000000405691.jpg,"Glasses of wine, salad and french bread on a wooden table. ",3.568127751350403,0.0,1.9194601103663445,0.0
libragrad,/media/crk/vol3/rt/coco/val2017/000000405691.jpg,"Glasses of wine, salad and french bread on a wooden table. ",1.0699698701500893,0.0,0.0,0.0
fusion,/media/crk/vol3/rt/coco/val2017/000000405691.jpg,"Glasses of wine, salad and french bread on a wooden table. ",0.0,100.0,0.0,0.0
m2ib,/media/crk/vol3/rt/coco/val2017/000000171757.jpg,a couple of people that are standing up in a room,0.0,100.0,0.02933349460363388,0.0
lciba,/media/crk/vol3/rt/coco/val2017/000000171757.jpg,a couple of people that are standing up in a room,3.3111389726400375,0.0,1.8313352018594742,0.0
libragrad,/media/crk/vol3/rt/coco/val2017/000000171757.jpg,a couple of people that are standing up in a room,0.9773022495210171,0.0,0.0,0.0
fusion,/media/crk/vol3/rt/coco/val2017/000000171757.jpg,a couple of people that are standing up in a room,2.23647877573967,0.0,0.0,0.0
m2ib,/media/crk/vol3/rt/coco/val2017/000000264441.jpg,A cat laying on top of a black office chair.,0.0,100.0,0.0007180497050285339,0.0
lciba,/media/crk/vol3/rt/coco/val2017/000000264441.jpg,A cat laying on top of a black office chair.,0.587640143930912,0.0,0.0,100.0
libragrad,/media/crk/vol3/rt/coco/val2017/000000264441.jpg,A cat laying on top of a black office chair.,0.0,100.0,0.0,0.0
fusion,/media/crk/vol3/rt/coco/val2017/000000264441.jpg,A cat laying on top of a black office chair.,0.9854590520262718,0.0,0.0,0.0
m2ib,/media/crk/vol3/rt/coco/val2017/000000078565.jpg,Sail boats sail over a body of water while people stand near the shoreline. ,0.9511981159448624,0.0,0.03256518393754959,0.0
lciba,/media/crk/vol3/rt/coco/val2017/000000078565.jpg,Sail boats sail over a body of water while people stand near the shoreline. ,0.0,100.0,0.5741915665566921,0.0
libragrad,/media/crk/vol3/rt/coco/val2017/000000078565.jpg,Sail boats sail over a body of water while people stand near the shoreline. ,1.1532235890626907,0.0,0.0,0.0
fusion,/media/crk/vol3/rt/coco/val2017/000000078565.jpg,Sail boats sail over a body of water while people stand near the shoreline. ,1.5822133049368858,0.0,0.03256518393754959,0.0
m2ib,/media/crk/vol3/rt/coco/val2017/000000564133.jpg,Some elephants walk together through the grass. ,0.2071114256978035,0.0,1.4356071129441261,0.0
lciba,/media/crk/vol3/rt/coco/val2017/000000564133.jpg,Some elephants walk together through the grass. ,3.126469999551773,0.0,1.4427287504076958,0.0
libragrad,/media/crk/vol3/rt/coco/val2017/000000564133.jpg,Some elephants walk together through the grass. ,0.4248131066560745,0.0,0.0,0.0
fusion,/media/crk/vol3/rt/coco/val2017/000000564133.jpg,Some elephants walk together through the grass. ,0.19924715161323547,0.0,0.0,100.0
m2ib,/media/crk/vol3/rt/coco/val2017/000000404923.jpg,A baseball player holding a baseball bat is getting filmed by a camera man.,0.0,100.0,0.0,100.0
lciba,/media/crk/vol3/rt/coco/val2017/000000404923.jpg,A baseball player holding a baseball bat is getting filmed by a camera man.,3.4007221460342407,0.0,0.8705951273441315,0.0
libragrad,/media/crk/vol3/rt/coco/val2017/000000404923.jpg,A baseball player holding a baseball bat is getting filmed by a camera man.,0.19184648990631104,0.0,0.0,0.0
fusion,/media/crk/vol3/rt/coco/val2017/000000404923.jpg,A baseball player holding a baseball bat is getting filmed by a camera man.,0.0,100.0,0.0,0.0
m2ib,/media/crk/vol3/rt/coco/val2017/000000322352.jpg,A dining room with some plants are seen.,0.4987882450222969,0.0,0.0035680830478668213,0.0
lciba,/media/crk/vol3/rt/coco/val2017/000000322352.jpg,A dining room with some plants are seen.,0.3250516951084137,0.0,0.0,100.0
libragrad,/media/crk/vol3/rt/coco/val2017/000000322352.jpg,A dining room with some plants are seen.,1.6522353515028954,0.0,0.0,0.0
fusion,/media/crk/vol3/rt/coco/val2017/000000322352.jpg,A dining room with some plants are seen.,0.9219730272889137,0.0,0.0028816983103752136,0.0
m2ib,/media/crk/vol3/rt/coco/val2017/000000022892.jpg,A cats sits on the table with a dog outside.,0.3945741802453995,0.0,0.07784031331539154,0.0
lciba,/media/crk/vol3/rt/coco/val2017/000000022892.jpg,A cats sits on the table with a dog outside.,4.48053665459156,0.0,1.344033144414425,0.0
libragrad,/media/crk/vol3/rt/coco/val2017/000000022892.jpg,A cats sits on the table with a dog outside.,0.995166040956974,0.0,0.0,0.0
fusion,/media/crk/vol3/rt/coco/val2017/000000022892.jpg,A cats sits on the table with a dog outside.,0.6676964461803436,0.0,0.0,0.0
m2ib,/media/crk/vol3/rt/coco/val2017/000000130465.jpg,An old church building with clocks built into the tower and an arched doorway. ,0.0,100.0,1.3850018382072449,0.0
lciba,/media/crk/vol3/rt/coco/val2017/000000130465.jpg,An old church building with clocks built into the tower and an arched doorway. ,0.0,100.0,1.5257619321346283,0.0
libragrad,/media/crk/vol3/rt/coco/val2017/000000130465.jpg,An old church building with clocks built into the tower and an arched doorway. ,0.0,100.0,0.0,0.0
fusion,/media/crk/vol3/rt/coco/val2017/000000130465.jpg,An old church building with clocks built into the tower and an arched doorway. ,0.0,100.0,0.01503974199295044,0.0
m2ib,/media/crk/vol3/rt/coco/val2017/000000516677.jpg,People standing and sitting on snow with skis and mountain,0.0,100.0,0.03140727058053017,0.0
lciba,/media/crk/vol3/rt/coco/val2017/000000516677.jpg,People standing and sitting on snow with skis and mountain,0.9586591273546219,0.0,0.3064516931772232,0.0
libragrad,/media/crk/vol3/rt/coco/val2017/000000516677.jpg,People standing and sitting on snow with skis and mountain,0.0,100.0,0.0,0.0
fusion,/media/crk/vol3/rt/coco/val2017/000000516677.jpg,People standing and sitting on snow with skis and mountain,0.4482865333557129,0.0,0.0,0.0
m2ib,/media/crk/vol3/rt/coco/val2017/000000323202.jpg,A toilet that has three sea shells on top.,0.9401381015777588,0.0,1.0621070861816406,0.0
lciba,/media/crk/vol3/rt/coco/val2017/000000323202.jpg,A toilet that has three sea shells on top.,6.328251957893372,0.0,1.3061650097370148,0.0
libragrad,/media/crk/vol3/rt/coco/val2017/000000323202.jpg,A toilet that has three sea shells on top.,1.9184425473213196,0.0,0.0,0.0
fusion,/media/crk/vol3/rt/coco/val2017/000000323202.jpg,A toilet that has three sea shells on top.,4.8239566385746,0.0,0.0,0.0
m2ib,/media/crk/vol3/rt/coco/val2017/000000334483.jpg,A group of women standing around a cake cutting slices.,1.529845129698515,0.0,2.2733937948942184,0.0
lciba,/media/crk/vol3/rt/coco/val2017/000000334483.jpg,A group of women standing around a cake cutting slices.,4.06237468123436,0.0,2.5338493287563324,0.0
libragrad,/media/crk/vol3/rt/coco/val2017/000000334483.jpg,A group of women standing around a cake cutting slices.,1.199190691113472,0.0,0.0,0.0
fusion,/media/crk/vol3/rt/coco/val2017/000000334483.jpg,A group of women standing around a cake cutting slices.,0.0,100.0,0.0,0.0
m2ib,/media/crk/vol3/rt/coco/val2017/000000088250.jpg,Two elephants with their trunks attached to each other,2.2834207862615585,0.0,0.08343718945980072,0.0
lciba,/media/crk/vol3/rt/coco/val2017/000000088250.jpg,Two elephants with their trunks attached to each other,4.0155328810215,0.0,0.3431057557463646,0.0
libragrad,/media/crk/vol3/rt/coco/val2017/000000088250.jpg,Two elephants with their trunks attached to each other,1.5594054013490677,0.0,0.24949032813310623,0.0
fusion,/media/crk/vol3/rt/coco/val2017/000000088250.jpg,Two elephants with their trunks attached to each other,2.820514515042305,0.0,4.246830940246582e-05,0.0
m2ib,/media/crk/vol3/rt/coco/val2017/000000308165.jpg,A man jumps as he skates on a pavement,0.0,100.0,1.3315694406628609,0.0
lciba,/media/crk/vol3/rt/coco/val2017/000000308165.jpg,A man jumps as he skates on a pavement,2.9677242040634155,0.0,1.493564248085022,0.0
libragrad,/media/crk/vol3/rt/coco/val2017/000000308165.jpg,A man jumps as he skates on a pavement,0.5177376791834831,0.0,0.0,0.0
fusion,/media/crk/vol3/rt/coco/val2017/000000308165.jpg,A man jumps as he skates on a pavement,0.0,100.0,1.3215431943535805,0.0
m2ib,/media/crk/vol3/rt/coco/val2017/000000344816.jpg,The train engine is followed by a line of open cars.,3.192155808210373,0.0,0.5784817039966583,0.0
lciba,/media/crk/vol3/rt/coco/val2017/000000344816.jpg,The train engine is followed by a line of open cars.,1.9817773252725601,0.0,1.2796282768249512,0.0
libragrad,/media/crk/vol3/rt/coco/val2017/000000344816.jpg,The train engine is followed by a line of open cars.,4.639384150505066,0.0,0.0,0.0
fusion,/media/crk/vol3/rt/coco/val2017/000000344816.jpg,The train engine is followed by a line of open cars.,2.935585379600525,0.0,0.02242308109998703,0.0
m2ib,/media/crk/vol3/rt/coco/val2017/000000135673.jpg,Two planes are close together in the sky.,2.93640848249197,0.0,0.4247007891535759,0.0
lciba,/media/crk/vol3/rt/coco/val2017/000000135673.jpg,Two planes are close together in the sky.,4.558388143777847,0.0,0.4004666581749916,0.0
libragrad,/media/crk/vol3/rt/coco/val2017/000000135673.jpg,Two planes are close together in the sky.,2.7237920090556145,0.0,0.0,0.0
fusion,/media/crk/vol3/rt/coco/val2017/000000135673.jpg,Two planes are close together in the sky.,3.1381651759147644,0.0,0.38267169147729874,0.0
m2ib,/media/crk/vol3/rt/coco/val2017/000000368038.jpg,A colorful train sits on the tracks in the sunshine.,1.4708355069160461,0.0,0.0,100.0
lciba,/media/crk/vol3/rt/coco/val2017/000000368038.jpg,A colorful train sits on the tracks in the sunshine.,4.816599562764168,0.0,3.076951578259468,0.0
libragrad,/media/crk/vol3/rt/coco/val2017/000000368038.jpg,A colorful train sits on the tracks in the sunshine.,3.134586662054062,0.0,0.0,0.0
fusion,/media/crk/vol3/rt/coco/val2017/000000368038.jpg,A colorful train sits on the tracks in the sunshine.,4.222147539258003,0.0,0.0,0.0
m2ib,/media/crk/vol3/rt/coco/val2017/000000295478.jpg,A woman walking a small white dog down a street.,2.042163535952568,0.0,0.022557750344276428,0.0
lciba,/media/crk/vol3/rt/coco/val2017/000000295478.jpg,A woman walking a small white dog down a street.,7.214629650115967,0.0,2.0251456648111343,0.0
libragrad,/media/crk/vol3/rt/coco/val2017/000000295478.jpg,A woman walking a small white dog down a street.,3.584938496351242,0.0,0.0,0.0
fusion,/media/crk/vol3/rt/coco/val2017/000000295478.jpg,A woman walking a small white dog down a street.,4.124930128455162,0.0,1.832021027803421,0.0
m2ib,/media/crk/vol3/rt/coco/val2017/000000476491.jpg,an alley between two buildings with a sky in the background,0.0,100.0,0.0558800995349884,0.0
lciba,/media/crk/vol3/rt/coco/val2017/000000476491.jpg,an alley between two buildings with a sky in the background,0.5027303006500006,0.0,0.4514850676059723,0.0
libragrad,/media/crk/vol3/rt/coco/val2017/000000476491.jpg,an alley between two buildings with a sky in the background,0.0,100.0,0.0,0.0
fusion,/media/crk/vol3/rt/coco/val2017/000000476491.jpg,an alley between two buildings with a sky in the background,1.179705560207367,0.0,0.0,0.0
m2ib,/media/crk/vol3/rt/coco/val2017/000000284445.jpg,A group of people crossing a street next to a bend traffic light.,1.6195669770240784,0.0,0.89113749563694,0.0
lciba,/media/crk/vol3/rt/coco/val2017/000000284445.jpg,A group of people crossing a street next to a bend traffic light.,6.904061138629913,0.0,1.0017577558755875,0.0
libragrad,/media/crk/vol3/rt/coco/val2017/000000284445.jpg,A group of people crossing a street next to a bend traffic light.,1.5410605818033218,0.0,0.0,100.0
fusion,/media/crk/vol3/rt/coco/val2017/000000284445.jpg,A group of people crossing a street next to a bend traffic light.,3.1633101403713226,0.0,0.01775585114955902,0.0
m2ib,/media/crk/vol3/rt/coco/val2017/000000384527.jpg,The furniture is posed in the room with a sign that says do not touch. ,0.39208587259054184,0.0,0.0,100.0
lciba,/media/crk/vol3/rt/coco/val2017/000000384527.jpg,The furniture is posed in the room with a sign that says do not touch. ,0.0,100.0,0.0,100.0
libragrad,/media/crk/vol3/rt/coco/val2017/000000384527.jpg,The furniture is posed in the room with a sign that says do not touch. ,0.6133275106549263,0.0,0.0,0.0
fusion,/media/crk/vol3/rt/coco/val2017/000000384527.jpg,The furniture is posed in the room with a sign that says do not touch. ,0.0,100.0,0.0,100.0
m2ib,/media/crk/vol3/rt/coco/val2017/000000073118.jpg,Two brown teddy bears sitting side by side.,1.8998576328158379,0.0,0.05892030894756317,0.0
lciba,/media/crk/vol3/rt/coco/val2017/000000073118.jpg,Two brown teddy bears sitting side by side.,0.0,100.0,0.0,100.0
libragrad,/media/crk/vol3/rt/coco/val2017/000000073118.jpg,Two brown teddy bears sitting side by side.,2.351337857544422,0.0,0.0,0.0
fusion,/media/crk/vol3/rt/coco/val2017/000000073118.jpg,Two brown teddy bears sitting side by side.,0.0,100.0,0.0,0.0
m2ib,/media/crk/vol3/rt/coco/val2017/000000223955.jpg,A man holding a red frisbee while standing on lush green field.,0.0,100.0,0.04564635455608368,0.0
lciba,/media/crk/vol3/rt/coco/val2017/000000223955.jpg,A man holding a red frisbee while standing on lush green field.,0.07689688354730606,0.0,0.26473887264728546,0.0
libragrad,/media/crk/vol3/rt/coco/val2017/000000223955.jpg,A man holding a red frisbee while standing on lush green field.,0.0,100.0,0.0,0.0
fusion,/media/crk/vol3/rt/coco/val2017/000000223955.jpg,A man holding a red frisbee while standing on lush green field.,0.0,100.0,0.0,0.0
m2ib,/media/crk/vol3/rt/coco/val2017/000000188439.jpg,A colorful truck is driving with a full load of sticks and twigs.,0.12413179501891136,0.0,0.4778824746608734,0.0
lciba,/media/crk/vol3/rt/coco/val2017/000000188439.jpg,A colorful truck is driving with a full load of sticks and twigs.,0.3157811239361763,0.0,2.687886357307434,0.0
libragrad,/media/crk/vol3/rt/coco/val2017/000000188439.jpg,A colorful truck is driving with a full load of sticks and twigs.,1.3444600626826286,0.0,0.0,0.0
fusion,/media/crk/vol3/rt/coco/val2017/000000188439.jpg,A colorful truck is driving with a full load of sticks and twigs.,0.41751526296138763,0.0,2.478080242872238,0.0
m2ib,/media/crk/vol3/rt/coco/val2017/000000573943.jpg,Parking lot full of different colored semi trucks.,0.7519683800637722,0.0,0.016461778432130814,0.0
lciba,/media/crk/vol3/rt/coco/val2017/000000573943.jpg,Parking lot full of different colored semi trucks.,2.425399050116539,0.0,0.17855963669717312,0.0
libragrad,/media/crk/vol3/rt/coco/val2017/000000573943.jpg,Parking lot full of different colored semi trucks.,3.5839762538671494,0.0,0.0,0.0
fusion,/media/crk/vol3/rt/coco/val2017/000000573943.jpg,Parking lot full of different colored semi trucks.,3.7275146692991257,0.0,0.0,0.0
m2ib,/media/crk/vol3/rt/coco/val2017/000000253433.jpg,a little teddy bear dressed in some BDSM gear and chains ,0.0,100.0,0.06735660135746002,0.0
lciba,/media/crk/vol3/rt/coco/val2017/000000253433.jpg,a little teddy bear dressed in some BDSM gear and chains ,0.0,100.0,1.140311360359192,0.0
libragrad,/media/crk/vol3/rt/coco/val2017/000000253433.jpg,a little teddy bear dressed in some BDSM gear and chains ,0.0,100.0,0.0,0.0
fusion,/media/crk/vol3/rt/coco/val2017/000000253433.jpg,a little teddy bear dressed in some BDSM gear and chains ,0.0,100.0,0.0,0.0
m2ib,/media/crk/vol3/rt/coco/val2017/000000017379.jpg,a flat screen TV embedded in a restroom mirror.,2.671615220606327,0.0,0.01862272620201111,0.0
lciba,/media/crk/vol3/rt/coco/val2017/000000017379.jpg,a flat screen TV embedded in a restroom mirror.,6.067733466625214,0.0,2.254580333828926,0.0
libragrad,/media/crk/vol3/rt/coco/val2017/000000017379.jpg,a flat screen TV embedded in a restroom mirror.,1.941814087331295,0.0,0.0,0.0
fusion,/media/crk/vol3/rt/coco/val2017/000000017379.jpg,a flat screen TV embedded in a restroom mirror.,1.8747493624687195,0.0,0.0,0.0
m2ib,/media/crk/vol3/rt/coco/val2017/000000507797.jpg,Two buses parked next to each other in front of a building.,2.279007062315941,0.0,0.02893996424973011,0.0
lciba,/media/crk/vol3/rt/coco/val2017/000000507797.jpg,Two buses parked next to each other in front of a building.,5.492672324180603,0.0,1.8257258459925652,0.0
libragrad,/media/crk/vol3/rt/coco/val2017/000000507797.jpg,Two buses parked next to each other in front of a building.,5.486766621470451,0.0,1.2439588084816933,0.0
fusion,/media/crk/vol3/rt/coco/val2017/000000507797.jpg,Two buses parked next to each other in front of a building.,5.393920838832855,0.0,0.0,0.0
m2ib,/media/crk/vol3/rt/coco/val2017/000000472298.jpg,a man and a woman sitting on a small boat,1.9393602386116982,0.0,0.03503132611513138,0.0
lciba,/media/crk/vol3/rt/coco/val2017/000000472298.jpg,a man and a woman sitting on a small boat,1.4489758759737015,0.0,2.640981785953045,0.0
libragrad,/media/crk/vol3/rt/coco/val2017/000000472298.jpg,a man and a woman sitting on a small boat,1.6271263360977173,0.0,0.0,0.0
fusion,/media/crk/vol3/rt/coco/val2017/000000472298.jpg,a man and a woman sitting on a small boat,0.0,100.0,0.020661111921072006,0.0
m2ib,/media/crk/vol3/rt/coco/val2017/000000034257.jpg,A market display case filled with different colored vegetables.,2.1003270521759987,0.0,0.0,0.0
lciba,/media/crk/vol3/rt/coco/val2017/000000034257.jpg,A market display case filled with different colored vegetables.,6.011324375867844,0.0,2.622513473033905,0.0
libragrad,/media/crk/vol3/rt/coco/val2017/000000034257.jpg,A market display case filled with different colored vegetables.,1.7073644325137138,0.0,0.0,0.0
fusion,/media/crk/vol3/rt/coco/val2017/000000034257.jpg,A market display case filled with different colored vegetables.,2.7119439095258713,0.0,0.0,0.0
m2ib,/media/crk/vol3/rt/coco/val2017/000000322844.jpg,there are two stuffed animals on a wooden bench,1.3046370819211006,0.0,0.024815276265144348,0.0
lciba,/media/crk/vol3/rt/coco/val2017/000000322844.jpg,there are two stuffed animals on a wooden bench,1.2550890445709229,0.0,1.3707684352993965,0.0
libragrad,/media/crk/vol3/rt/coco/val2017/000000322844.jpg,there are two stuffed animals on a wooden bench,0.38471478037536144,0.0,0.0,0.0
fusion,/media/crk/vol3/rt/coco/val2017/000000322844.jpg,there are two stuffed animals on a wooden bench,0.0,100.0,0.0,100.0
m2ib,/media/crk/vol3/rt/coco/val2017/000000370375.jpg,A little boy wearing a baseball hat holding a baseball bat.,0.0,100.0,0.057495757937431335,0.0
lciba,/media/crk/vol3/rt/coco/val2017/000000370375.jpg,A little boy wearing a baseball hat holding a baseball bat.,0.0,100.0,1.4416193589568138,0.0
libragrad,/media/crk/vol3/rt/coco/val2017/000000370375.jpg,A little boy wearing a baseball hat holding a baseball bat.,0.0,100.0,0.0,0.0
fusion,/media/crk/vol3/rt/coco/val2017/000000370375.jpg,A little boy wearing a baseball hat holding a baseball bat.,0.0,100.0,0.018130242824554443,0.0
m2ib,/media/crk/vol3/rt/coco/val2017/000000423944.jpg,Two headless mannequins display fashionable clothing in front of a pink background.,0.0,100.0,0.0,100.0
lciba,/media/crk/vol3/rt/coco/val2017/000000423944.jpg,Two headless mannequins display fashionable clothing in front of a pink background.,6.526944041252136,0.0,0.0,100.0
libragrad,/media/crk/vol3/rt/coco/val2017/000000423944.jpg,Two headless mannequins display fashionable clothing in front of a pink background.,0.0,100.0,0.0,0.0
fusion,/media/crk/vol3/rt/coco/val2017/000000423944.jpg,Two headless mannequins display fashionable clothing in front of a pink background.,3.566426783800125,0.0,0.0,100.0
m2ib,/media/crk/vol3/rt/coco/val2017/000000468965.jpg,some people are flying kites and one male has a red tie on ,0.0,100.0,0.46962443739175797,0.0
lciba,/media/crk/vol3/rt/coco/val2017/000000468965.jpg,some people are flying kites and one male has a red tie on ,3.4702226519584656,0.0,0.6129438057541847,0.0
libragrad,/media/crk/vol3/rt/coco/val2017/000000468965.jpg,some people are flying kites and one male has a red tie on ,0.0,100.0,0.0,0.0
fusion,/media/crk/vol3/rt/coco/val2017/000000468965.jpg,some people are flying kites and one male has a red tie on ,4.493039473891258,0.0,0.0,0.0
m2ib,/media/crk/vol3/rt/coco/val2017/000000466339.jpg,A wooden door in front of an entrance next to a black cat.,0.4293329082429409,0.0,0.7933773100376129,0.0
lciba,/media/crk/vol3/rt/coco/val2017/000000466339.jpg,A wooden door in front of an entrance next to a black cat.,1.287947315722704,0.0,0.8569975383579731,0.0
libragrad,/media/crk/vol3/rt/coco/val2017/000000466339.jpg,A wooden door in front of an entrance next to a black cat.,0.04385039210319519,0.0,0.0,100.0
fusion,/media/crk/vol3/rt/coco/val2017/000000466339.jpg,A wooden door in front of an entrance next to a black cat.,1.379519235342741,0.0,0.0,100.0
m2ib,/media/crk/vol3/rt/coco/val2017/000000440171.jpg,A man is sitting on the back of an elephant. ,0.6867220625281334,0.0,0.11524483561515808,0.0
lciba,/media/crk/vol3/rt/coco/val2017/000000440171.jpg,A man is sitting on the back of an elephant. ,1.9660202786326408,0.0,0.8838245645165443,0.0
libragrad,/media/crk/vol3/rt/coco/val2017/000000440171.jpg,A man is sitting on the back of an elephant. ,0.8548939600586891,0.0,0.0,0.0
fusion,/media/crk/vol3/rt/coco/val2017/000000440171.jpg,A man is sitting on the back of an elephant. ,0.0,100.0,0.0,0.0
m2ib,/media/crk/vol3/rt/coco/val2017/000000512330.jpg,An open refrigerator filled with lots of food.,0.0,100.0,1.47807989269495,0.0
lciba,/media/crk/vol3/rt/coco/val2017/000000512330.jpg,An open refrigerator filled with lots of food.,3.5487402230501175,0.0,1.8201271072030067,0.0
libragrad,/media/crk/vol3/rt/coco/val2017/000000512330.jpg,An open refrigerator filled with lots of food.,0.0,100.0,0.0,100.0
fusion,/media/crk/vol3/rt/coco/val2017/000000512330.jpg,An open refrigerator filled with lots of food.,0.7841477170586586,0.0,0.0,0.0
m2ib,/media/crk/vol3/rt/coco/val2017/000000452122.jpg,An airplane flying in the air during the day.,1.7294025048613548,0.0,0.6971928291022778,0.0
lciba,/media/crk/vol3/rt/coco/val2017/000000452122.jpg,An airplane flying in the air during the day.,4.351571202278137,0.0,0.7376645691692829,0.0
libragrad,/media/crk/vol3/rt/coco/val2017/000000452122.jpg,An airplane flying in the air during the day.,2.4186626076698303,0.0,0.0,0.0
fusion,/media/crk/vol3/rt/coco/val2017/000000452122.jpg,An airplane flying in the air during the day.,3.711555153131485,0.0,0.0,0.0
m2ib,/media/crk/vol3/rt/coco/val2017/000000389109.jpg,Pizza on a table at an outdoor restaurant at night,0.0,100.0,0.04784334450960159,0.0
lciba,/media/crk/vol3/rt/coco/val2017/000000389109.jpg,Pizza on a table at an outdoor restaurant at night,0.0,100.0,1.533653400838375,0.0
libragrad,/media/crk/vol3/rt/coco/val2017/000000389109.jpg,Pizza on a table at an outdoor restaurant at night,0.0,100.0,0.0,0.0
fusion,/media/crk/vol3/rt/coco/val2017/000000389109.jpg,Pizza on a table at an outdoor restaurant at night,0.0,100.0,0.0075019896030426025,0.0
m2ib,/media/crk/vol3/rt/coco/val2017/000000559099.jpg,Several cows are seen grazing in a field.,3.7597324699163437,0.0,2.0392555743455887,0.0
lciba,/media/crk/vol3/rt/coco/val2017/000000559099.jpg,Several cows are seen grazing in a field.,7.702164351940155,0.0,2.186785265803337,0.0
libragrad,/media/crk/vol3/rt/coco/val2017/000000559099.jpg,Several cows are seen grazing in a field.,5.505345389246941,0.0,0.0,0.0
fusion,/media/crk/vol3/rt/coco/val2017/000000559099.jpg,Several cows are seen grazing in a field.,5.236620828509331,0.0,2.0016707479953766,0.0
m2ib,/media/crk/vol3/rt/coco/val2017/000000432468.jpg,A cat sleeping on top of a closed suit case.,0.0,100.0,0.0009682029485702515,0.0
lciba,/media/crk/vol3/rt/coco/val2017/000000432468.jpg,A cat sleeping on top of a closed suit case.,0.0,100.0,0.7534660398960114,0.0
libragrad,/media/crk/vol3/rt/coco/val2017/000000432468.jpg,A cat sleeping on top of a closed suit case.,0.0,100.0,0.0,0.0
fusion,/media/crk/vol3/rt/coco/val2017/000000432468.jpg,A cat sleeping on top of a closed suit case.,0.0,100.0,0.0,0.0
m2ib,/media/crk/vol3/rt/coco/val2017/000000570448.jpg,A man sanding on a boat next to a beach.,2.257809229195118,0.0,1.3181879185140133,0.0
lciba,/media/crk/vol3/rt/coco/val2017/000000570448.jpg,A man sanding on a boat next to a beach.,1.7063131555914879,0.0,1.2875407002866268,0.0
libragrad,/media/crk/vol3/rt/coco/val2017/000000570448.jpg,A man sanding on a boat next to a beach.,2.4399636313319206,0.0,0.0,0.0
fusion,/media/crk/vol3/rt/coco/val2017/000000570448.jpg,A man sanding on a boat next to a beach.,1.4315919950604439,0.0,0.0,100.0
m2ib,/media/crk/vol3/rt/coco/val2017/000000273198.jpg,A man opening a fire hydrant spewing out rusty water into a street.,0.0,100.0,1.7572905868291855,0.0
lciba,/media/crk/vol3/rt/coco/val2017/000000273198.jpg,A man opening a fire hydrant spewing out rusty water into a street.,1.7369436100125313,0.0,1.7614588141441345,0.0
libragrad,/media/crk/vol3/rt/coco/val2017/000000273198.jpg,A man opening a fire hydrant spewing out rusty water into a street.,0.0,100.0,0.0,0.0
fusion,/media/crk/vol3/rt/coco/val2017/000000273198.jpg,A man opening a fire hydrant spewing out rusty water into a street.,0.1138495746999979,0.0,0.0,0.0
m2ib,/media/crk/vol3/rt/coco/val2017/000000004395.jpg,A man in a shirt and tie motioning with his hand.,0.16870126128196716,0.0,0.8468745276331902,0.0
lciba,/media/crk/vol3/rt/coco/val2017/000000004395.jpg,A man in a shirt and tie motioning with his hand.,1.820872537791729,0.0,1.1986888945102692,0.0
libragrad,/media/crk/vol3/rt/coco/val2017/000000004395.jpg,A man in a shirt and tie motioning with his hand.,0.0,100.0,0.0,0.0
fusion,/media/crk/vol3/rt/coco/val2017/000000004395.jpg,A man in a shirt and tie motioning with his hand.,0.0,100.0,0.817904993891716,0.0
m2ib,/media/crk/vol3/rt/coco/val2017/000000263474.jpg,"A bathroom area with a toilet, trashcan and dresser.",0.0,100.0,1.4812766574323177,0.0
lciba,/media/crk/vol3/rt/coco/val2017/000000263474.jpg,"A bathroom area with a toilet, trashcan and dresser.",3.4024741500616074,0.0,1.625705324113369,0.0
libragrad,/media/crk/vol3/rt/coco/val2017/000000263474.jpg,"A bathroom area with a toilet, trashcan and dresser.",0.35372599959373474,0.0,0.0,0.0
fusion,/media/crk/vol3/rt/coco/val2017/000000263474.jpg,"A bathroom area with a toilet, trashcan and dresser.",2.1797699853777885,0.0,0.0,100.0
m2ib,/media/crk/vol3/rt/coco/val2017/000000109827.jpg,A teddy bear leaning against a tree next to the road.,0.16734451055526733,0.0,2.020641788840294,0.0
lciba,/media/crk/vol3/rt/coco/val2017/000000109827.jpg,A teddy bear leaning against a tree next to the road.,0.0,100.0,2.1286413073539734,0.0
libragrad,/media/crk/vol3/rt/coco/val2017/000000109827.jpg,A teddy bear leaning against a tree next to the road.,2.1724600344896317,0.0,0.0,0.0
fusion,/media/crk/vol3/rt/coco/val2017/000000109827.jpg,A teddy bear leaning against a tree next to the road.,0.12009292840957642,0.0,0.025871768593788147,0.0
m2ib,/media/crk/vol3/rt/coco/val2017/000000468632.jpg,A group of young men standing on top of a soccer field.,4.1430555284023285,0.0,0.0,100.0
lciba,/media/crk/vol3/rt/coco/val2017/000000468632.jpg,A group of young men standing on top of a soccer field.,7.190617918968201,0.0,1.7976239323616028,0.0
libragrad,/media/crk/vol3/rt/coco/val2017/000000468632.jpg,A group of young men standing on top of a soccer field.,6.507621705532074,0.0,0.0,0.0
fusion,/media/crk/vol3/rt/coco/val2017/000000468632.jpg,A group of young men standing on top of a soccer field.,6.586690247058868,0.0,0.0,0.0
m2ib,/media/crk/vol3/rt/coco/val2017/000000565012.jpg,a digitally manipulated image of cars on a highway at night in the city,0.3670012578368187,0.0,3.027939237654209,0.0
lciba,/media/crk/vol3/rt/coco/val2017/000000565012.jpg,a digitally manipulated image of cars on a highway at night in the city,2.9978331178426743,0.0,3.352568671107292,0.0
libragrad,/media/crk/vol3/rt/coco/val2017/000000565012.jpg,a digitally manipulated image of cars on a highway at night in the city,0.9165853261947632,0.0,0.0,0.0
fusion,/media/crk/vol3/rt/coco/val2017/000000565012.jpg,a digitally manipulated image of cars on a highway at night in the city,2.762409672141075,0.0,0.01125819981098175,0.0
m2ib,/media/crk/vol3/rt/coco/val2017/000000348216.jpg,Your guess is as good as mine as to what these objects are.,0.0,100.0,2.499881386756897,0.0
lciba,/media/crk/vol3/rt/coco/val2017/000000348216.jpg,Your guess is as good as mine as to what these objects are.,0.6889417301863432,0.0,2.851923182606697,0.0
libragrad,/media/crk/vol3/rt/coco/val2017/000000348216.jpg,Your guess is as good as mine as to what these objects are.,1.1439811438322067,0.0,2.287190780043602,0.0
fusion,/media/crk/vol3/rt/coco/val2017/000000348216.jpg,Your guess is as good as mine as to what these objects are.,0.6148904096335173,0.0,2.4233127012848854,0.0
m2ib,/media/crk/vol3/rt/coco/val2017/000000263463.jpg,A dog hanging out of a back door window.,0.0,100.0,0.1151056494563818,0.0
lciba,/media/crk/vol3/rt/coco/val2017/000000263463.jpg,A dog hanging out of a back door window.,1.101435348391533,0.0,2.1522678434848785,0.0
libragrad,/media/crk/vol3/rt/coco/val2017/000000263463.jpg,A dog hanging out of a back door window.,0.0,100.0,0.0,0.0
fusion,/media/crk/vol3/rt/coco/val2017/000000263463.jpg,A dog hanging out of a back door window.,0.0,100.0,0.062278471887111664,0.0
m2ib,/media/crk/vol3/rt/coco/val2017/000000242946.jpg,A group of women sitting at a table with plates of food,0.0,100.0,0.6334021687507629,0.0
lciba,/media/crk/vol3/rt/coco/val2017/000000242946.jpg,A group of women sitting at a table with plates of food,6.019527465105057,0.0,1.1384323239326477,0.0
libragrad,/media/crk/vol3/rt/coco/val2017/000000242946.jpg,A group of women sitting at a table with plates of food,0.3429390490055084,0.0,0.0,0.0
fusion,/media/crk/vol3/rt/coco/val2017/000000242946.jpg,A group of women sitting at a table with plates of food,1.2477636337280273,0.0,0.0,0.0
m2ib,/media/crk/vol3/rt/coco/val2017/000000139260.jpg,There is a banana split with whipped cream and a cherry.,1.1813212186098099,0.0,0.05246363580226898,0.0
lciba,/media/crk/vol3/rt/coco/val2017/000000139260.jpg,There is a banana split with whipped cream and a cherry.,6.9048769772052765,0.0,1.7111670225858688,0.0
libragrad,/media/crk/vol3/rt/coco/val2017/000000139260.jpg,There is a banana split with whipped cream and a cherry.,1.9742883741855621,0.0,0.0,0.0
fusion,/media/crk/vol3/rt/coco/val2017/000000139260.jpg,There is a banana split with whipped cream and a cherry.,5.477819591760635,0.0,0.0,0.0
m2ib,/media/crk/vol3/rt/coco/val2017/000000290081.jpg,A bunch of oranges are sitting in a clear fruit bowl.,2.137215808033943,0.0,0.04639546386897564,0.0
lciba,/media/crk/vol3/rt/coco/val2017/000000290081.jpg,A bunch of oranges are sitting in a clear fruit bowl.,2.8945982456207275,0.0,2.2725723683834076,0.0
libragrad,/media/crk/vol3/rt/coco/val2017/000000290081.jpg,A bunch of oranges are sitting in a clear fruit bowl.,1.676405407488346,0.0,0.0,0.0
fusion,/media/crk/vol3/rt/coco/val2017/000000290081.jpg,A bunch of oranges are sitting in a clear fruit bowl.,0.7915663532912731,0.0,0.0,0.0
m2ib,/media/crk/vol3/rt/coco/val2017/000000408112.jpg,A small propeller plane sitting on top of an airport tarmac.,2.470196411013603,0.0,0.07641855627298355,0.0
lciba,/media/crk/vol3/rt/coco/val2017/000000408112.jpg,A small propeller plane sitting on top of an airport tarmac.,1.271292008459568,0.0,1.0178028605878353,0.0
libragrad,/media/crk/vol3/rt/coco/val2017/000000408112.jpg,A small propeller plane sitting on top of an airport tarmac.,3.741319850087166,0.0,0.0,0.0
fusion,/media/crk/vol3/rt/coco/val2017/000000408112.jpg,A small propeller plane sitting on top of an airport tarmac.,2.348307892680168,0.0,0.0,0.0
m2ib,/media/crk/vol3/rt/coco/val2017/000000365642.jpg,A young attractive woman sitting on a toilette on the side of a street.,0.07008332759141922,0.0,1.9307861104607582,0.0
lciba,/media/crk/vol3/rt/coco/val2017/000000365642.jpg,A young attractive woman sitting on a toilette on the side of a street.,1.7664870247244835,0.0,2.130505256354809,0.0
libragrad,/media/crk/vol3/rt/coco/val2017/000000365642.jpg,A young attractive woman sitting on a toilette on the side of a street.,2.507767267525196,0.0,0.0,0.0
fusion,/media/crk/vol3/rt/coco/val2017/000000365642.jpg,A young attractive woman sitting on a toilette on the side of a street.,1.623666100203991,0.0,1.9264884293079376,0.0
m2ib,/media/crk/vol3/rt/coco/val2017/000000133778.jpg,A young calf drinks from its mother's udders,0.24800002574920654,0.0,1.9198320806026459,0.0
lciba,/media/crk/vol3/rt/coco/val2017/000000133778.jpg,A young calf drinks from its mother's udders,8.511670678853989,0.0,1.9733868539333344,0.0
libragrad,/media/crk/vol3/rt/coco/val2017/000000133778.jpg,A young calf drinks from its mother's udders,1.555047556757927,0.0,0.043658167123794556,0.0
fusion,/media/crk/vol3/rt/coco/val2017/000000133778.jpg,A young calf drinks from its mother's udders,6.957966089248657,0.0,0.04400014877319336,0.0
m2ib,/media/crk/vol3/rt/coco/val2017/000000078748.jpg,A group of motorcycles on display for a crowd.,0.0,100.0,0.0,100.0
lciba,/media/crk/vol3/rt/coco/val2017/000000078748.jpg,A group of motorcycles on display for a crowd.,0.0,100.0,2.0913299173116684,0.0
libragrad,/media/crk/vol3/rt/coco/val2017/000000078748.jpg,A group of motorcycles on display for a crowd.,0.0,100.0,0.0,0.0
fusion,/media/crk/vol3/rt/coco/val2017/000000078748.jpg,A group of motorcycles on display for a crowd.,0.0,100.0,0.033878907561302185,0.0
m2ib,/media/crk/vol3/rt/coco/val2017/000000410735.jpg,Various different pictures of food in a bowl.,0.0,100.0,0.0,100.0
lciba,/media/crk/vol3/rt/coco/val2017/000000410735.jpg,Various different pictures of food in a bowl.,0.910030584782362,0.0,0.0,100.0
libragrad,/media/crk/vol3/rt/coco/val2017/000000410735.jpg,Various different pictures of food in a bowl.,0.0,100.0,0.0,0.0
fusion,/media/crk/vol3/rt/coco/val2017/000000410735.jpg,Various different pictures of food in a bowl.,0.0,100.0,0.0,100.0
m2ib,/media/crk/vol3/rt/coco/val2017/000000123213.jpg,a baseball player on a field with a bat ,1.1829076334834099,0.0,0.10297703556716442,0.0
lciba,/media/crk/vol3/rt/coco/val2017/000000123213.jpg,a baseball player on a field with a bat ,1.6484631225466728,0.0,0.21117152646183968,0.0
libragrad,/media/crk/vol3/rt/coco/val2017/000000123213.jpg,a baseball player on a field with a bat ,1.1273283511400223,0.0,0.0,0.0
fusion,/media/crk/vol3/rt/coco/val2017/000000123213.jpg,a baseball player on a field with a bat ,0.0,100.0,0.0,0.0
m2ib,/media/crk/vol3/rt/coco/val2017/000000460929.jpg,A hot dog with mustard is next to a bottle of soda.,0.0,100.0,0.049859657883644104,0.0
lciba,/media/crk/vol3/rt/coco/val2017/000000460929.jpg,A hot dog with mustard is next to a bottle of soda.,5.2526794373989105,0.0,0.9203651919960976,0.0
libragrad,/media/crk/vol3/rt/coco/val2017/000000460929.jpg,A hot dog with mustard is next to a bottle of soda.,0.0,100.0,0.0,0.0
fusion,/media/crk/vol3/rt/coco/val2017/000000460929.jpg,A hot dog with mustard is next to a bottle of soda.,0.38371048867702484,0.0,0.0,0.0
m2ib,/media/crk/vol3/rt/coco/val2017/000000224807.jpg,Men sit around a table sharing a meal.,0.0,100.0,0.1051674596965313,0.0
lciba,/media/crk/vol3/rt/coco/val2017/000000224807.jpg,Men sit around a table sharing a meal.,1.9837163388729095,0.0,1.871710643172264,0.0
libragrad,/media/crk/vol3/rt/coco/val2017/000000224807.jpg,Men sit around a table sharing a meal.,0.0,100.0,0.0,0.0
fusion,/media/crk/vol3/rt/coco/val2017/000000224807.jpg,Men sit around a table sharing a meal.,0.4068430047482252,0.0,0.04652971401810646,0.0
m2ib,/media/crk/vol3/rt/coco/val2017/000000087144.jpg,A woman and her child sitting nest to a man on a park bench.,1.0121961124241352,0.0,2.804970368742943,0.0
lciba,/media/crk/vol3/rt/coco/val2017/000000087144.jpg,A woman and her child sitting nest to a man on a park bench.,2.382998540997505,0.0,3.426886349916458,0.0
libragrad,/media/crk/vol3/rt/coco/val2017/000000087144.jpg,A woman and her child sitting nest to a man on a park bench.,2.4319270625710487,0.0,0.0,0.0
fusion,/media/crk/vol3/rt/coco/val2017/000000087144.jpg,A woman and her child sitting nest to a man on a park bench.,1.4773525297641754,0.0,0.0,0.0
m2ib,/media/crk/vol3/rt/coco/val2017/000000191672.jpg,a person riding a skate board on a wave,3.143129125237465,0.0,1.2803763151168823,0.0
lciba,/media/crk/vol3/rt/coco/val2017/000000191672.jpg,a person riding a skate board on a wave,8.406343311071396,0.0,1.3787955045700073,0.0
libragrad,/media/crk/vol3/rt/coco/val2017/000000191672.jpg,a person riding a skate board on a wave,3.2918598502874374,0.0,0.0,0.0
fusion,/media/crk/vol3/rt/coco/val2017/000000191672.jpg,a person riding a skate board on a wave,4.743517190217972,0.0,0.0,0.0
m2ib,/media/crk/vol3/rt/coco/val2017/000000309495.jpg,A toilet that is in a bathroom with the lid up.,0.8589651435613632,0.0,0.8879952132701874,0.0
lciba,/media/crk/vol3/rt/coco/val2017/000000309495.jpg,A toilet that is in a bathroom with the lid up.,3.870745003223419,0.0,1.2507330626249313,0.0
libragrad,/media/crk/vol3/rt/coco/val2017/000000309495.jpg,A toilet that is in a bathroom with the lid up.,1.038954220712185,0.0,0.0,0.0
fusion,/media/crk/vol3/rt/coco/val2017/000000309495.jpg,A toilet that is in a bathroom with the lid up.,0.990179181098938,0.0,0.0,0.0
m2ib,/media/crk/vol3/rt/coco/val2017/000000423971.jpg,A toilet with an illuminated seat in a restroom.,0.0,100.0,0.9360471740365028,0.0
lciba,/media/crk/vol3/rt/coco/val2017/000000423971.jpg,A toilet with an illuminated seat in a restroom.,2.8997668996453285,0.0,0.9245475754141808,0.0
libragrad,/media/crk/vol3/rt/coco/val2017/000000423971.jpg,A toilet with an illuminated seat in a restroom.,0.0,100.0,0.0,0.0
fusion,/media/crk/vol3/rt/coco/val2017/000000423971.jpg,A toilet with an illuminated seat in a restroom.,0.0,100.0,0.0,0.0
m2ib,/media/crk/vol3/rt/coco/val2017/000000273712.jpg,a refrigerator in a room next to a wall,2.612631395459175,0.0,1.2029588222503662,0.0
lciba,/media/crk/vol3/rt/coco/val2017/000000273712.jpg,a refrigerator in a room next to a wall,6.667755544185638,0.0,1.383185014128685,0.0
libragrad,/media/crk/vol3/rt/coco/val2017/000000273712.jpg,a refrigerator in a room next to a wall,1.878223568201065,0.0,0.0,100.0
fusion,/media/crk/vol3/rt/coco/val2017/000000273712.jpg,a refrigerator in a room next to a wall,5.4665423929691315,0.0,0.018784403800964355,0.0
m2ib,/media/crk/vol3/rt/coco/val2017/000000130386.jpg,A sign on the side of a busy street outside a shopping center,0.0,100.0,0.0,0.0
lciba,/media/crk/vol3/rt/coco/val2017/000000130386.jpg,A sign on the side of a busy street outside a shopping center,0.0,100.0,2.1808601915836334,0.0
libragrad,/media/crk/vol3/rt/coco/val2017/000000130386.jpg,A sign on the side of a busy street outside a shopping center,0.0,100.0,0.0,0.0
fusion,/media/crk/vol3/rt/coco/val2017/000000130386.jpg,A sign on the side of a busy street outside a shopping center,0.5716107785701752,0.0,1.9931063055992126,0.0
m2ib,/media/crk/vol3/rt/coco/val2017/000000140556.jpg,these man are standing near a fire hydrant,1.585119403898716,0.0,0.10742712765932083,0.0
lciba,/media/crk/vol3/rt/coco/val2017/000000140556.jpg,these man are standing near a fire hydrant,4.911556839942932,0.0,2.0066408440470695,0.0
libragrad,/media/crk/vol3/rt/coco/val2017/000000140556.jpg,these man are standing near a fire hydrant,1.798008754849434,0.0,0.0,0.0
fusion,/media/crk/vol3/rt/coco/val2017/000000140556.jpg,these man are standing near a fire hydrant,3.110097348690033,0.0,0.0,0.0
m2ib,/media/crk/vol3/rt/coco/val2017/000000453302.jpg,"A kitchen that has a tile floor, a refrigerator, a microwave, and a toaster.",2.6131123304367065,0.0,0.3793850541114807,0.0
lciba,/media/crk/vol3/rt/coco/val2017/000000453302.jpg,"A kitchen that has a tile floor, a refrigerator, a microwave, and a toaster.",9.053780138492584,0.0,2.9913030564785004,0.0
libragrad,/media/crk/vol3/rt/coco/val2017/000000453302.jpg,"A kitchen that has a tile floor, a refrigerator, a microwave, and a toaster.",4.501074925065041,0.0,0.0,0.0
fusion,/media/crk/vol3/rt/coco/val2017/000000453302.jpg,"A kitchen that has a tile floor, a refrigerator, a microwave, and a toaster.",5.72572723031044,0.0,0.10638982057571411,0.0
m2ib,/media/crk/vol3/rt/coco/val2017/000000054654.jpg,The woman is dipping food out of the pot to eat.,0.0,100.0,0.09373202919960022,0.0
lciba,/media/crk/vol3/rt/coco/val2017/000000054654.jpg,The woman is dipping food out of the pot to eat.,6.627180427312851,0.0,0.0982232391834259,0.0
libragrad,/media/crk/vol3/rt/coco/val2017/000000054654.jpg,The woman is dipping food out of the pot to eat.,0.0,100.0,0.0,0.0
fusion,/media/crk/vol3/rt/coco/val2017/000000054654.jpg,The woman is dipping food out of the pot to eat.,3.654036670923233,0.0,0.0,100.0
m2ib,/media/crk/vol3/rt/coco/val2017/000000135410.jpg,A bike leaning up to a parking meter.,1.420148555189371,0.0,0.03290921449661255,0.0
lciba,/media/crk/vol3/rt/coco/val2017/000000135410.jpg,A bike leaning up to a parking meter.,0.20025959238409996,0.0,2.1410658955574036,0.0
libragrad,/media/crk/vol3/rt/coco/val2017/000000135410.jpg,A bike leaning up to a parking meter.,0.0,100.0,0.0,0.0
fusion,/media/crk/vol3/rt/coco/val2017/000000135410.jpg,A bike leaning up to a parking meter.,0.0,100.0,0.0,0.0
m2ib,/media/crk/vol3/rt/coco/val2017/000000472375.jpg,A small black and brown dog sitting next to a motorcycle.,0.11982135474681854,0.0,0.0,100.0
lciba,/media/crk/vol3/rt/coco/val2017/000000472375.jpg,A small black and brown dog sitting next to a motorcycle.,0.0,100.0,0.0,100.0
libragrad,/media/crk/vol3/rt/coco/val2017/000000472375.jpg,A small black and brown dog sitting next to a motorcycle.,1.206238567829132,0.0,0.0,0.0
fusion,/media/crk/vol3/rt/coco/val2017/000000472375.jpg,A small black and brown dog sitting next to a motorcycle.,1.23990960419178,0.0,0.0,100.0
m2ib,/media/crk/vol3/rt/coco/val2017/000000493905.jpg,A male Tennis player is trying to secure the ball. ,0.9789224714040756,0.0,0.19010286778211594,0.0
lciba,/media/crk/vol3/rt/coco/val2017/000000493905.jpg,A male Tennis player is trying to secure the ball. ,3.2696936279535294,0.0,0.2130463719367981,0.0
libragrad,/media/crk/vol3/rt/coco/val2017/000000493905.jpg,A male Tennis player is trying to secure the ball. ,1.3249404728412628,0.0,0.0,0.0
fusion,/media/crk/vol3/rt/coco/val2017/000000493905.jpg,A male Tennis player is trying to secure the ball. ,0.0,100.0,0.009179487824440002,0.0
m2ib,/media/crk/vol3/rt/coco/val2017/000000353970.jpg,a cat sitting in a chair looking up,0.0,100.0,0.05334634333848953,0.0
lciba,/media/crk/vol3/rt/coco/val2017/000000353970.jpg,a cat sitting in a chair looking up,3.78681942820549,0.0,0.06908904761075974,0.0
libragrad,/media/crk/vol3/rt/coco/val2017/000000353970.jpg,a cat sitting in a chair looking up,0.0,100.0,0.0,0.0
fusion,/media/crk/vol3/rt/coco/val2017/000000353970.jpg,a cat sitting in a chair looking up,2.5535767897963524,0.0,0.0,0.0
m2ib,/media/crk/vol3/rt/coco/val2017/000000393115.jpg,Nan or woman is enjoying a day of surfboarding on a brown/orange board.,0.8912278339266777,0.0,0.012773647904396057,0.0
lciba,/media/crk/vol3/rt/coco/val2017/000000393115.jpg,Nan or woman is enjoying a day of surfboarding on a brown/orange board.,2.9305174946784973,0.0,0.420208927243948,0.0
libragrad,/media/crk/vol3/rt/coco/val2017/000000393115.jpg,Nan or woman is enjoying a day of surfboarding on a brown/orange board.,0.9473542682826519,0.0,0.0,0.0
fusion,/media/crk/vol3/rt/coco/val2017/000000393115.jpg,Nan or woman is enjoying a day of surfboarding on a brown/orange board.,2.451246604323387,0.0,0.0,100.0
m2ib,/media/crk/vol3/rt/coco/val2017/000000000776.jpg,"Three teddy bears, each a different color, snuggling together.",0.0,100.0,0.06575994193553925,0.0
lciba,/media/crk/vol3/rt/coco/val2017/000000000776.jpg,"Three teddy bears, each a different color, snuggling together.",0.0,100.0,0.21574199199676514,0.0
libragrad,/media/crk/vol3/rt/coco/val2017/000000000776.jpg,"Three teddy bears, each a different color, snuggling together.",0.0,100.0,0.0,0.0
fusion,/media/crk/vol3/rt/coco/val2017/000000000776.jpg,"Three teddy bears, each a different color, snuggling together.",0.0,100.0,0.0,0.0
m2ib,/media/crk/vol3/rt/coco/val2017/000000210388.jpg,Some people are walking in the snow and having fun. ,3.5792015492916107,0.0,0.408191978931427,0.0
lciba,/media/crk/vol3/rt/coco/val2017/000000210388.jpg,Some people are walking in the snow and having fun. ,8.814140409231186,0.0,0.7645681500434875,0.0
libragrad,/media/crk/vol3/rt/coco/val2017/000000210388.jpg,Some people are walking in the snow and having fun. ,4.028116166591644,0.0,0.0,0.0
fusion,/media/crk/vol3/rt/coco/val2017/000000210388.jpg,Some people are walking in the snow and having fun. ,3.8818735629320145,0.0,0.1809053122997284,0.0
m2ib,/media/crk/vol3/rt/coco/val2017/000000462728.jpg,A man in the ocean with a dog on a surfboard.,4.374415427446365,0.0,1.053222082555294,0.0
lciba,/media/crk/vol3/rt/coco/val2017/000000462728.jpg,A man in the ocean with a dog on a surfboard.,5.575767159461975,0.0,1.1550337076187134,0.0
libragrad,/media/crk/vol3/rt/coco/val2017/000000462728.jpg,A man in the ocean with a dog on a surfboard.,4.552965238690376,0.0,0.0,0.0
fusion,/media/crk/vol3/rt/coco/val2017/000000462728.jpg,A man in the ocean with a dog on a surfboard.,3.924255073070526,0.0,0.007545575499534607,0.0
m2ib,/media/crk/vol3/rt/coco/val2017/000000367228.jpg,Young man flying a kite over a grassy area by water.,2.2537196055054665,0.0,0.056893378496170044,0.0
lciba,/media/crk/vol3/rt/coco/val2017/000000367228.jpg,Young man flying a kite over a grassy area by water.,6.541934609413147,0.0,0.9314190596342087,0.0
libragrad,/media/crk/vol3/rt/coco/val2017/000000367228.jpg,Young man flying a kite over a grassy area by water.,3.0218496918678284,0.0,0.0,0.0
fusion,/media/crk/vol3/rt/coco/val2017/000000367228.jpg,Young man flying a kite over a grassy area by water.,4.2703282088041306,0.0,0.0,100.0
m2ib,/media/crk/vol3/rt/coco/val2017/000000134886.jpg,A large jetliner flying over a dry grass field.,0.20488249137997627,0.0,1.737547479569912,0.0
lciba,/media/crk/vol3/rt/coco/val2017/000000134886.jpg,A large jetliner flying over a dry grass field.,1.771598681807518,0.0,1.7046906054019928,0.0
libragrad,/media/crk/vol3/rt/coco/val2017/000000134886.jpg,A large jetliner flying over a dry grass field.,0.5018041469156742,0.0,0.0,0.0
fusion,/media/crk/vol3/rt/coco/val2017/000000134886.jpg,A large jetliner flying over a dry grass field.,0.0,100.0,0.08831033483147621,0.0
m2ib,/media/crk/vol3/rt/coco/val2017/000000435003.jpg,A laptop computer sitting on a desk next to a desktop monitor.,2.952483296394348,0.0,0.21522194147109985,0.0
lciba,/media/crk/vol3/rt/coco/val2017/000000435003.jpg,A laptop computer sitting on a desk next to a desktop monitor.,9.023909270763397,0.0,2.0806387066841125,0.0
libragrad,/media/crk/vol3/rt/coco/val2017/000000435003.jpg,A laptop computer sitting on a desk next to a desktop monitor.,4.693519696593285,0.0,0.0,100.0
fusion,/media/crk/vol3/rt/coco/val2017/000000435003.jpg,A laptop computer sitting on a desk next to a desktop monitor.,6.97609931230545,0.0,0.0,100.0
m2ib,/media/crk/vol3/rt/coco/val2017/000000239318.jpg,A laptop computer sitting on top of a wooden desk.,2.3933686316013336,0.0,0.04353336989879608,0.0
lciba,/media/crk/vol3/rt/coco/val2017/000000239318.jpg,A laptop computer sitting on top of a wooden desk.,5.525411665439606,0.0,0.0,100.0
libragrad,/media/crk/vol3/rt/coco/val2017/000000239318.jpg,A laptop computer sitting on top of a wooden desk.,1.99266467243433,0.0,0.0,0.0
fusion,/media/crk/vol3/rt/coco/val2017/000000239318.jpg,A laptop computer sitting on top of a wooden desk.,2.0674409344792366,0.0,0.0,0.0
m2ib,/media/crk/vol3/rt/coco/val2017/000000289702.jpg,Large black dog sitting in front of a big mirror. ,0.0,100.0,0.0,0.0
lciba,/media/crk/vol3/rt/coco/val2017/000000289702.jpg,Large black dog sitting in front of a big mirror. ,6.079628691077232,0.0,0.18503665924072266,0.0
libragrad,/media/crk/vol3/rt/coco/val2017/000000289702.jpg,Large black dog sitting in front of a big mirror. ,0.9233202785253525,0.0,0.0,0.0
fusion,/media/crk/vol3/rt/coco/val2017/000000289702.jpg,Large black dog sitting in front of a big mirror. ,2.763112634420395,0.0,0.0,0.0
m2ib,/media/crk/vol3/rt/coco/val2017/000000107087.jpg,A black cat sits in a car and looks out.,2.07007247954607,0.0,0.10785870254039764,0.0
lciba,/media/crk/vol3/rt/coco/val2017/000000107087.jpg,A black cat sits in a car and looks out.,1.7873557284474373,0.0,2.7633968740701675,0.0
libragrad,/media/crk/vol3/rt/coco/val2017/000000107087.jpg,A black cat sits in a car and looks out.,2.471495419740677,0.0,0.0,0.0
fusion,/media/crk/vol3/rt/coco/val2017/000000107087.jpg,A black cat sits in a car and looks out.,2.736973762512207,0.0,0.0,0.0
m2ib,/media/crk/vol3/rt/coco/val2017/000000530061.jpg,A child sitting down in front of a bowl.,0.0,100.0,0.07384270429611206,0.0
lciba,/media/crk/vol3/rt/coco/val2017/000000530061.jpg,A child sitting down in front of a bowl.,5.166693776845932,0.0,1.5435701236128807,0.0
libragrad,/media/crk/vol3/rt/coco/val2017/000000530061.jpg,A child sitting down in front of a bowl.,0.7774129509925842,0.0,0.0,0.0
fusion,/media/crk/vol3/rt/coco/val2017/000000530061.jpg,A child sitting down in front of a bowl.,4.1259609162807465,0.0,0.01894235610961914,0.0
m2ib,/media/crk/vol3/rt/coco/val2017/000000523241.jpg,A busy street with several lanes and a crossing sign in the foreground.,3.79803329706192,0.0,0.032942742109298706,0.0
lciba,/media/crk/vol3/rt/coco/val2017/000000523241.jpg,A busy street with several lanes and a crossing sign in the foreground.,5.978276580572128,0.0,2.966490760445595,0.0
libragrad,/media/crk/vol3/rt/coco/val2017/000000523241.jpg,A busy street with several lanes and a crossing sign in the foreground.,5.018957331776619,0.0,0.0,0.0
fusion,/media/crk/vol3/rt/coco/val2017/000000523241.jpg,A busy street with several lanes and a crossing sign in the foreground.,3.545616939663887,0.0,0.03231596201658249,0.0
m2ib,/media/crk/vol3/rt/coco/val2017/000000027620.jpg,A laptop sitting on a desk next to a chair and another computer.,0.0,100.0,1.671004667878151,0.0
lciba,/media/crk/vol3/rt/coco/val2017/000000027620.jpg,A laptop sitting on a desk next to a chair and another computer.,4.064866900444031,0.0,1.927647553384304,0.0
libragrad,/media/crk/vol3/rt/coco/val2017/000000027620.jpg,A laptop sitting on a desk next to a chair and another computer.,0.0,100.0,0.0,100.0
fusion,/media/crk/vol3/rt/coco/val2017/000000027620.jpg,A laptop sitting on a desk next to a chair and another computer.,0.08619800209999084,0.0,1.6219446435570717,0.0
m2ib,/media/crk/vol3/rt/coco/val2017/000000180792.jpg,"A bathroom with a toilet, toilet roll and safety rail.",0.0,100.0,0.09737350046634674,0.0
lciba,/media/crk/vol3/rt/coco/val2017/000000180792.jpg,"A bathroom with a toilet, toilet roll and safety rail.",0.0,100.0,0.08169934153556824,0.0
libragrad,/media/crk/vol3/rt/coco/val2017/000000180792.jpg,"A bathroom with a toilet, toilet roll and safety rail.",0.0,100.0,0.0,0.0
fusion,/media/crk/vol3/rt/coco/val2017/000000180792.jpg,"A bathroom with a toilet, toilet roll and safety rail.",0.0,100.0,0.21717622876167297,0.0
m2ib,/media/crk/vol3/rt/coco/val2017/000000374727.jpg,A street sign showing four different roads on it,0.39977021515369415,0.0,0.0,0.0
lciba,/media/crk/vol3/rt/coco/val2017/000000374727.jpg,A street sign showing four different roads on it,7.756185531616211,0.0,3.3235598355531693,0.0
libragrad,/media/crk/vol3/rt/coco/val2017/000000374727.jpg,A street sign showing four different roads on it,1.1223085224628448,0.0,0.0,0.0
fusion,/media/crk/vol3/rt/coco/val2017/000000374727.jpg,A street sign showing four different roads on it,2.8311990201473236,0.0,0.0,0.0
m2ib,/media/crk/vol3/rt/coco/val2017/000000460841.jpg,a kitten that is sitting down by a  door,1.7579272389411926,0.0,0.0,0.0
lciba,/media/crk/vol3/rt/coco/val2017/000000460841.jpg,a kitten that is sitting down by a  door,5.370752885937691,0.0,0.9673800319433212,0.0
libragrad,/media/crk/vol3/rt/coco/val2017/000000460841.jpg,a kitten that is sitting down by a  door,3.5417355597019196,0.0,0.0,0.0
fusion,/media/crk/vol3/rt/coco/val2017/000000460841.jpg,a kitten that is sitting down by a  door,3.863486647605896,0.0,0.0,0.0
m2ib,/media/crk/vol3/rt/coco/val2017/000000311392.jpg,A black and white cow at market in her stall.,0.0,100.0,1.9870363175868988,0.0
lciba,/media/crk/vol3/rt/coco/val2017/000000311392.jpg,A black and white cow at market in her stall.,8.233368396759033,0.0,2.3508820682764053,0.0
libragrad,/media/crk/vol3/rt/coco/val2017/000000311392.jpg,A black and white cow at market in her stall.,0.0,100.0,0.0,0.0
fusion,/media/crk/vol3/rt/coco/val2017/000000311392.jpg,A black and white cow at market in her stall.,3.0414920300245285,0.0,0.0,0.0
m2ib,/media/crk/vol3/rt/coco/val2017/000000530146.jpg,A white plate topped with a sandwich and sliced veggies.,0.0,100.0,0.0264056958258152,0.0
lciba,/media/crk/vol3/rt/coco/val2017/000000530146.jpg,A white plate topped with a sandwich and sliced veggies.,2.8997480869293213,0.0,0.5595352500677109,0.0
libragrad,/media/crk/vol3/rt/coco/val2017/000000530146.jpg,A white plate topped with a sandwich and sliced veggies.,0.0,100.0,0.0,0.0
fusion,/media/crk/vol3/rt/coco/val2017/000000530146.jpg,A white plate topped with a sandwich and sliced veggies.,1.255437359213829,0.0,0.009251106530427933,0.0
m2ib,/media/crk/vol3/rt/coco/val2017/000000216419.jpg,A clock on a pole on a sidewalk.,1.0009020566940308,0.0,1.7695331946015358,0.0
lciba,/media/crk/vol3/rt/coco/val2017/000000216419.jpg,A clock on a pole on a sidewalk.,5.483464524149895,0.0,1.9627848640084267,0.0
libragrad,/media/crk/vol3/rt/coco/val2017/000000216419.jpg,A clock on a pole on a sidewalk.,2.158300392329693,0.0,0.0,0.0
fusion,/media/crk/vol3/rt/coco/val2017/000000216419.jpg,A clock on a pole on a sidewalk.,2.593599259853363,0.0,0.0,0.0
m2ib,/media/crk/vol3/rt/coco/val2017/000000044260.jpg,A collection of apples growing on a tree. ,0.33170972019433975,0.0,1.7254628241062164,0.0
lciba,/media/crk/vol3/rt/coco/val2017/000000044260.jpg,A collection of apples growing on a tree. ,2.2964011877775192,0.0,1.8355786800384521,0.0
libragrad,/media/crk/vol3/rt/coco/val2017/000000044260.jpg,A collection of apples growing on a tree. ,0.9330295026302338,0.0,0.0,0.0
fusion,/media/crk/vol3/rt/coco/val2017/000000044260.jpg,A collection of apples growing on a tree. ,3.277841955423355,0.0,1.7254628241062164,0.0
m2ib,/media/crk/vol3/rt/coco/val2017/000000157767.jpg,A group of men standing around a table of food in wooden room.,0.0,100.0,0.11170897632837296,0.0
lciba,/media/crk/vol3/rt/coco/val2017/000000157767.jpg,A group of men standing around a table of food in wooden room.,4.9455102533102036,0.0,1.5564149245619774,0.0
libragrad,/media/crk/vol3/rt/coco/val2017/000000157767.jpg,A group of men standing around a table of food in wooden room.,0.4685398191213608,0.0,0.0,0.0
fusion,/media/crk/vol3/rt/coco/val2017/000000157767.jpg,A group of men standing around a table of food in wooden room.,0.0,100.0,0.025292299687862396,0.0
m2ib,/media/crk/vol3/rt/coco/val2017/000000286553.jpg,A copse of men sitting next to each other at a table.,0.6826624274253845,0.0,0.4654236137866974,0.0
lciba,/media/crk/vol3/rt/coco/val2017/000000286553.jpg,A copse of men sitting next to each other at a table.,6.863201409578323,0.0,0.6891243159770966,0.0
libragrad,/media/crk/vol3/rt/coco/val2017/000000286553.jpg,A copse of men sitting next to each other at a table.,2.6546981185674667,0.0,0.0,0.0
fusion,/media/crk/vol3/rt/coco/val2017/000000286553.jpg,A copse of men sitting next to each other at a table.,3.4104105085134506,0.0,0.34047067165374756,0.0
m2ib,/media/crk/vol3/rt/coco/val2017/000000177714.jpg,A plate of cooked food in seen in this image.,0.0,100.0,0.15864185988903046,0.0
lciba,/media/crk/vol3/rt/coco/val2017/000000177714.jpg,A plate of cooked food in seen in this image.,5.321831256151199,0.0,0.021186843514442444,0.0
libragrad,/media/crk/vol3/rt/coco/val2017/000000177714.jpg,A plate of cooked food in seen in this image.,0.08678324520587921,0.0,0.0,0.0
fusion,/media/crk/vol3/rt/coco/val2017/000000177714.jpg,A plate of cooked food in seen in this image.,0.7131293416023254,0.0,0.0,0.0
m2ib,/media/crk/vol3/rt/coco/val2017/000000210915.jpg,A man riding a surfboard on a wave in the ocean.,0.0,100.0,0.09971074759960175,0.0
lciba,/media/crk/vol3/rt/coco/val2017/000000210915.jpg,A man riding a surfboard on a wave in the ocean.,2.831190638244152,0.0,0.0,100.0
libragrad,/media/crk/vol3/rt/coco/val2017/000000210915.jpg,A man riding a surfboard on a wave in the ocean.,2.0828230306506157,0.0,0.0,0.0
fusion,/media/crk/vol3/rt/coco/val2017/000000210915.jpg,A man riding a surfboard on a wave in the ocean.,0.77721131965518,0.0,0.013856031000614166,0.0
m2ib,/media/crk/vol3/rt/coco/val2017/000000535156.jpg,A large elephant scratching it's back on the side of a pole.,0.5515141412615776,0.0,0.0,100.0
lciba,/media/crk/vol3/rt/coco/val2017/000000535156.jpg,A large elephant scratching it's back on the side of a pole.,4.810183867812157,0.0,1.4521719887852669,0.0
libragrad,/media/crk/vol3/rt/coco/val2017/000000535156.jpg,A large elephant scratching it's back on the side of a pole.,2.0017478615045547,0.0,0.0,0.0
fusion,/media/crk/vol3/rt/coco/val2017/000000535156.jpg,A large elephant scratching it's back on the side of a pole.,3.6701124161481857,0.0,0.0,0.0
m2ib,/media/crk/vol3/rt/coco/val2017/000000080274.jpg,Two elephants that are standing next to each other.,0.1791069284081459,0.0,0.07955692708492279,0.0
lciba,/media/crk/vol3/rt/coco/val2017/000000080274.jpg,Two elephants that are standing next to each other.,0.0,100.0,0.0,100.0
libragrad,/media/crk/vol3/rt/coco/val2017/000000080274.jpg,Two elephants that are standing next to each other.,0.0,100.0,0.0,100.0
fusion,/media/crk/vol3/rt/coco/val2017/000000080274.jpg,Two elephants that are standing next to each other.,0.0,100.0,0.0,100.0
m2ib,/media/crk/vol3/rt/coco/val2017/000000239627.jpg,A white kitchen sink filled with dishes and eating utensils.,2.7451807633042336,0.0,0.032757967710494995,0.0
lciba,/media/crk/vol3/rt/coco/val2017/000000239627.jpg,A white kitchen sink filled with dishes and eating utensils.,3.9764780551195145,0.0,1.9141234457492828,0.0
libragrad,/media/crk/vol3/rt/coco/val2017/000000239627.jpg,A white kitchen sink filled with dishes and eating utensils.,1.8551822751760483,0.0,0.0,0.0
fusion,/media/crk/vol3/rt/coco/val2017/000000239627.jpg,A white kitchen sink filled with dishes and eating utensils.,2.9969003051519394,0.0,0.0,100.0
m2ib,/media/crk/vol3/rt/coco/val2017/000000251119.jpg,"The lunchbox has a cold sandwich, strawberry yogurt and orange juice. ",0.0,100.0,0.0850483775138855,0.0
lciba,/media/crk/vol3/rt/coco/val2017/000000251119.jpg,"The lunchbox has a cold sandwich, strawberry yogurt and orange juice. ",7.892180979251862,0.0,0.9548798203468323,0.0
libragrad,/media/crk/vol3/rt/coco/val2017/000000251119.jpg,"The lunchbox has a cold sandwich, strawberry yogurt and orange juice. ",0.0,100.0,0.0,0.0
fusion,/media/crk/vol3/rt/coco/val2017/000000251119.jpg,"The lunchbox has a cold sandwich, strawberry yogurt and orange juice. ",1.6019269824028015,0.0,0.0,100.0
m2ib,/media/crk/vol3/rt/coco/val2017/000000022705.jpg,The woman in the dress is holding her drink.,0.23266933858394623,0.0,0.0,100.0
lciba,/media/crk/vol3/rt/coco/val2017/000000022705.jpg,The woman in the dress is holding her drink.,6.368177384138107,0.0,0.16223303973674774,0.0
libragrad,/media/crk/vol3/rt/coco/val2017/000000022705.jpg,The woman in the dress is holding her drink.,2.901710942387581,0.0,0.0,0.0
fusion,/media/crk/vol3/rt/coco/val2017/000000022705.jpg,The woman in the dress is holding her drink.,4.364877939224243,0.0,0.0,100.0
m2ib,/media/crk/vol3/rt/coco/val2017/000000329041.jpg,A group of brief cases are piled up on the sidewalks.,0.0,100.0,1.4507051557302475,0.0
lciba,/media/crk/vol3/rt/coco/val2017/000000329041.jpg,A group of brief cases are piled up on the sidewalks.,0.0,100.0,1.9811462610960007,0.0
libragrad,/media/crk/vol3/rt/coco/val2017/000000329041.jpg,A group of brief cases are piled up on the sidewalks.,0.0,100.0,0.0,0.0
fusion,/media/crk/vol3/rt/coco/val2017/000000329041.jpg,A group of brief cases are piled up on the sidewalks.,0.0,100.0,0.0,0.0
m2ib,/media/crk/vol3/rt/coco/val2017/000000555005.jpg,The large dog is asleep on a couch.,0.0,100.0,0.044142454862594604,0.0
lciba,/media/crk/vol3/rt/coco/val2017/000000555005.jpg,The large dog is asleep on a couch.,0.8850599639117718,0.0,0.0,100.0
libragrad,/media/crk/vol3/rt/coco/val2017/000000555005.jpg,The large dog is asleep on a couch.,1.2242508120834827,0.0,0.0,0.0
fusion,/media/crk/vol3/rt/coco/val2017/000000555005.jpg,The large dog is asleep on a couch.,0.0764612341299653,0.0,0.048794783651828766,0.0
m2ib,/media/crk/vol3/rt/coco/val2017/000000300341.jpg,Two college age boys playing Wii while others look on ,0.0,100.0,0.0019230879843235016,0.0
lciba,/media/crk/vol3/rt/coco/val2017/000000300341.jpg,Two college age boys playing Wii while others look on ,2.334342710673809,0.0,0.5023841746151447,0.0
libragrad,/media/crk/vol3/rt/coco/val2017/000000300341.jpg,Two college age boys playing Wii while others look on ,0.10499861091375351,0.0,0.0,0.0
fusion,/media/crk/vol3/rt/coco/val2017/000000300341.jpg,Two college age boys playing Wii while others look on ,0.0,100.0,0.0,0.0
m2ib,/media/crk/vol3/rt/coco/val2017/000000363188.jpg,People dressed as zombies walking down the street.,0.10437127202749252,0.0,0.0,100.0
lciba,/media/crk/vol3/rt/coco/val2017/000000363188.jpg,People dressed as zombies walking down the street.,0.0,100.0,0.43323636054992676,0.0
libragrad,/media/crk/vol3/rt/coco/val2017/000000363188.jpg,People dressed as zombies walking down the street.,1.606946624815464,0.0,0.0,0.0
fusion,/media/crk/vol3/rt/coco/val2017/000000363188.jpg,People dressed as zombies walking down the street.,2.0626841112971306,0.0,0.0,0.0
m2ib,/media/crk/vol3/rt/coco/val2017/000000223747.jpg,a man sleeping with his cat next to him,0.0,100.0,0.0,100.0
lciba,/media/crk/vol3/rt/coco/val2017/000000223747.jpg,a man sleeping with his cat next to him,0.0,100.0,0.049734488129615784,0.0
libragrad,/media/crk/vol3/rt/coco/val2017/000000223747.jpg,a man sleeping with his cat next to him,0.0,100.0,0.0,100.0
fusion,/media/crk/vol3/rt/coco/val2017/000000223747.jpg,a man sleeping with his cat next to him,0.0,100.0,0.0,100.0
m2ib,/media/crk/vol3/rt/coco/val2017/000000150649.jpg,Different views of a man who is skateboarding.,0.0,100.0,0.0,100.0
lciba,/media/crk/vol3/rt/coco/val2017/000000150649.jpg,Different views of a man who is skateboarding.,1.6830315813422203,0.0,0.0,100.0
libragrad,/media/crk/vol3/rt/coco/val2017/000000150649.jpg,Different views of a man who is skateboarding.,0.0,100.0,0.0,0.0
fusion,/media/crk/vol3/rt/coco/val2017/000000150649.jpg,Different views of a man who is skateboarding.,1.586158201098442,0.0,0.0170217826962471,0.0
m2ib,/media/crk/vol3/rt/coco/val2017/000000377635.jpg,A person doing skateboard ticks at a skate park,0.0,100.0,0.381491519510746,0.0
lciba,/media/crk/vol3/rt/coco/val2017/000000377635.jpg,A person doing skateboard ticks at a skate park,4.473887011408806,0.0,0.4812220111489296,0.0
libragrad,/media/crk/vol3/rt/coco/val2017/000000377635.jpg,A person doing skateboard ticks at a skate park,0.0,100.0,0.0,0.0
fusion,/media/crk/vol3/rt/coco/val2017/000000377635.jpg,A person doing skateboard ticks at a skate park,1.0814039036631584,0.0,0.3605104982852936,0.0
m2ib,/media/crk/vol3/rt/coco/val2017/000000578792.jpg,A person is leaning low on their motorcycle on the tracks.,1.3455035164952278,0.0,0.031487271189689636,0.0
lciba,/media/crk/vol3/rt/coco/val2017/000000578792.jpg,A person is leaning low on their motorcycle on the tracks.,0.0,100.0,0.5246561020612717,0.0
libragrad,/media/crk/vol3/rt/coco/val2017/000000578792.jpg,A person is leaning low on their motorcycle on the tracks.,1.4439119026064873,0.0,0.0,0.0
fusion,/media/crk/vol3/rt/coco/val2017/000000578792.jpg,A person is leaning low on their motorcycle on the tracks.,0.0,100.0,0.16639083623886108,0.0
m2ib,/media/crk/vol3/rt/coco/val2017/000000087038.jpg,A person on a skateboard and bike at a skate park.,0.8551482111215591,0.0,0.06180666387081146,0.0
lciba,/media/crk/vol3/rt/coco/val2017/000000087038.jpg,A person on a skateboard and bike at a skate park.,2.1318458020687103,0.0,1.2331257574260235,0.0
libragrad,/media/crk/vol3/rt/coco/val2017/000000087038.jpg,A person on a skateboard and bike at a skate park.,2.1576587110757828,0.0,0.0,0.0
fusion,/media/crk/vol3/rt/coco/val2017/000000087038.jpg,A person on a skateboard and bike at a skate park.,2.7927562594413757,0.0,0.0,0.0
m2ib,/media/crk/vol3/rt/coco/val2017/000000177357.jpg,A surfer in the ocean trying not to wipeout.,0.0,100.0,0.29196813702583313,0.0
lciba,/media/crk/vol3/rt/coco/val2017/000000177357.jpg,A surfer in the ocean trying not to wipeout.,2.4553727358579636,0.0,0.42427368462085724,0.0
libragrad,/media/crk/vol3/rt/coco/val2017/000000177357.jpg,A surfer in the ocean trying not to wipeout.,0.301956944167614,0.0,0.0,0.0
fusion,/media/crk/vol3/rt/coco/val2017/000000177357.jpg,A surfer in the ocean trying not to wipeout.,0.7917303591966629,0.0,0.03359504044055939,0.0
m2ib,/media/crk/vol3/rt/coco/val2017/000000577932.jpg,A woman walking next to a man riding a pink bike.,3.3911682665348053,0.0,0.028119422495365143,0.0
lciba,/media/crk/vol3/rt/coco/val2017/000000577932.jpg,A woman walking next to a man riding a pink bike.,5.271860212087631,0.0,2.351498603820801,0.0
libragrad,/media/crk/vol3/rt/coco/val2017/000000577932.jpg,A woman walking next to a man riding a pink bike.,4.798402264714241,0.0,0.0,0.0
fusion,/media/crk/vol3/rt/coco/val2017/000000577932.jpg,A woman walking next to a man riding a pink bike.,4.462871700525284,0.0,0.0,0.0
m2ib,/media/crk/vol3/rt/coco/val2017/000000270122.jpg,Waves crashing on the shore with a surfer in the midst,0.9155403822660446,0.0,0.3918163478374481,0.0
lciba,/media/crk/vol3/rt/coco/val2017/000000270122.jpg,Waves crashing on the shore with a surfer in the midst,6.286308914422989,0.0,0.488860160112381,0.0
libragrad,/media/crk/vol3/rt/coco/val2017/000000270122.jpg,Waves crashing on the shore with a surfer in the midst,4.358641803264618,0.0,0.0,0.0
fusion,/media/crk/vol3/rt/coco/val2017/000000270122.jpg,Waves crashing on the shore with a surfer in the midst,5.292954295873642,0.0,0.0,0.0
m2ib,/media/crk/vol3/rt/coco/val2017/000000151938.jpg,A long wooden table with a woman sitting under an umbrella.,0.0,100.0,0.36347750574350357,0.0
lciba,/media/crk/vol3/rt/coco/val2017/000000151938.jpg,A long wooden table with a woman sitting under an umbrella.,0.0,100.0,0.3164699301123619,0.0
libragrad,/media/crk/vol3/rt/coco/val2017/000000151938.jpg,A long wooden table with a woman sitting under an umbrella.,0.0,100.0,0.0,0.0
fusion,/media/crk/vol3/rt/coco/val2017/000000151938.jpg,A long wooden table with a woman sitting under an umbrella.,0.0,100.0,0.011095218360424042,0.0
m2ib,/media/crk/vol3/rt/coco/val2017/000000463527.jpg,"A blue and black ray holding sandwich, coffee and liquor bottles.",0.0,100.0,0.0,100.0
lciba,/media/crk/vol3/rt/coco/val2017/000000463527.jpg,"A blue and black ray holding sandwich, coffee and liquor bottles.",2.4815278127789497,0.0,0.5138061940670013,0.0
libragrad,/media/crk/vol3/rt/coco/val2017/000000463527.jpg,"A blue and black ray holding sandwich, coffee and liquor bottles.",0.0,100.0,0.0,0.0
fusion,/media/crk/vol3/rt/coco/val2017/000000463527.jpg,"A blue and black ray holding sandwich, coffee and liquor bottles.",1.8427208065986633,0.0,0.0,0.0
m2ib,/media/crk/vol3/rt/coco/val2017/000000371699.jpg,A dog lays in a room with a desk and shelves of files and books.,3.2723188400268555,0.0,2.9123306274414062,0.0
lciba,/media/crk/vol3/rt/coco/val2017/000000371699.jpg,A dog lays in a room with a desk and shelves of files and books.,4.49577122926712,0.0,3.1621135771274567,0.0
libragrad,/media/crk/vol3/rt/coco/val2017/000000371699.jpg,A dog lays in a room with a desk and shelves of files and books.,3.8205400109291077,0.0,0.0,0.0
fusion,/media/crk/vol3/rt/coco/val2017/000000371699.jpg,A dog lays in a room with a desk and shelves of files and books.,4.190679639577866,0.0,2.8091002255678177,0.0
m2ib,/media/crk/vol3/rt/coco/val2017/000000149622.jpg,"The birds are sitting next to each other on a tree branch,",1.330912858247757,0.0,0.05140528082847595,0.0
lciba,/media/crk/vol3/rt/coco/val2017/000000149622.jpg,"The birds are sitting next to each other on a tree branch,",5.593221262097359,0.0,0.0,100.0
libragrad,/media/crk/vol3/rt/coco/val2017/000000149622.jpg,"The birds are sitting next to each other on a tree branch,",2.3405205458402634,0.0,0.0,100.0
fusion,/media/crk/vol3/rt/coco/val2017/000000149622.jpg,"The birds are sitting next to each other on a tree branch,",0.0,100.0,0.0,100.0
m2ib,/media/crk/vol3/rt/coco/val2017/000000190753.jpg,There is a group of four men sitting on park benches.,0.0,100.0,0.24804053828120232,0.0
lciba,/media/crk/vol3/rt/coco/val2017/000000190753.jpg,There is a group of four men sitting on park benches.,2.432313933968544,0.0,0.8387124165892601,0.0
libragrad,/media/crk/vol3/rt/coco/val2017/000000190753.jpg,There is a group of four men sitting on park benches.,0.9311972185969353,0.0,0.0,0.0
fusion,/media/crk/vol3/rt/coco/val2017/000000190753.jpg,There is a group of four men sitting on park benches.,0.0,100.0,0.0,0.0
m2ib,/media/crk/vol3/rt/coco/val2017/000000562561.jpg,Two dogs in the backyard with blowup toys.,0.0,100.0,0.0,100.0
lciba,/media/crk/vol3/rt/coco/val2017/000000562561.jpg,Two dogs in the backyard with blowup toys.,3.5777054727077484,0.0,0.0,100.0
libragrad,/media/crk/vol3/rt/coco/val2017/000000562561.jpg,Two dogs in the backyard with blowup toys.,1.8380487337708473,0.0,0.0,0.0
fusion,/media/crk/vol3/rt/coco/val2017/000000562561.jpg,Two dogs in the backyard with blowup toys.,1.235569640994072,0.0,0.0,100.0
m2ib,/media/crk/vol3/rt/coco/val2017/000000038829.jpg,A man riding a bicycle with a boy on the back of it.,0.0,100.0,0.0,0.0
lciba,/media/crk/vol3/rt/coco/val2017/000000038829.jpg,A man riding a bicycle with a boy on the back of it.,0.0,100.0,1.4400664716959,0.0
libragrad,/media/crk/vol3/rt/coco/val2017/000000038829.jpg,A man riding a bicycle with a boy on the back of it.,0.0,100.0,0.0,0.0
fusion,/media/crk/vol3/rt/coco/val2017/000000038829.jpg,A man riding a bicycle with a boy on the back of it.,0.0,100.0,0.0,0.0
m2ib,/media/crk/vol3/rt/coco/val2017/000000110359.jpg,Commercial jet passing overhead on bright cloudless sky.,0.0,100.0,0.0,100.0
lciba,/media/crk/vol3/rt/coco/val2017/000000110359.jpg,Commercial jet passing overhead on bright cloudless sky.,0.0,100.0,0.0,100.0
libragrad,/media/crk/vol3/rt/coco/val2017/000000110359.jpg,Commercial jet passing overhead on bright cloudless sky.,0.0,100.0,0.0,0.0
fusion,/media/crk/vol3/rt/coco/val2017/000000110359.jpg,Commercial jet passing overhead on bright cloudless sky.,0.0,100.0,0.018747150897979736,0.0
m2ib,/media/crk/vol3/rt/coco/val2017/000000230450.jpg,there is a large building under construction and many parking meters,3.6759935319423676,0.0,0.0,0.0
lciba,/media/crk/vol3/rt/coco/val2017/000000230450.jpg,there is a large building under construction and many parking meters,2.6677798479795456,0.0,1.5917539596557617,0.0
libragrad,/media/crk/vol3/rt/coco/val2017/000000230450.jpg,there is a large building under construction and many parking meters,1.9919628277420998,0.0,0.0,0.0
fusion,/media/crk/vol3/rt/coco/val2017/000000230450.jpg,there is a large building under construction and many parking meters,2.490793913602829,0.0,0.0,0.0
m2ib,/media/crk/vol3/rt/coco/val2017/000000157601.jpg,Woman sitting at table with beverages consuming sandwich. ,2.0481832325458527,0.0,0.008179992437362671,0.0
lciba,/media/crk/vol3/rt/coco/val2017/000000157601.jpg,Woman sitting at table with beverages consuming sandwich. ,7.289573550224304,0.0,1.4582544565200806,0.0
libragrad,/media/crk/vol3/rt/coco/val2017/000000157601.jpg,Woman sitting at table with beverages consuming sandwich. ,3.092840686440468,0.0,0.0,0.0
fusion,/media/crk/vol3/rt/coco/val2017/000000157601.jpg,Woman sitting at table with beverages consuming sandwich. ,4.658664017915726,0.0,0.0,0.0
m2ib,/media/crk/vol3/rt/coco/val2017/000000102356.jpg,Woman on a motorcycle with a sidecar in front of scenic backdrop in a showroom.,0.46559544280171394,0.0,0.11812262237071991,0.0
lciba,/media/crk/vol3/rt/coco/val2017/000000102356.jpg,Woman on a motorcycle with a sidecar in front of scenic backdrop in a showroom.,3.0421551316976547,0.0,0.5675101652741432,0.0
libragrad,/media/crk/vol3/rt/coco/val2017/000000102356.jpg,Woman on a motorcycle with a sidecar in front of scenic backdrop in a showroom.,2.800537273287773,0.0,0.0,0.0
fusion,/media/crk/vol3/rt/coco/val2017/000000102356.jpg,Woman on a motorcycle with a sidecar in front of scenic backdrop in a showroom.,2.5960788130760193,0.0,0.0,100.0
m2ib,/media/crk/vol3/rt/coco/val2017/000000545007.jpg,A clock tower with a statue on top of it,0.0,100.0,1.5006868168711662,0.0
lciba,/media/crk/vol3/rt/coco/val2017/000000545007.jpg,A clock tower with a statue on top of it,3.511984273791313,0.0,1.7208732664585114,0.0
libragrad,/media/crk/vol3/rt/coco/val2017/000000545007.jpg,A clock tower with a statue on top of it,0.0,100.0,0.0,0.0
fusion,/media/crk/vol3/rt/coco/val2017/000000545007.jpg,A clock tower with a statue on top of it,1.427425816655159,0.0,1.4693545177578926,0.0
m2ib,/media/crk/vol3/rt/coco/val2017/000000541291.jpg,"The old, dilapidated  bathroom has fallen into disrepair.",4.610233008861542,0.0,0.004922598600387573,0.0
lciba,/media/crk/vol3/rt/coco/val2017/000000541291.jpg,"The old, dilapidated  bathroom has fallen into disrepair.",7.5745150446891785,0.0,0.842488557100296,0.0
libragrad,/media/crk/vol3/rt/coco/val2017/000000541291.jpg,"The old, dilapidated  bathroom has fallen into disrepair.",4.69382181763649,0.0,0.0,0.0
fusion,/media/crk/vol3/rt/coco/val2017/000000541291.jpg,"The old, dilapidated  bathroom has fallen into disrepair.",3.7965182214975357,0.0,0.0,0.0
m2ib,/media/crk/vol3/rt/coco/val2017/000000050145.jpg,A shirtless man walking a bike down a rural street.,1.56414695084095,0.0,0.0,0.0
lciba,/media/crk/vol3/rt/coco/val2017/000000050145.jpg,A shirtless man walking a bike down a rural street.,0.0,100.0,2.781400829553604,0.0
libragrad,/media/crk/vol3/rt/coco/val2017/000000050145.jpg,A shirtless man walking a bike down a rural street.,1.6638603061437607,0.0,0.0,0.0
fusion,/media/crk/vol3/rt/coco/val2017/000000050145.jpg,A shirtless man walking a bike down a rural street.,0.0,100.0,0.0,0.0
m2ib,/media/crk/vol3/rt/coco/val2017/000000065350.jpg,Kids are skateboarding at a skate park and one them has fallen down.,0.46747028827667236,0.0,1.597042754292488,0.0
lciba,/media/crk/vol3/rt/coco/val2017/000000065350.jpg,Kids are skateboarding at a skate park and one them has fallen down.,4.5494575053453445,0.0,1.698121428489685,0.0
libragrad,/media/crk/vol3/rt/coco/val2017/000000065350.jpg,Kids are skateboarding at a skate park and one them has fallen down.,4.24257293343544,0.0,0.0,0.0
fusion,/media/crk/vol3/rt/coco/val2017/000000065350.jpg,Kids are skateboarding at a skate park and one them has fallen down.,1.4043208211660385,0.0,0.0,100.0
m2ib,/media/crk/vol3/rt/coco/val2017/000000086483.jpg,There is a sign in front of a brick house.,0.0,100.0,0.0,100.0
lciba,/media/crk/vol3/rt/coco/val2017/000000086483.jpg,There is a sign in front of a brick house.,3.545624017715454,0.0,1.8806977197527885,0.0
libragrad,/media/crk/vol3/rt/coco/val2017/000000086483.jpg,There is a sign in front of a brick house.,0.0,100.0,1.5733135864138603,0.0
fusion,/media/crk/vol3/rt/coco/val2017/000000086483.jpg,There is a sign in front of a brick house.,0.0,100.0,0.05101580172777176,0.0
m2ib,/media/crk/vol3/rt/coco/val2017/000000029596.jpg,"A room with a couch, table set with dinnerware and a television. ",0.6289783865213394,0.0,0.567350722849369,0.0
lciba,/media/crk/vol3/rt/coco/val2017/000000029596.jpg,"A room with a couch, table set with dinnerware and a television. ",0.0,100.0,0.7512522861361504,0.0
libragrad,/media/crk/vol3/rt/coco/val2017/000000029596.jpg,"A room with a couch, table set with dinnerware and a television. ",0.45372098684310913,0.0,0.0,0.0
fusion,/media/crk/vol3/rt/coco/val2017/000000029596.jpg,"A room with a couch, table set with dinnerware and a television. ",1.9859012216329575,0.0,0.0,0.0
m2ib,/media/crk/vol3/rt/coco/val2017/000000554266.jpg,A series of photos showing a person laying on a bed.,2.3435400798916817,0.0,0.04859119653701782,0.0
lciba,/media/crk/vol3/rt/coco/val2017/000000554266.jpg,A series of photos showing a person laying on a bed.,2.6921775192022324,0.0,1.737435907125473,0.0
libragrad,/media/crk/vol3/rt/coco/val2017/000000554266.jpg,A series of photos showing a person laying on a bed.,2.974576875567436,0.0,0.0,0.0
fusion,/media/crk/vol3/rt/coco/val2017/000000554266.jpg,A series of photos showing a person laying on a bed.,3.971989080309868,0.0,1.559681724756956,0.0
m2ib,/media/crk/vol3/rt/coco/val2017/000000051309.jpg,Small horse standing behind a large group of horses eating. ,0.721435621380806,0.0,0.048955902457237244,0.0
lciba,/media/crk/vol3/rt/coco/val2017/000000051309.jpg,Small horse standing behind a large group of horses eating. ,0.8198685944080353,0.0,0.0,100.0
libragrad,/media/crk/vol3/rt/coco/val2017/000000051309.jpg,Small horse standing behind a large group of horses eating. ,1.165667548775673,0.0,0.0,0.0
fusion,/media/crk/vol3/rt/coco/val2017/000000051309.jpg,Small horse standing behind a large group of horses eating. ,0.0,100.0,0.0,100.0
m2ib,/media/crk/vol3/rt/coco/val2017/000000054164.jpg,a man that is surfing on some water,0.08172914385795593,0.0,0.8397083729505539,0.0
lciba,/media/crk/vol3/rt/coco/val2017/000000054164.jpg,a man that is surfing on some water,5.953890457749367,0.0,0.8654043078422546,0.0
libragrad,/media/crk/vol3/rt/coco/val2017/000000054164.jpg,a man that is surfing on some water,1.1861786246299744,0.0,0.0,0.0
fusion,/media/crk/vol3/rt/coco/val2017/000000054164.jpg,a man that is surfing on some water,2.527131140232086,0.0,0.0,0.0
m2ib,/media/crk/vol3/rt/coco/val2017/000000419096.jpg,A train traveling down tracks net to a  bridge.,5.4926130920648575,0.0,2.165471389889717,0.0
lciba,/media/crk/vol3/rt/coco/val2017/000000419096.jpg,A train traveling down tracks net to a  bridge.,3.297238051891327,0.0,2.484501898288727,0.0
libragrad,/media/crk/vol3/rt/coco/val2017/000000419096.jpg,A train traveling down tracks net to a  bridge.,8.505532890558243,0.0,0.0,0.0
fusion,/media/crk/vol3/rt/coco/val2017/000000419096.jpg,A train traveling down tracks net to a  bridge.,5.946278944611549,0.0,0.09223390370607376,0.0
m2ib,/media/crk/vol3/rt/coco/val2017/000000357501.jpg,A gold colored pair of scissors cutting into a piece of bejeweled fabric with other bejeweled items in the background.,0.4422960802912712,0.0,0.12196339666843414,0.0
lciba,/media/crk/vol3/rt/coco/val2017/000000357501.jpg,A gold colored pair of scissors cutting into a piece of bejeweled fabric with other bejeweled items in the background.,1.8979748710989952,0.0,1.5722092241048813,0.0
libragrad,/media/crk/vol3/rt/coco/val2017/000000357501.jpg,A gold colored pair of scissors cutting into a piece of bejeweled fabric with other bejeweled items in the background.,0.6093194708228111,0.0,0.0,0.0
fusion,/media/crk/vol3/rt/coco/val2017/000000357501.jpg,A gold colored pair of scissors cutting into a piece of bejeweled fabric with other bejeweled items in the background.,0.0,100.0,0.0,0.0
m2ib,/media/crk/vol3/rt/coco/val2017/000000542089.jpg,a bathroom with a bath tub a sink and a mirror,0.0,100.0,0.0,100.0
lciba,/media/crk/vol3/rt/coco/val2017/000000542089.jpg,a bathroom with a bath tub a sink and a mirror,0.0,100.0,0.4636703059077263,0.0
libragrad,/media/crk/vol3/rt/coco/val2017/000000542089.jpg,a bathroom with a bath tub a sink and a mirror,0.0,100.0,0.0,0.0
fusion,/media/crk/vol3/rt/coco/val2017/000000542089.jpg,a bathroom with a bath tub a sink and a mirror,0.0,100.0,0.49015097320079803,0.0
m2ib,/media/crk/vol3/rt/coco/val2017/000000499031.jpg,A group of two women and an older woman between them.,2.109719067811966,0.0,1.5936795622110367,0.0
lciba,/media/crk/vol3/rt/coco/val2017/000000499031.jpg,A group of two women and an older woman between them.,7.674786448478699,0.0,1.965319737792015,0.0
libragrad,/media/crk/vol3/rt/coco/val2017/000000499031.jpg,A group of two women and an older woman between them.,1.7158418893814087,0.0,0.0,0.0
fusion,/media/crk/vol3/rt/coco/val2017/000000499031.jpg,A group of two women and an older woman between them.,1.9374813884496689,0.0,1.7268268391489983,0.0
m2ib,/media/crk/vol3/rt/coco/val2017/000000497628.jpg,A bedroom with a bed that has an ornate frame.,0.5457815248519182,0.0,0.08409805595874786,0.0
lciba,/media/crk/vol3/rt/coco/val2017/000000497628.jpg,A bedroom with a bed that has an ornate frame.,1.593014970421791,0.0,0.9065009653568268,0.0
libragrad,/media/crk/vol3/rt/coco/val2017/000000497628.jpg,A bedroom with a bed that has an ornate frame.,1.647583395242691,0.0,0.0,0.0
fusion,/media/crk/vol3/rt/coco/val2017/000000497628.jpg,A bedroom with a bed that has an ornate frame.,1.5077156946063042,0.0,0.0,0.0
m2ib,/media/crk/vol3/rt/coco/val2017/000000048555.jpg,A group of people on horses racing together.,0.0,100.0,1.6550693660974503,0.0
lciba,/media/crk/vol3/rt/coco/val2017/000000048555.jpg,A group of people on horses racing together.,0.0,100.0,1.7271585762500763,0.0
libragrad,/media/crk/vol3/rt/coco/val2017/000000048555.jpg,A group of people on horses racing together.,0.030298158526420593,0.0,0.0,0.0
fusion,/media/crk/vol3/rt/coco/val2017/000000048555.jpg,A group of people on horses racing together.,0.0,100.0,1.6775865107774734,0.0
m2ib,/media/crk/vol3/rt/coco/val2017/000000162858.jpg,cars setting at traffic light leading to capitol building,1.340971328318119,0.0,0.0,0.0
lciba,/media/crk/vol3/rt/coco/val2017/000000162858.jpg,cars setting at traffic light leading to capitol building,5.56112602353096,0.0,1.4299219474196434,0.0
libragrad,/media/crk/vol3/rt/coco/val2017/000000162858.jpg,cars setting at traffic light leading to capitol building,2.609829604625702,0.0,0.0,0.0
fusion,/media/crk/vol3/rt/coco/val2017/000000162858.jpg,cars setting at traffic light leading to capitol building,3.8582071661949158,0.0,0.0,0.0
m2ib,/media/crk/vol3/rt/coco/val2017/000000473219.jpg,A man and woman look into each others eyes while getting married.,2.8274139389395714,0.0,2.304026484489441,0.0
lciba,/media/crk/vol3/rt/coco/val2017/000000473219.jpg,A man and woman look into each others eyes while getting married.,5.435222014784813,0.0,2.7761274948716164,0.0
libragrad,/media/crk/vol3/rt/coco/val2017/000000473219.jpg,A man and woman look into each others eyes while getting married.,3.2679930329322815,0.0,0.0,0.0
fusion,/media/crk/vol3/rt/coco/val2017/000000473219.jpg,A man and woman look into each others eyes while getting married.,3.6882564425468445,0.0,2.2604839876294136,0.0
m2ib,/media/crk/vol3/rt/coco/val2017/000000055022.jpg,A bunch of different bikes on a wooden floor.,0.0,100.0,0.9839251637458801,0.0
lciba,/media/crk/vol3/rt/coco/val2017/000000055022.jpg,A bunch of different bikes on a wooden floor.,0.0,100.0,1.1475756764411926,0.0
libragrad,/media/crk/vol3/rt/coco/val2017/000000055022.jpg,A bunch of different bikes on a wooden floor.,0.0,100.0,0.0,0.0
fusion,/media/crk/vol3/rt/coco/val2017/000000055022.jpg,A bunch of different bikes on a wooden floor.,0.0,100.0,0.0,0.0
m2ib,/media/crk/vol3/rt/coco/val2017/000000303653.jpg,two ladies riding horses there's a reflection of one of them in a mirror,0.12857317924499512,0.0,0.0,100.0
lciba,/media/crk/vol3/rt/coco/val2017/000000303653.jpg,two ladies riding horses there's a reflection of one of them in a mirror,1.589445024728775,0.0,0.0,100.0
libragrad,/media/crk/vol3/rt/coco/val2017/000000303653.jpg,two ladies riding horses there's a reflection of one of them in a mirror,3.0923129990696907,0.0,0.0,0.0
fusion,/media/crk/vol3/rt/coco/val2017/000000303653.jpg,two ladies riding horses there's a reflection of one of them in a mirror,0.6301837041974068,0.0,0.042650848627090454,0.0
m2ib,/media/crk/vol3/rt/coco/val2017/000000508370.jpg,A bicycle parked on top of a baby dolls head.,1.1544590815901756,0.0,0.0,100.0
lciba,/media/crk/vol3/rt/coco/val2017/000000508370.jpg,A bicycle parked on top of a baby dolls head.,0.2226453274488449,0.0,0.0,100.0
libragrad,/media/crk/vol3/rt/coco/val2017/000000508370.jpg,A bicycle parked on top of a baby dolls head.,0.19999612122774124,0.0,0.0,0.0
fusion,/media/crk/vol3/rt/coco/val2017/000000508370.jpg,A bicycle parked on top of a baby dolls head.,0.0,100.0,0.0,0.0
m2ib,/media/crk/vol3/rt/coco/val2017/000000537964.jpg,A red fire hydrant is sitting in the woods near fallen leaves.,1.2181662023067474,0.0,1.0935135185718536,0.0
lciba,/media/crk/vol3/rt/coco/val2017/000000537964.jpg,A red fire hydrant is sitting in the woods near fallen leaves.,5.552873015403748,0.0,1.3863760977983475,0.0
libragrad,/media/crk/vol3/rt/coco/val2017/000000537964.jpg,A red fire hydrant is sitting in the woods near fallen leaves.,1.713673397898674,0.0,0.06693899631500244,0.0
fusion,/media/crk/vol3/rt/coco/val2017/000000537964.jpg,A red fire hydrant is sitting in the woods near fallen leaves.,1.5988852828741074,0.0,1.0395091027021408,0.0
m2ib,/media/crk/vol3/rt/coco/val2017/000000182923.jpg,A woman swinging a tennis racquet on a tennis court.,0.0,100.0,0.0,100.0
lciba,/media/crk/vol3/rt/coco/val2017/000000182923.jpg,A woman swinging a tennis racquet on a tennis court.,3.7224754691123962,0.0,0.0,100.0
libragrad,/media/crk/vol3/rt/coco/val2017/000000182923.jpg,A woman swinging a tennis racquet on a tennis court.,0.8627798408269882,0.0,0.0,0.0
fusion,/media/crk/vol3/rt/coco/val2017/000000182923.jpg,A woman swinging a tennis racquet on a tennis court.,2.561638131737709,0.0,0.0,100.0
m2ib,/media/crk/vol3/rt/coco/val2017/000000322724.jpg,a man that is skiing down a snowy field,0.0,100.0,0.0924527645111084,0.0
lciba,/media/crk/vol3/rt/coco/val2017/000000322724.jpg,a man that is skiing down a snowy field,2.9827307909727097,0.0,0.0,100.0
libragrad,/media/crk/vol3/rt/coco/val2017/000000322724.jpg,a man that is skiing down a snowy field,0.6457073614001274,0.0,0.0,0.0
fusion,/media/crk/vol3/rt/coco/val2017/000000322724.jpg,a man that is skiing down a snowy field,0.17460864037275314,0.0,0.0,100.0
m2ib,/media/crk/vol3/rt/coco/val2017/000000464824.jpg,A person is bending over to pick something off the ground.,1.6290334984660149,0.0,0.007637403905391693,0.0
lciba,/media/crk/vol3/rt/coco/val2017/000000464824.jpg,A person is bending over to pick something off the ground.,4.583217203617096,0.0,1.3875031843781471,0.0
libragrad,/media/crk/vol3/rt/coco/val2017/000000464824.jpg,A person is bending over to pick something off the ground.,2.2455675527453423,0.0,0.0,0.0
fusion,/media/crk/vol3/rt/coco/val2017/000000464824.jpg,A person is bending over to pick something off the ground.,2.5751689448952675,0.0,0.014903023838996887,0.0
m2ib,/media/crk/vol3/rt/coco/val2017/000000465675.jpg,A beach with two boats and a tractor.,2.5687292218208313,0.0,2.0914901047945023,0.0
lciba,/media/crk/vol3/rt/coco/val2017/000000465675.jpg,A beach with two boats and a tractor.,2.8991244733333588,0.0,2.121061645448208,0.0
libragrad,/media/crk/vol3/rt/coco/val2017/000000465675.jpg,A beach with two boats and a tractor.,3.6562111228704453,0.0,0.0,0.0
fusion,/media/crk/vol3/rt/coco/val2017/000000465675.jpg,A beach with two boats and a tractor.,1.8363459035754204,0.0,2.0637184381484985,0.0
m2ib,/media/crk/vol3/rt/coco/val2017/000000023272.jpg,A Calico cat laying on the hood of a Mercedes.,0.11763256043195724,0.0,0.0033292919397354126,0.0
lciba,/media/crk/vol3/rt/coco/val2017/000000023272.jpg,A Calico cat laying on the hood of a Mercedes.,3.5818569362163544,0.0,3.551267832517624,0.0
libragrad,/media/crk/vol3/rt/coco/val2017/000000023272.jpg,A Calico cat laying on the hood of a Mercedes.,1.9659481942653656,0.0,0.0,0.0
fusion,/media/crk/vol3/rt/coco/val2017/000000023272.jpg,A Calico cat laying on the hood of a Mercedes.,1.2253424152731895,0.0,0.0,0.0
m2ib,/media/crk/vol3/rt/coco/val2017/000000198805.jpg,A group of trucks and cars parked in a parking lot.,1.1782064102590084,0.0,0.13505248352885246,0.0
lciba,/media/crk/vol3/rt/coco/val2017/000000198805.jpg,A group of trucks and cars parked in a parking lot.,3.2756634056568146,0.0,3.9914876222610474,0.0
libragrad,/media/crk/vol3/rt/coco/val2017/000000198805.jpg,A group of trucks and cars parked in a parking lot.,2.1634861826896667,0.0,0.0,0.0
fusion,/media/crk/vol3/rt/coco/val2017/000000198805.jpg,A group of trucks and cars parked in a parking lot.,2.286836877465248,0.0,0.024670641869306564,0.0
m2ib,/media/crk/vol3/rt/coco/val2017/000000135872.jpg,A desk with both a laptop computer and a desktop computer.,2.7883436530828476,0.0,0.0,100.0
lciba,/media/crk/vol3/rt/coco/val2017/000000135872.jpg,A desk with both a laptop computer and a desktop computer.,7.136873155832291,0.0,2.148146741092205,0.0
libragrad,/media/crk/vol3/rt/coco/val2017/000000135872.jpg,A desk with both a laptop computer and a desktop computer.,3.3589519560337067,0.0,0.0,0.0
fusion,/media/crk/vol3/rt/coco/val2017/000000135872.jpg,A desk with both a laptop computer and a desktop computer.,3.8463618606328964,0.0,0.028623268008232117,0.0
m2ib,/media/crk/vol3/rt/coco/val2017/000000091619.jpg,A red stop sign sitting next to a light pole.,1.3474952429533005,0.0,0.07788389921188354,0.0
lciba,/media/crk/vol3/rt/coco/val2017/000000091619.jpg,A red stop sign sitting next to a light pole.,0.0424431636929512,0.0,3.132752701640129,0.0
libragrad,/media/crk/vol3/rt/coco/val2017/000000091619.jpg,A red stop sign sitting next to a light pole.,1.2156689539551735,0.0,0.0,0.0
fusion,/media/crk/vol3/rt/coco/val2017/000000091619.jpg,A red stop sign sitting next to a light pole.,0.5953863263130188,0.0,0.0,100.0
m2ib,/media/crk/vol3/rt/coco/val2017/000000459500.jpg,A clock between two bronze flamingo statues on a black box.,0.0,100.0,0.0,100.0
lciba,/media/crk/vol3/rt/coco/val2017/000000459500.jpg,A clock between two bronze flamingo statues on a black box.,5.2393607795238495,0.0,2.1424412727355957,0.0
libragrad,/media/crk/vol3/rt/coco/val2017/000000459500.jpg,A clock between two bronze flamingo statues on a black box.,1.0534271597862244,0.0,0.0,0.0
fusion,/media/crk/vol3/rt/coco/val2017/000000459500.jpg,A clock between two bronze flamingo statues on a black box.,0.818113423883915,0.0,0.0,0.0
m2ib,/media/crk/vol3/rt/coco/val2017/000000320706.jpg,A blending mixer sitting on a kitchen counter.,2.7301672846078873,0.0,0.00670701265335083,0.0
lciba,/media/crk/vol3/rt/coco/val2017/000000320706.jpg,A blending mixer sitting on a kitchen counter.,8.225647360086441,0.0,0.35280585289001465,0.0
libragrad,/media/crk/vol3/rt/coco/val2017/000000320706.jpg,A blending mixer sitting on a kitchen counter.,4.057561978697777,0.0,0.0,0.0
fusion,/media/crk/vol3/rt/coco/val2017/000000320706.jpg,A blending mixer sitting on a kitchen counter.,6.90576434135437,0.0,0.0,0.0
m2ib,/media/crk/vol3/rt/coco/val2017/000000293300.jpg,Two large elephants standing next to a wire fence.,0.0,100.0,0.2165231853723526,0.0
lciba,/media/crk/vol3/rt/coco/val2017/000000293300.jpg,Two large elephants standing next to a wire fence.,3.4488189965486526,0.0,0.0,100.0
libragrad,/media/crk/vol3/rt/coco/val2017/000000293300.jpg,Two large elephants standing next to a wire fence.,0.0,100.0,0.0,0.0
fusion,/media/crk/vol3/rt/coco/val2017/000000293300.jpg,Two large elephants standing next to a wire fence.,0.0,100.0,0.017777271568775177,0.0
m2ib,/media/crk/vol3/rt/coco/val2017/000000397279.jpg,The tennis player does not know what to expect with the next serve.,0.0,100.0,0.0,100.0
lciba,/media/crk/vol3/rt/coco/val2017/000000397279.jpg,The tennis player does not know what to expect with the next serve.,3.0622871592640877,0.0,0.0,100.0
libragrad,/media/crk/vol3/rt/coco/val2017/000000397279.jpg,The tennis player does not know what to expect with the next serve.,0.0,100.0,0.0,100.0
fusion,/media/crk/vol3/rt/coco/val2017/000000397279.jpg,The tennis player does not know what to expect with the next serve.,0.3284219652414322,0.0,0.0,100.0
m2ib,/media/crk/vol3/rt/coco/val2017/000000463842.jpg,A small bed with lots of bottles underneath,0.0,100.0,0.0,0.0
lciba,/media/crk/vol3/rt/coco/val2017/000000463842.jpg,A small bed with lots of bottles underneath,0.0,100.0,1.5547819435596466,0.0
libragrad,/media/crk/vol3/rt/coco/val2017/000000463842.jpg,A small bed with lots of bottles underneath,0.0,100.0,0.0,0.0
fusion,/media/crk/vol3/rt/coco/val2017/000000463842.jpg,A small bed with lots of bottles underneath,0.0,100.0,0.0,0.0
m2ib,/media/crk/vol3/rt/coco/val2017/000000530836.jpg,A picture of a large kitchen with white cabinets and appliances.,1.08957439661026,0.0,1.6204167157411575,0.0
lciba,/media/crk/vol3/rt/coco/val2017/000000530836.jpg,A picture of a large kitchen with white cabinets and appliances.,3.994528576731682,0.0,1.7663974314928055,0.0
libragrad,/media/crk/vol3/rt/coco/val2017/000000530836.jpg,A picture of a large kitchen with white cabinets and appliances.,2.3767882958054543,0.0,0.0,0.0
fusion,/media/crk/vol3/rt/coco/val2017/000000530836.jpg,A picture of a large kitchen with white cabinets and appliances.,2.693997323513031,0.0,0.0,0.0
m2ib,/media/crk/vol3/rt/coco/val2017/000000368752.jpg,A young boy sitting in front of a plate of food.,0.0,100.0,1.4836253598332405,0.0
lciba,/media/crk/vol3/rt/coco/val2017/000000368752.jpg,A young boy sitting in front of a plate of food.,4.062434658408165,0.0,1.9049495458602905,0.0
libragrad,/media/crk/vol3/rt/coco/val2017/000000368752.jpg,A young boy sitting in front of a plate of food.,0.0,100.0,0.0,0.0
fusion,/media/crk/vol3/rt/coco/val2017/000000368752.jpg,A young boy sitting in front of a plate of food.,0.0,100.0,0.0,0.0
m2ib,/media/crk/vol3/rt/coco/val2017/000000145620.jpg,a black and white photo of a person riding a dirt bike,0.9565467014908791,0.0,0.0,100.0
lciba,/media/crk/vol3/rt/coco/val2017/000000145620.jpg,a black and white photo of a person riding a dirt bike,0.0,100.0,1.5436622314155102,0.0
libragrad,/media/crk/vol3/rt/coco/val2017/000000145620.jpg,a black and white photo of a person riding a dirt bike,2.565089240670204,0.0,0.0,0.0
fusion,/media/crk/vol3/rt/coco/val2017/000000145620.jpg,a black and white photo of a person riding a dirt bike,1.5567909926176071,0.0,1.5740860253572464,0.0
m2ib,/media/crk/vol3/rt/coco/val2017/000000200839.jpg,A library bus outside of an apartment building,2.840752899646759,0.0,0.0,100.0
lciba,/media/crk/vol3/rt/coco/val2017/000000200839.jpg,A library bus outside of an apartment building,3.864922747015953,0.0,1.5362927690148354,0.0
libragrad,/media/crk/vol3/rt/coco/val2017/000000200839.jpg,A library bus outside of an apartment building,3.633495047688484,0.0,0.0,0.0
fusion,/media/crk/vol3/rt/coco/val2017/000000200839.jpg,A library bus outside of an apartment building,3.2792896032333374,0.0,0.0,0.0
m2ib,/media/crk/vol3/rt/coco/val2017/000000309655.jpg,A woman is posing for a picture on the snowy mountain.,3.3289510756731033,0.0,0.14673732221126556,0.0
lciba,/media/crk/vol3/rt/coco/val2017/000000309655.jpg,A woman is posing for a picture on the snowy mountain.,4.932444170117378,0.0,0.3662422299385071,0.0
libragrad,/media/crk/vol3/rt/coco/val2017/000000309655.jpg,A woman is posing for a picture on the snowy mountain.,2.7865998446941376,0.0,0.0,0.0
fusion,/media/crk/vol3/rt/coco/val2017/000000309655.jpg,A woman is posing for a picture on the snowy mountain.,1.632225327193737,0.0,0.0,0.0
m2ib,/media/crk/vol3/rt/coco/val2017/000000323799.jpg,A group of people standing next to each other on a field.,0.0,100.0,1.1480886489152908,0.0
lciba,/media/crk/vol3/rt/coco/val2017/000000323799.jpg,A group of people standing next to each other on a field.,4.560689255595207,0.0,1.4179070480167866,0.0
libragrad,/media/crk/vol3/rt/coco/val2017/000000323799.jpg,A group of people standing next to each other on a field.,1.6444999724626541,0.0,0.0,0.0
fusion,/media/crk/vol3/rt/coco/val2017/000000323799.jpg,A group of people standing next to each other on a field.,0.0,100.0,0.0,100.0
m2ib,/media/crk/vol3/rt/coco/val2017/000000156643.jpg,Person cutting cake at a theme restaurant characters in background.,0.0,100.0,0.11143609881401062,0.0
lciba,/media/crk/vol3/rt/coco/val2017/000000156643.jpg,Person cutting cake at a theme restaurant characters in background.,0.2262640744447708,0.0,0.0,100.0
libragrad,/media/crk/vol3/rt/coco/val2017/000000156643.jpg,Person cutting cake at a theme restaurant characters in background.,0.0,100.0,0.0,0.0
fusion,/media/crk/vol3/rt/coco/val2017/000000156643.jpg,Person cutting cake at a theme restaurant characters in background.,0.0,100.0,0.056260451674461365,0.0
m2ib,/media/crk/vol3/rt/coco/val2017/000000338718.jpg,A street sign reading Cambridge st and Norfolk st's crossing lies broken on the ground. ,1.2939254753291607,0.0,0.0,100.0
lciba,/media/crk/vol3/rt/coco/val2017/000000338718.jpg,A street sign reading Cambridge st and Norfolk st's crossing lies broken on the ground. ,3.2675378024578094,0.0,3.275572881102562,0.0
libragrad,/media/crk/vol3/rt/coco/val2017/000000338718.jpg,A street sign reading Cambridge st and Norfolk st's crossing lies broken on the ground. ,1.0933170095086098,0.0,0.0,0.0
fusion,/media/crk/vol3/rt/coco/val2017/000000338718.jpg,A street sign reading Cambridge st and Norfolk st's crossing lies broken on the ground. ,4.168888181447983,0.0,0.0,0.0
m2ib,/media/crk/vol3/rt/coco/val2017/000000423123.jpg,A woman bending over and looking inside of a mini fridge.,2.7996396645903587,0.0,1.2986093759536743,0.0
lciba,/media/crk/vol3/rt/coco/val2017/000000423123.jpg,A woman bending over and looking inside of a mini fridge.,6.334041804075241,0.0,1.6417302191257477,0.0
libragrad,/media/crk/vol3/rt/coco/val2017/000000423123.jpg,A woman bending over and looking inside of a mini fridge.,3.6576710641384125,0.0,0.0,0.0
fusion,/media/crk/vol3/rt/coco/val2017/000000423123.jpg,A woman bending over and looking inside of a mini fridge.,3.939894586801529,0.0,1.2039456516504288,0.0
m2ib,/media/crk/vol3/rt/coco/val2017/000000234366.jpg,A clock tower in the middle of a town square.,0.0,100.0,0.0,0.0
lciba,/media/crk/vol3/rt/coco/val2017/000000234366.jpg,A clock tower in the middle of a town square.,0.0,100.0,1.955832913517952,0.0
libragrad,/media/crk/vol3/rt/coco/val2017/000000234366.jpg,A clock tower in the middle of a town square.,0.0,100.0,0.0,0.0
fusion,/media/crk/vol3/rt/coco/val2017/000000234366.jpg,A clock tower in the middle of a town square.,0.0,100.0,0.0,0.0
m2ib,/media/crk/vol3/rt/coco/val2017/000000318138.jpg,a girl is playing with a video game controller,0.0,100.0,1.6306931152939796,0.0
lciba,/media/crk/vol3/rt/coco/val2017/000000318138.jpg,a girl is playing with a video game controller,0.31847739592194557,0.0,1.8901543691754341,0.0
libragrad,/media/crk/vol3/rt/coco/val2017/000000318138.jpg,a girl is playing with a video game controller,0.0,100.0,0.0,0.0
fusion,/media/crk/vol3/rt/coco/val2017/000000318138.jpg,a girl is playing with a video game controller,0.0,100.0,0.0,100.0
m2ib,/media/crk/vol3/rt/coco/val2017/000000328430.jpg,A tennis ball and a woman with a racket on a tennis court.,0.8935317397117615,0.0,0.0,100.0
lciba,/media/crk/vol3/rt/coco/val2017/000000328430.jpg,A tennis ball and a woman with a racket on a tennis court.,5.497723072767258,0.0,0.0,100.0
libragrad,/media/crk/vol3/rt/coco/val2017/000000328430.jpg,A tennis ball and a woman with a racket on a tennis court.,2.3686083033680916,0.0,0.0,0.0
fusion,/media/crk/vol3/rt/coco/val2017/000000328430.jpg,A tennis ball and a woman with a racket on a tennis court.,3.885641321539879,0.0,0.0,0.0
m2ib,/media/crk/vol3/rt/coco/val2017/000000384670.jpg,Two people on a blue and green tennis court.,0.0,100.0,0.0,0.0
lciba,/media/crk/vol3/rt/coco/val2017/000000384670.jpg,Two people on a blue and green tennis court.,0.7552292197942734,0.0,0.0,100.0
libragrad,/media/crk/vol3/rt/coco/val2017/000000384670.jpg,Two people on a blue and green tennis court.,1.223263330757618,0.0,0.0,0.0
fusion,/media/crk/vol3/rt/coco/val2017/000000384670.jpg,Two people on a blue and green tennis court.,0.7242199964821339,0.0,0.0,0.0
m2ib,/media/crk/vol3/rt/coco/val2017/000000514914.jpg,a fancy bathroom with some tile walls ,0.0,100.0,0.0115199014544487,0.0
lciba,/media/crk/vol3/rt/coco/val2017/000000514914.jpg,a fancy bathroom with some tile walls ,0.0,100.0,0.0,100.0
libragrad,/media/crk/vol3/rt/coco/val2017/000000514914.jpg,a fancy bathroom with some tile walls ,0.0,100.0,0.0,0.0
fusion,/media/crk/vol3/rt/coco/val2017/000000514914.jpg,a fancy bathroom with some tile walls ,0.0,100.0,0.0,0.0
m2ib,/media/crk/vol3/rt/coco/val2017/000000319935.jpg,A hotel suite with balcony overlooking the scenery ,0.0,100.0,0.4530329257249832,0.0
lciba,/media/crk/vol3/rt/coco/val2017/000000319935.jpg,A hotel suite with balcony overlooking the scenery ,0.029404088854789734,0.0,0.27555059641599655,0.0
libragrad,/media/crk/vol3/rt/coco/val2017/000000319935.jpg,A hotel suite with balcony overlooking the scenery ,1.0190963745117188,0.0,0.0,0.0
fusion,/media/crk/vol3/rt/coco/val2017/000000319935.jpg,A hotel suite with balcony overlooking the scenery ,0.41893552988767624,0.0,0.0,0.0
m2ib,/media/crk/vol3/rt/coco/val2017/000000054123.jpg,The zebras are standing around and grazing in the pasture.,0.8028901182115078,0.0,1.0038012638688087,0.0
lciba,/media/crk/vol3/rt/coco/val2017/000000054123.jpg,The zebras are standing around and grazing in the pasture.,2.5948934257030487,0.0,0.9062035009264946,0.0
libragrad,/media/crk/vol3/rt/coco/val2017/000000054123.jpg,The zebras are standing around and grazing in the pasture.,1.908021792769432,0.0,0.0,0.0
fusion,/media/crk/vol3/rt/coco/val2017/000000054123.jpg,The zebras are standing around and grazing in the pasture.,2.494887262582779,0.0,1.0011207312345505,0.0
m2ib,/media/crk/vol3/rt/coco/val2017/000000274708.jpg,Several people in skis standing on a snow covered incline.,2.345453016459942,0.0,0.24387966841459274,0.0
lciba,/media/crk/vol3/rt/coco/val2017/000000274708.jpg,Several people in skis standing on a snow covered incline.,2.781219966709614,0.0,0.18434282392263412,0.0
libragrad,/media/crk/vol3/rt/coco/val2017/000000274708.jpg,Several people in skis standing on a snow covered incline.,1.8183467909693718,0.0,0.0,0.0
fusion,/media/crk/vol3/rt/coco/val2017/000000274708.jpg,Several people in skis standing on a snow covered incline.,0.8225811645388603,0.0,0.21186275407671928,0.0
m2ib,/media/crk/vol3/rt/coco/val2017/000000206135.jpg,A herd of cattle sitting in front of a church with a steeple.,2.1858379244804382,0.0,0.08195079863071442,0.0
lciba,/media/crk/vol3/rt/coco/val2017/000000206135.jpg,A herd of cattle sitting in front of a church with a steeple.,4.104534909129143,0.0,1.7585881054401398,0.0
libragrad,/media/crk/vol3/rt/coco/val2017/000000206135.jpg,A herd of cattle sitting in front of a church with a steeple.,1.3590047135949135,0.0,0.0,0.0
fusion,/media/crk/vol3/rt/coco/val2017/000000206135.jpg,A herd of cattle sitting in front of a church with a steeple.,1.4114616438746452,0.0,0.0,100.0
m2ib,/media/crk/vol3/rt/coco/val2017/000000023230.jpg,A family of swans swimming on top of a lake.,0.9535610675811768,0.0,0.43320246040821075,0.0
lciba,/media/crk/vol3/rt/coco/val2017/000000023230.jpg,A family of swans swimming on top of a lake.,0.0,100.0,0.4662666469812393,0.0
libragrad,/media/crk/vol3/rt/coco/val2017/000000023230.jpg,A family of swans swimming on top of a lake.,1.0147076100111008,0.0,0.0,0.0
fusion,/media/crk/vol3/rt/coco/val2017/000000023230.jpg,A family of swans swimming on top of a lake.,0.0,100.0,0.0,0.0
m2ib,/media/crk/vol3/rt/coco/val2017/000000521717.jpg,A woman on a tennis court is swinging a racquet.,0.0,100.0,0.0,100.0
lciba,/media/crk/vol3/rt/coco/val2017/000000521717.jpg,A woman on a tennis court is swinging a racquet.,6.604748964309692,0.0,0.0,100.0
libragrad,/media/crk/vol3/rt/coco/val2017/000000521717.jpg,A woman on a tennis court is swinging a racquet.,0.0,100.0,0.0,0.0
fusion,/media/crk/vol3/rt/coco/val2017/000000521717.jpg,A woman on a tennis court is swinging a racquet.,0.572679191827774,0.0,0.0,0.0
m2ib,/media/crk/vol3/rt/coco/val2017/000000181796.jpg,A close-up of a plate of food containing meat and beans.,0.0,100.0,0.02445429563522339,0.0
lciba,/media/crk/vol3/rt/coco/val2017/000000181796.jpg,A close-up of a plate of food containing meat and beans.,7.8347258269786835,0.0,0.4225336015224457,0.0
libragrad,/media/crk/vol3/rt/coco/val2017/000000181796.jpg,A close-up of a plate of food containing meat and beans.,0.30495375394821167,0.0,0.07246099412441254,0.0
fusion,/media/crk/vol3/rt/coco/val2017/000000181796.jpg,A close-up of a plate of food containing meat and beans.,1.8825259059667587,0.0,0.0,100.0
m2ib,/media/crk/vol3/rt/coco/val2017/000000478862.jpg,"Groups of people walk around a huge, multi engine airplane.",4.142559692263603,0.0,0.8854405954480171,0.0
lciba,/media/crk/vol3/rt/coco/val2017/000000478862.jpg,"Groups of people walk around a huge, multi engine airplane.",6.396149098873138,0.0,0.8628536015748978,0.0
libragrad,/media/crk/vol3/rt/coco/val2017/000000478862.jpg,"Groups of people walk around a huge, multi engine airplane.",4.818323627114296,0.0,0.0,0.0
fusion,/media/crk/vol3/rt/coco/val2017/000000478862.jpg,"Groups of people walk around a huge, multi engine airplane.",6.419208645820618,0.0,0.0,100.0
m2ib,/media/crk/vol3/rt/coco/val2017/000000502737.jpg,A person holding up a chocolate doughnut with a face drawn on it.,0.27114972472190857,0.0,1.8420688807964325,0.0
lciba,/media/crk/vol3/rt/coco/val2017/000000502737.jpg,A person holding up a chocolate doughnut with a face drawn on it.,8.559524267911911,0.0,2.1008647978305817,0.0
libragrad,/media/crk/vol3/rt/coco/val2017/000000502737.jpg,A person holding up a chocolate doughnut with a face drawn on it.,2.0004969090223312,0.0,0.0,0.0
fusion,/media/crk/vol3/rt/coco/val2017/000000502737.jpg,A person holding up a chocolate doughnut with a face drawn on it.,7.0034123957157135,0.0,1.6588814556598663,0.0
m2ib,/media/crk/vol3/rt/coco/val2017/000000226883.jpg,An animal grazing on a lush field of green grass.,0.2027931623160839,0.0,0.01785922795534134,0.0
lciba,/media/crk/vol3/rt/coco/val2017/000000226883.jpg,An animal grazing on a lush field of green grass.,2.8293751180171967,0.0,0.09174123406410217,0.0
libragrad,/media/crk/vol3/rt/coco/val2017/000000226883.jpg,An animal grazing on a lush field of green grass.,1.089495699852705,0.0,0.0,0.0
fusion,/media/crk/vol3/rt/coco/val2017/000000226883.jpg,An animal grazing on a lush field of green grass.,1.3293772004544735,0.0,0.0255063408985734,0.0
m2ib,/media/crk/vol3/rt/coco/val2017/000000528705.jpg,A brown bear sitting on top of a persons back.,0.0,100.0,1.7063194885849953,0.0
lciba,/media/crk/vol3/rt/coco/val2017/000000528705.jpg,A brown bear sitting on top of a persons back.,0.0,100.0,1.8867021426558495,0.0
libragrad,/media/crk/vol3/rt/coco/val2017/000000528705.jpg,A brown bear sitting on top of a persons back.,0.3242122009396553,0.0,0.0,0.0
fusion,/media/crk/vol3/rt/coco/val2017/000000528705.jpg,A brown bear sitting on top of a persons back.,0.5031898617744446,0.0,0.04576500505208969,0.0
m2ib,/media/crk/vol3/rt/coco/val2017/000000130465.jpg,An old church building with clocks built into the tower and an arched doorway. ,0.0,100.0,1.3594143092632294,0.0
lciba,/media/crk/vol3/rt/coco/val2017/000000130465.jpg,An old church building with clocks built into the tower and an arched doorway. ,0.0,100.0,1.5257619321346283,0.0
libragrad,/media/crk/vol3/rt/coco/val2017/000000130465.jpg,An old church building with clocks built into the tower and an arched doorway. ,0.0,100.0,0.0,0.0
fusion,/media/crk/vol3/rt/coco/val2017/000000130465.jpg,An old church building with clocks built into the tower and an arched doorway. ,0.0,100.0,0.02307295799255371,0.0
m2ib,/media/crk/vol3/rt/coco/val2017/000000198805.jpg,A group of trucks and cars parked in a parking lot.,1.0263755917549133,0.0,0.16072439029812813,0.0
lciba,/media/crk/vol3/rt/coco/val2017/000000198805.jpg,A group of trucks and cars parked in a parking lot.,0.7941358722746372,0.0,3.5130806267261505,0.0
libragrad,/media/crk/vol3/rt/coco/val2017/000000198805.jpg,A group of trucks and cars parked in a parking lot.,2.1634861826896667,0.0,0.0,0.0
fusion,/media/crk/vol3/rt/coco/val2017/000000198805.jpg,A group of trucks and cars parked in a parking lot.,2.3122407495975494,0.0,0.05135145038366318,0.0
m2ib,/media/crk/vol3/rt/coco/val2017/000000273760.jpg,A man standing on top of a tennis court holding a racquet.,0.0,100.0,0.0,100.0
lciba,/media/crk/vol3/rt/coco/val2017/000000273760.jpg,A man standing on top of a tennis court holding a racquet.,1.361275091767311,0.0,0.14860033988952637,0.0
libragrad,/media/crk/vol3/rt/coco/val2017/000000273760.jpg,A man standing on top of a tennis court holding a racquet.,1.459953933954239,0.0,0.0,0.0
fusion,/media/crk/vol3/rt/coco/val2017/000000273760.jpg,A man standing on top of a tennis court holding a racquet.,2.435970678925514,0.0,0.0,100.0
m2ib,/media/crk/vol3/rt/coco/val2017/000000078748.jpg,A group of motorcycles on display for a crowd.,0.0,100.0,1.929112896323204,0.0
lciba,/media/crk/vol3/rt/coco/val2017/000000078748.jpg,A group of motorcycles on display for a crowd.,2.37884558737278,0.0,2.070464566349983,0.0
libragrad,/media/crk/vol3/rt/coco/val2017/000000078748.jpg,A group of motorcycles on display for a crowd.,0.0,100.0,0.0,0.0
fusion,/media/crk/vol3/rt/coco/val2017/000000078748.jpg,A group of motorcycles on display for a crowd.,0.0,100.0,0.013512000441551208,0.0
m2ib,/media/crk/vol3/rt/coco/val2017/000000560011.jpg,A mouse is next to a keyboard on a desk,3.2772693783044815,0.0,0.8707320317626,0.0
lciba,/media/crk/vol3/rt/coco/val2017/000000560011.jpg,A mouse is next to a keyboard on a desk,1.4118865132331848,0.0,0.9210819378495216,0.0
libragrad,/media/crk/vol3/rt/coco/val2017/000000560011.jpg,A mouse is next to a keyboard on a desk,2.8436027467250824,0.0,0.0,0.0
fusion,/media/crk/vol3/rt/coco/val2017/000000560011.jpg,A mouse is next to a keyboard on a desk,2.5580190122127533,0.0,0.8147824555635452,0.0
m2ib,/media/crk/vol3/rt/coco/val2017/000000417911.jpg,A man in a wetsuit surfing a wave on a surf board.,0.0,100.0,0.05694292485713959,0.0
lciba,/media/crk/vol3/rt/coco/val2017/000000417911.jpg,A man in a wetsuit surfing a wave on a surf board.,0.0,100.0,0.5548682063817978,0.0
libragrad,/media/crk/vol3/rt/coco/val2017/000000417911.jpg,A man in a wetsuit surfing a wave on a surf board.,0.932098925113678,0.0,0.0,0.0
fusion,/media/crk/vol3/rt/coco/val2017/000000417911.jpg,A man in a wetsuit surfing a wave on a surf board.,1.738038845360279,0.0,0.01977868378162384,0.0
m2ib,/media/crk/vol3/rt/coco/val2017/000000542089.jpg,a bathroom with a bath tub a sink and a mirror,0.0,100.0,0.4836045205593109,0.0
lciba,/media/crk/vol3/rt/coco/val2017/000000542089.jpg,a bathroom with a bath tub a sink and a mirror,0.0,100.0,0.0,100.0
libragrad,/media/crk/vol3/rt/coco/val2017/000000542089.jpg,a bathroom with a bath tub a sink and a mirror,0.0,100.0,0.0,0.0
fusion,/media/crk/vol3/rt/coco/val2017/000000542089.jpg,a bathroom with a bath tub a sink and a mirror,0.0,100.0,0.001099519431591034,0.0
m2ib,/media/crk/vol3/rt/coco/val2017/000000493019.jpg,A herd of giraffe standing next to each other eating.,1.1650551110506058,0.0,1.4765093103051186,0.0
lciba,/media/crk/vol3/rt/coco/val2017/000000493019.jpg,A herd of giraffe standing next to each other eating.,1.0420815087854862,0.0,1.3975697569549084,0.0
libragrad,/media/crk/vol3/rt/coco/val2017/000000493019.jpg,A herd of giraffe standing next to each other eating.,2.312058210372925,0.0,0.0,0.0
fusion,/media/crk/vol3/rt/coco/val2017/000000493019.jpg,A herd of giraffe standing next to each other eating.,0.7519305683672428,0.0,1.425018347799778,0.0
m2ib,/media/crk/vol3/rt/coco/val2017/000000239347.jpg,A picture of a recently married couple displayed behind glass.,0.716528482735157,0.0,0.03162454813718796,0.0
lciba,/media/crk/vol3/rt/coco/val2017/000000239347.jpg,A picture of a recently married couple displayed behind glass.,2.2584550082683563,0.0,0.19283350557088852,0.0
libragrad,/media/crk/vol3/rt/coco/val2017/000000239347.jpg,A picture of a recently married couple displayed behind glass.,2.1060826256871223,0.0,0.0,0.0
fusion,/media/crk/vol3/rt/coco/val2017/000000239347.jpg,A picture of a recently married couple displayed behind glass.,0.0,100.0,0.006202608346939087,0.0
m2ib,/media/crk/vol3/rt/coco/val2017/000000130579.jpg,A pitcher about to pitch in a baseball game.,0.738389790058136,0.0,0.0,100.0
lciba,/media/crk/vol3/rt/coco/val2017/000000130579.jpg,A pitcher about to pitch in a baseball game.,0.008694455027580261,0.0,0.43301135301589966,0.0
libragrad,/media/crk/vol3/rt/coco/val2017/000000130579.jpg,A pitcher about to pitch in a baseball game.,0.5692388862371445,0.0,0.0,0.0
fusion,/media/crk/vol3/rt/coco/val2017/000000130579.jpg,A pitcher about to pitch in a baseball game.,1.4455150812864304,0.0,0.0,0.0
m2ib,/media/crk/vol3/rt/coco/val2017/000000318138.jpg,a girl is playing with a video game controller,0.0,100.0,0.030605681240558624,0.0
lciba,/media/crk/vol3/rt/coco/val2017/000000318138.jpg,a girl is playing with a video game controller,0.0,100.0,1.64323840290308,0.0
libragrad,/media/crk/vol3/rt/coco/val2017/000000318138.jpg,a girl is playing with a video game controller,0.0,100.0,0.0,0.0
fusion,/media/crk/vol3/rt/coco/val2017/000000318138.jpg,a girl is playing with a video game controller,0.0,100.0,0.006994791328907013,0.0
m2ib,/media/crk/vol3/rt/coco/val2017/000000239627.jpg,A white kitchen sink filled with dishes and eating utensils.,2.3536311462521553,0.0,0.04531722515821457,0.0
lciba,/media/crk/vol3/rt/coco/val2017/000000239627.jpg,A white kitchen sink filled with dishes and eating utensils.,0.2343311905860901,0.0,0.27211811393499374,0.0
libragrad,/media/crk/vol3/rt/coco/val2017/000000239627.jpg,A white kitchen sink filled with dishes and eating utensils.,1.8551822751760483,0.0,0.0,0.0
fusion,/media/crk/vol3/rt/coco/val2017/000000239627.jpg,A white kitchen sink filled with dishes and eating utensils.,2.898757718503475,0.0,0.0,0.0
m2ib,/media/crk/vol3/rt/coco/val2017/000000017379.jpg,a flat screen TV embedded in a restroom mirror.,2.80806478112936,0.0,2.1054498851299286,0.0
lciba,/media/crk/vol3/rt/coco/val2017/000000017379.jpg,a flat screen TV embedded in a restroom mirror.,1.974564604461193,0.0,0.10275319218635559,0.0
libragrad,/media/crk/vol3/rt/coco/val2017/000000017379.jpg,a flat screen TV embedded in a restroom mirror.,1.941814087331295,0.0,0.0,0.0
fusion,/media/crk/vol3/rt/coco/val2017/000000017379.jpg,a flat screen TV embedded in a restroom mirror.,1.9099391996860504,0.0,0.0,0.0
m2ib,/media/crk/vol3/rt/coco/val2017/000000087038.jpg,A person on a skateboard and bike at a skate park.,1.044969353824854,0.0,0.015440210700035095,0.0
lciba,/media/crk/vol3/rt/coco/val2017/000000087038.jpg,A person on a skateboard and bike at a skate park.,0.11746538802981377,0.0,1.1931831948459148,0.0
libragrad,/media/crk/vol3/rt/coco/val2017/000000087038.jpg,A person on a skateboard and bike at a skate park.,2.1576587110757828,0.0,0.0,0.0
fusion,/media/crk/vol3/rt/coco/val2017/000000087038.jpg,A person on a skateboard and bike at a skate park.,2.309715747833252,0.0,0.0,0.0
m2ib,/media/crk/vol3/rt/coco/val2017/000000348216.jpg,Your guess is as good as mine as to what these objects are.,0.0,100.0,2.47929897159338,0.0
lciba,/media/crk/vol3/rt/coco/val2017/000000348216.jpg,Your guess is as good as mine as to what these objects are.,0.0,100.0,2.7046389877796173,0.0
libragrad,/media/crk/vol3/rt/coco/val2017/000000348216.jpg,Your guess is as good as mine as to what these objects are.,1.1439811438322067,0.0,2.287190780043602,0.0
fusion,/media/crk/vol3/rt/coco/val2017/000000348216.jpg,Your guess is as good as mine as to what these objects are.,0.2907866146415472,0.0,2.449318766593933,0.0
m2ib,/media/crk/vol3/rt/coco/val2017/000000175387.jpg,Bathroom stall with green door in commercial business.,2.957506664097309,0.0,1.3950511813163757,0.0
lciba,/media/crk/vol3/rt/coco/val2017/000000175387.jpg,Bathroom stall with green door in commercial business.,1.9714944064617157,0.0,0.09392127394676208,0.0
libragrad,/media/crk/vol3/rt/coco/val2017/000000175387.jpg,Bathroom stall with green door in commercial business.,3.7614651024341583,0.0,0.0,0.0
fusion,/media/crk/vol3/rt/coco/val2017/000000175387.jpg,Bathroom stall with green door in commercial business.,3.172747790813446,0.0,0.0,0.0
m2ib,/media/crk/vol3/rt/coco/val2017/000000140556.jpg,these man are standing near a fire hydrant,1.4835517853498459,0.0,0.09853094816207886,0.0
lciba,/media/crk/vol3/rt/coco/val2017/000000140556.jpg,these man are standing near a fire hydrant,1.4117514714598656,0.0,1.4522658661007881,0.0
libragrad,/media/crk/vol3/rt/coco/val2017/000000140556.jpg,these man are standing near a fire hydrant,1.798008754849434,0.0,0.0,0.0
fusion,/media/crk/vol3/rt/coco/val2017/000000140556.jpg,these man are standing near a fire hydrant,2.9834434390068054,0.0,0.0,0.0
m2ib,/media/crk/vol3/rt/coco/val2017/000000162858.jpg,cars setting at traffic light leading to capitol building,1.5771470963954926,0.0,0.0,0.0
lciba,/media/crk/vol3/rt/coco/val2017/000000162858.jpg,cars setting at traffic light leading to capitol building,1.6797317191958427,0.0,1.2861625291407108,0.0
libragrad,/media/crk/vol3/rt/coco/val2017/000000162858.jpg,cars setting at traffic light leading to capitol building,2.609829604625702,0.0,0.0,0.0
fusion,/media/crk/vol3/rt/coco/val2017/000000162858.jpg,cars setting at traffic light leading to capitol building,3.8812339305877686,0.0,0.0,0.0
m2ib,/media/crk/vol3/rt/coco/val2017/000000463527.jpg,"A blue and black ray holding sandwich, coffee and liquor bottles.",0.0,100.0,0.0,0.0
lciba,/media/crk/vol3/rt/coco/val2017/000000463527.jpg,"A blue and black ray holding sandwich, coffee and liquor bottles.",0.0,100.0,0.534941628575325,0.0
libragrad,/media/crk/vol3/rt/coco/val2017/000000463527.jpg,"A blue and black ray holding sandwich, coffee and liquor bottles.",0.0,100.0,0.0,0.0
fusion,/media/crk/vol3/rt/coco/val2017/000000463527.jpg,"A blue and black ray holding sandwich, coffee and liquor bottles.",1.933986321091652,0.0,0.0,0.0
m2ib,/media/crk/vol3/rt/coco/val2017/000000088432.jpg,Some street signs near a road with a truck.,0.43527018278837204,0.0,0.8036116138100624,0.0
lciba,/media/crk/vol3/rt/coco/val2017/000000088432.jpg,Some street signs near a road with a truck.,1.9685737788677216,0.0,1.199541613459587,0.0
libragrad,/media/crk/vol3/rt/coco/val2017/000000088432.jpg,Some street signs near a road with a truck.,0.33575277775526047,0.0,0.0,0.0
fusion,/media/crk/vol3/rt/coco/val2017/000000088432.jpg,Some street signs near a road with a truck.,1.9393399357795715,0.0,0.7565423846244812,0.0
m2ib,/media/crk/vol3/rt/coco/val2017/000000384651.jpg,A bedroom with a bed next to a  night stand with a lamp.,1.1620499193668365,0.0,1.6629962250590324,0.0
lciba,/media/crk/vol3/rt/coco/val2017/000000384651.jpg,A bedroom with a bed next to a  night stand with a lamp.,0.0,100.0,0.08316095918416977,0.0
libragrad,/media/crk/vol3/rt/coco/val2017/000000384651.jpg,A bedroom with a bed next to a  night stand with a lamp.,0.4815010353922844,0.0,0.0,0.0
fusion,/media/crk/vol3/rt/coco/val2017/000000384651.jpg,A bedroom with a bed next to a  night stand with a lamp.,1.1225968599319458,0.0,0.06580697372555733,0.0
m2ib,/media/crk/vol3/rt/coco/val2017/000000097679.jpg,A car with a snowboard on it's ski rack parked in a foggy parking lot next to two cars with empty ski racks. ,2.057170867919922,0.0,0.411330908536911,0.0
lciba,/media/crk/vol3/rt/coco/val2017/000000097679.jpg,A car with a snowboard on it's ski rack parked in a foggy parking lot next to two cars with empty ski racks. ,0.0,100.0,1.5676863491535187,0.0
libragrad,/media/crk/vol3/rt/coco/val2017/000000097679.jpg,A car with a snowboard on it's ski rack parked in a foggy parking lot next to two cars with empty ski racks. ,1.5773866325616837,0.0,0.0,100.0
fusion,/media/crk/vol3/rt/coco/val2017/000000097679.jpg,A car with a snowboard on it's ski rack parked in a foggy parking lot next to two cars with empty ski racks. ,2.846948616206646,0.0,0.20389631390571594,0.0
m2ib,/media/crk/vol3/rt/coco/val2017/000000104803.jpg,a toilet with glitter paint on it ,0.0,100.0,0.038864463567733765,0.0
lciba,/media/crk/vol3/rt/coco/val2017/000000104803.jpg,a toilet with glitter paint on it ,0.0,100.0,0.20313933491706848,0.0
libragrad,/media/crk/vol3/rt/coco/val2017/000000104803.jpg,a toilet with glitter paint on it ,0.0,100.0,0.0,0.0
fusion,/media/crk/vol3/rt/coco/val2017/000000104803.jpg,a toilet with glitter paint on it ,0.09465944021940231,0.0,0.006158091127872467,0.0
m2ib,/media/crk/vol3/rt/coco/val2017/000000270402.jpg,Two gray elephants standing next to each other on a road.,0.0,100.0,0.050134770572185516,0.0
lciba,/media/crk/vol3/rt/coco/val2017/000000270402.jpg,Two gray elephants standing next to each other on a road.,0.1146489754319191,0.0,0.15503857284784317,0.0
libragrad,/media/crk/vol3/rt/coco/val2017/000000270402.jpg,Two gray elephants standing next to each other on a road.,0.012082047760486603,0.0,0.0,100.0
fusion,/media/crk/vol3/rt/coco/val2017/000000270402.jpg,Two gray elephants standing next to each other on a road.,0.5386102944612503,0.0,0.0,100.0
m2ib,/media/crk/vol3/rt/coco/val2017/000000449603.jpg,a person parachute surfing on a large body of water,0.0,100.0,0.20470526069402695,0.0
lciba,/media/crk/vol3/rt/coco/val2017/000000449603.jpg,a person parachute surfing on a large body of water,0.0,100.0,0.0,100.0
libragrad,/media/crk/vol3/rt/coco/val2017/000000449603.jpg,a person parachute surfing on a large body of water,0.0,100.0,0.0,0.0
fusion,/media/crk/vol3/rt/coco/val2017/000000449603.jpg,a person parachute surfing on a large body of water,0.728137418627739,0.0,0.0,0.0
m2ib,/media/crk/vol3/rt/coco/val2017/000000530146.jpg,A white plate topped with a sandwich and sliced veggies.,0.0,100.0,0.09087268263101578,0.0
lciba,/media/crk/vol3/rt/coco/val2017/000000530146.jpg,A white plate topped with a sandwich and sliced veggies.,0.0,100.0,0.33403215929865837,0.0
libragrad,/media/crk/vol3/rt/coco/val2017/000000530146.jpg,A white plate topped with a sandwich and sliced veggies.,0.0,100.0,0.0,0.0
fusion,/media/crk/vol3/rt/coco/val2017/000000530146.jpg,A white plate topped with a sandwich and sliced veggies.,1.408926397562027,0.0,0.0,0.0
m2ib,/media/crk/vol3/rt/coco/val2017/000000532901.jpg,A Victorian house looked very much like this model one does.,0.0,100.0,1.109669916331768,0.0
lciba,/media/crk/vol3/rt/coco/val2017/000000532901.jpg,A Victorian house looked very much like this model one does.,0.2889237832278013,0.0,0.058140698820352554,0.0
libragrad,/media/crk/vol3/rt/coco/val2017/000000532901.jpg,A Victorian house looked very much like this model one does.,0.0,100.0,0.0,0.0
fusion,/media/crk/vol3/rt/coco/val2017/000000532901.jpg,A Victorian house looked very much like this model one does.,0.24742907844483852,0.0,0.0,0.0
m2ib,/media/crk/vol3/rt/coco/val2017/000000323496.jpg,A young lad swings his Wilson tennis racquet.,1.5380166471004486,0.0,0.0,0.0
lciba,/media/crk/vol3/rt/coco/val2017/000000323496.jpg,A young lad swings his Wilson tennis racquet.,2.3481518030166626,0.0,0.0,100.0
libragrad,/media/crk/vol3/rt/coco/val2017/000000323496.jpg,A young lad swings his Wilson tennis racquet.,3.02547924220562,0.0,0.0,0.0
fusion,/media/crk/vol3/rt/coco/val2017/000000323496.jpg,A young lad swings his Wilson tennis racquet.,3.6310426890850067,0.0,0.0,0.0
m2ib,/media/crk/vol3/rt/coco/val2017/000000125936.jpg,People in a grocery story that sells fruit and drinks.,1.0034946724772453,0.0,0.0,100.0
lciba,/media/crk/vol3/rt/coco/val2017/000000125936.jpg,People in a grocery story that sells fruit and drinks.,0.7863737642765045,0.0,0.21038465201854706,0.0
libragrad,/media/crk/vol3/rt/coco/val2017/000000125936.jpg,People in a grocery story that sells fruit and drinks.,1.7275262624025345,0.0,0.0,0.0
fusion,/media/crk/vol3/rt/coco/val2017/000000125936.jpg,People in a grocery story that sells fruit and drinks.,1.461825706064701,0.0,0.04595275968313217,0.0
m2ib,/media/crk/vol3/rt/coco/val2017/000000026926.jpg,An orange fire hydrant with a face and bow tie drawn on it. ,0.9343922138214111,0.0,0.46289581805467606,0.0
lciba,/media/crk/vol3/rt/coco/val2017/000000026926.jpg,An orange fire hydrant with a face and bow tie drawn on it. ,0.0,100.0,0.6026016548275948,0.0
libragrad,/media/crk/vol3/rt/coco/val2017/000000026926.jpg,An orange fire hydrant with a face and bow tie drawn on it. ,1.8381625413894653,0.0,0.0,0.0
fusion,/media/crk/vol3/rt/coco/val2017/000000026926.jpg,An orange fire hydrant with a face and bow tie drawn on it. ,1.8821977078914642,0.0,0.0,0.0
m2ib,/media/crk/vol3/rt/coco/val2017/000000396274.jpg,A plant in a garden near a white building.,0.25252141058444977,0.0,0.7066193968057632,0.0
lciba,/media/crk/vol3/rt/coco/val2017/000000396274.jpg,A plant in a garden near a white building.,1.7987169325351715,0.0,0.18357373774051666,0.0
libragrad,/media/crk/vol3/rt/coco/val2017/000000396274.jpg,A plant in a garden near a white building.,1.4029672369360924,0.0,0.0,0.0
fusion,/media/crk/vol3/rt/coco/val2017/000000396274.jpg,A plant in a garden near a white building.,2.1434586495161057,0.0,0.0,0.0
m2ib,/media/crk/vol3/rt/coco/val2017/000000344816.jpg,The train engine is followed by a line of open cars.,3.2875582575798035,0.0,0.24580396711826324,0.0
lciba,/media/crk/vol3/rt/coco/val2017/000000344816.jpg,The train engine is followed by a line of open cars.,2.364234998822212,0.0,0.10191760957241058,0.0
libragrad,/media/crk/vol3/rt/coco/val2017/000000344816.jpg,The train engine is followed by a line of open cars.,4.639384150505066,0.0,0.0,0.0
fusion,/media/crk/vol3/rt/coco/val2017/000000344816.jpg,The train engine is followed by a line of open cars.,3.077774867415428,0.0,0.0,0.0
m2ib,/media/crk/vol3/rt/coco/val2017/000000182021.jpg,A man holding a baseball bat while standing on a baseball field.,0.17903968691825867,0.0,0.01702830195426941,0.0
lciba,/media/crk/vol3/rt/coco/val2017/000000182021.jpg,A man holding a baseball bat while standing on a baseball field.,0.0,100.0,0.28015896677970886,0.0
libragrad,/media/crk/vol3/rt/coco/val2017/000000182021.jpg,A man holding a baseball bat while standing on a baseball field.,0.0,100.0,0.0,0.0
fusion,/media/crk/vol3/rt/coco/val2017/000000182021.jpg,A man holding a baseball bat while standing on a baseball field.,0.1442432403564453,0.0,0.0,0.0
m2ib,/media/crk/vol3/rt/coco/val2017/000000319721.jpg,A brown horse standing next to a woman in front of a house.,0.0,100.0,0.3673471510410309,0.0
lciba,/media/crk/vol3/rt/coco/val2017/000000319721.jpg,A brown horse standing next to a woman in front of a house.,0.0,100.0,0.3498222678899765,0.0
libragrad,/media/crk/vol3/rt/coco/val2017/000000319721.jpg,A brown horse standing next to a woman in front of a house.,0.2203952521085739,0.0,0.0,0.0
fusion,/media/crk/vol3/rt/coco/val2017/000000319721.jpg,A brown horse standing next to a woman in front of a house.,1.8657319247722626,0.0,0.3569364547729492,0.0
m2ib,/media/crk/vol3/rt/coco/val2017/000000265518.jpg,A white and black plate topped with food next to a cup of coffee.,0.3509286791086197,0.0,0.031292811036109924,0.0
lciba,/media/crk/vol3/rt/coco/val2017/000000265518.jpg,A white and black plate topped with food next to a cup of coffee.,0.10067149996757507,0.0,0.04160068929195404,0.0
libragrad,/media/crk/vol3/rt/coco/val2017/000000265518.jpg,A white and black plate topped with food next to a cup of coffee.,0.7879823446273804,0.0,0.0,0.0
fusion,/media/crk/vol3/rt/coco/val2017/000000265518.jpg,A white and black plate topped with food next to a cup of coffee.,2.3156514391303062,0.0,0.47002434730529785,0.0
m2ib,/media/crk/vol3/rt/coco/val2017/000000476119.jpg,a man skating on the road very fast,0.0,100.0,1.4191439375281334,0.0
lciba,/media/crk/vol3/rt/coco/val2017/000000476119.jpg,a man skating on the road very fast,0.0,100.0,0.0,0.0
libragrad,/media/crk/vol3/rt/coco/val2017/000000476119.jpg,a man skating on the road very fast,0.0,100.0,0.0,0.0
fusion,/media/crk/vol3/rt/coco/val2017/000000476119.jpg,a man skating on the road very fast,0.0883348286151886,0.0,0.014226138591766357,0.0
m2ib,/media/crk/vol3/rt/coco/val2017/000000264441.jpg,A cat laying on top of a black office chair.,0.0,100.0,0.027890875935554504,0.0
lciba,/media/crk/vol3/rt/coco/val2017/000000264441.jpg,A cat laying on top of a black office chair.,0.0,100.0,0.0,100.0
libragrad,/media/crk/vol3/rt/coco/val2017/000000264441.jpg,A cat laying on top of a black office chair.,0.0,100.0,0.0,0.0
fusion,/media/crk/vol3/rt/coco/val2017/000000264441.jpg,A cat laying on top of a black office chair.,1.2016169726848602,0.0,0.0,0.0
m2ib,/media/crk/vol3/rt/coco/val2017/000000308165.jpg,A man jumps as he skates on a pavement,0.0,100.0,1.321570947766304,0.0
lciba,/media/crk/vol3/rt/coco/val2017/000000308165.jpg,A man jumps as he skates on a pavement,0.0,100.0,1.3284219428896904,0.0
libragrad,/media/crk/vol3/rt/coco/val2017/000000308165.jpg,A man jumps as he skates on a pavement,0.5177376791834831,0.0,0.0,0.0
fusion,/media/crk/vol3/rt/coco/val2017/000000308165.jpg,A man jumps as he skates on a pavement,0.0,100.0,1.3039017096161842,0.0
m2ib,/media/crk/vol3/rt/coco/val2017/000000433774.jpg,A parking meter sitting next to a tall tree.,0.0,100.0,3.355278819799423,0.0
lciba,/media/crk/vol3/rt/coco/val2017/000000433774.jpg,A parking meter sitting next to a tall tree.,1.8730131909251213,0.0,3.710538148880005,0.0
libragrad,/media/crk/vol3/rt/coco/val2017/000000433774.jpg,A parking meter sitting next to a tall tree.,0.26194220408797264,0.0,0.0,0.0
fusion,/media/crk/vol3/rt/coco/val2017/000000433774.jpg,A parking meter sitting next to a tall tree.,2.525748312473297,0.0,0.0,0.0
m2ib,/media/crk/vol3/rt/coco/val2017/000000012667.jpg,The telephone has a banana where the receiver should be.,0.08347220718860626,0.0,0.8933626115322113,0.0
lciba,/media/crk/vol3/rt/coco/val2017/000000012667.jpg,The telephone has a banana where the receiver should be.,0.34876391291618347,0.0,0.8757529780268669,0.0
libragrad,/media/crk/vol3/rt/coco/val2017/000000012667.jpg,The telephone has a banana where the receiver should be.,0.35000666975975037,0.0,0.0,0.0
fusion,/media/crk/vol3/rt/coco/val2017/000000012667.jpg,The telephone has a banana where the receiver should be.,0.0,100.0,0.42983517050743103,0.0
m2ib,/media/crk/vol3/rt/coco/val2017/000000472298.jpg,a man and a woman sitting on a small boat,1.7584411427378654,0.0,2.5102149695158005,0.0
lciba,/media/crk/vol3/rt/coco/val2017/000000472298.jpg,a man and a woman sitting on a small boat,2.70842295140028,0.0,0.1932385377585888,0.0
libragrad,/media/crk/vol3/rt/coco/val2017/000000472298.jpg,a man and a woman sitting on a small boat,1.6271263360977173,0.0,0.0,0.0
fusion,/media/crk/vol3/rt/coco/val2017/000000472298.jpg,a man and a woman sitting on a small boat,0.0,100.0,2.5102149695158005,0.0
m2ib,/media/crk/vol3/rt/coco/val2017/000000328430.jpg,A tennis ball and a woman with a racket on a tennis court.,0.9678598493337631,0.0,0.0,100.0
lciba,/media/crk/vol3/rt/coco/val2017/000000328430.jpg,A tennis ball and a woman with a racket on a tennis court.,0.4044659435749054,0.0,0.0,100.0
libragrad,/media/crk/vol3/rt/coco/val2017/000000328430.jpg,A tennis ball and a woman with a racket on a tennis court.,2.3686083033680916,0.0,0.0,0.0
fusion,/media/crk/vol3/rt/coco/val2017/000000328430.jpg,A tennis ball and a woman with a racket on a tennis court.,3.7593763321638107,0.0,0.0,0.0
m2ib,/media/crk/vol3/rt/coco/val2017/000000440171.jpg,A man is sitting on the back of an elephant. ,0.735260359942913,0.0,0.0,0.0
lciba,/media/crk/vol3/rt/coco/val2017/000000440171.jpg,A man is sitting on the back of an elephant. ,2.103290893137455,0.0,0.7850876078009605,0.0
libragrad,/media/crk/vol3/rt/coco/val2017/000000440171.jpg,A man is sitting on the back of an elephant. ,0.8548939600586891,0.0,0.0,0.0
fusion,/media/crk/vol3/rt/coco/val2017/000000440171.jpg,A man is sitting on the back of an elephant. ,0.044029951095581055,0.0,0.0,0.0
m2ib,/media/crk/vol3/rt/coco/val2017/000000080274.jpg,Two elephants that are standing next to each other.,0.2676039934158325,0.0,0.1451190561056137,0.0
lciba,/media/crk/vol3/rt/coco/val2017/000000080274.jpg,Two elephants that are standing next to each other.,0.0,100.0,0.0,100.0
libragrad,/media/crk/vol3/rt/coco/val2017/000000080274.jpg,Two elephants that are standing next to each other.,0.0,100.0,0.0,100.0
fusion,/media/crk/vol3/rt/coco/val2017/000000080274.jpg,Two elephants that are standing next to each other.,0.012171268463134766,0.0,0.0,100.0
m2ib,/media/crk/vol3/rt/coco/val2017/000000410934.jpg,A broccoli plant has very large leaves. ,0.0,100.0,1.4003395102918148,0.0
lciba,/media/crk/vol3/rt/coco/val2017/000000410934.jpg,A broccoli plant has very large leaves. ,0.0,100.0,1.3146561570465565,0.0
libragrad,/media/crk/vol3/rt/coco/val2017/000000410934.jpg,A broccoli plant has very large leaves. ,0.0,100.0,0.0,0.0
fusion,/media/crk/vol3/rt/coco/val2017/000000410934.jpg,A broccoli plant has very large leaves. ,0.0,100.0,0.0,0.0
m2ib,/media/crk/vol3/rt/coco/val2017/000000319935.jpg,A hotel suite with balcony overlooking the scenery ,0.0,100.0,0.4302576184272766,0.0
lciba,/media/crk/vol3/rt/coco/val2017/000000319935.jpg,A hotel suite with balcony overlooking the scenery ,0.0,100.0,0.4559893161058426,0.0
libragrad,/media/crk/vol3/rt/coco/val2017/000000319935.jpg,A hotel suite with balcony overlooking the scenery ,1.0190963745117188,0.0,0.0,0.0
fusion,/media/crk/vol3/rt/coco/val2017/000000319935.jpg,A hotel suite with balcony overlooking the scenery ,0.26123663410544395,0.0,0.4302576184272766,0.0
m2ib,/media/crk/vol3/rt/coco/val2017/000000200839.jpg,A library bus outside of an apartment building,3.1416356563568115,0.0,0.0,0.0
lciba,/media/crk/vol3/rt/coco/val2017/000000200839.jpg,A library bus outside of an apartment building,1.4187153428792953,0.0,0.1530386507511139,0.0
libragrad,/media/crk/vol3/rt/coco/val2017/000000200839.jpg,A library bus outside of an apartment building,3.633495047688484,0.0,0.0,0.0
fusion,/media/crk/vol3/rt/coco/val2017/000000200839.jpg,A library bus outside of an apartment building,3.7420853972434998,0.0,0.0,0.0
m2ib,/media/crk/vol3/rt/coco/val2017/000000087038.jpg,A person on a skateboard and bike at a skate park.,0.9030208922922611,0.0,0.031517818570137024,0.0
lciba,/media/crk/vol3/rt/coco/val2017/000000087038.jpg,A person on a skateboard and bike at a skate park.,0.4085405729711056,0.0,0.10952316224575043,0.0
libragrad,/media/crk/vol3/rt/coco/val2017/000000087038.jpg,A person on a skateboard and bike at a skate park.,2.1576587110757828,0.0,0.0,0.0
fusion,/media/crk/vol3/rt/coco/val2017/000000087038.jpg,A person on a skateboard and bike at a skate park.,2.779131755232811,0.0,0.0,0.0
m2ib,/media/crk/vol3/rt/coco/val2017/000000359855.jpg,A broken suitcase is on the side of the road.,0.0,100.0,0.6877422332763672,0.0
lciba,/media/crk/vol3/rt/coco/val2017/000000359855.jpg,A broken suitcase is on the side of the road.,1.0638341307640076,0.0,0.24220310151576996,0.0
libragrad,/media/crk/vol3/rt/coco/val2017/000000359855.jpg,A broken suitcase is on the side of the road.,0.21883361041545868,0.0,0.0,0.0
fusion,/media/crk/vol3/rt/coco/val2017/000000359855.jpg,A broken suitcase is on the side of the road.,0.8691150695085526,0.0,0.5730699747800827,0.0
m2ib,/media/crk/vol3/rt/coco/val2017/000000368752.jpg,A young boy sitting in front of a plate of food.,0.0,100.0,1.4836253598332405,0.0
lciba,/media/crk/vol3/rt/coco/val2017/000000368752.jpg,A young boy sitting in front of a plate of food.,0.004928186535835266,0.0,0.4243822768330574,0.0
libragrad,/media/crk/vol3/rt/coco/val2017/000000368752.jpg,A young boy sitting in front of a plate of food.,0.0,100.0,0.0,0.0
fusion,/media/crk/vol3/rt/coco/val2017/000000368752.jpg,A young boy sitting in front of a plate of food.,0.0,100.0,0.0,0.0
m2ib,/media/crk/vol3/rt/coco/val2017/000000402473.jpg,there are two cats that are laying with each other,0.0,100.0,0.10025724768638611,0.0
lciba,/media/crk/vol3/rt/coco/val2017/000000402473.jpg,there are two cats that are laying with each other,0.0,100.0,0.16703493893146515,0.0
libragrad,/media/crk/vol3/rt/coco/val2017/000000402473.jpg,there are two cats that are laying with each other,0.17672069370746613,0.0,0.0,0.0
fusion,/media/crk/vol3/rt/coco/val2017/000000402473.jpg,there are two cats that are laying with each other,0.0,100.0,0.0,0.0
m2ib,/media/crk/vol3/rt/coco/val2017/000000234526.jpg,A little boy in a yellow shirt feeding a giraffe.  ,0.9765524417161942,0.0,0.04136897623538971,0.0
lciba,/media/crk/vol3/rt/coco/val2017/000000234526.jpg,A little boy in a yellow shirt feeding a giraffe.  ,1.6510233283042908,0.0,2.4790585041046143,0.0
libragrad,/media/crk/vol3/rt/coco/val2017/000000234526.jpg,A little boy in a yellow shirt feeding a giraffe.  ,3.7712201476097107,0.0,0.0,0.0
fusion,/media/crk/vol3/rt/coco/val2017/000000234526.jpg,A little boy in a yellow shirt feeding a giraffe.  ,7.410283386707306,0.0,2.264794707298279,0.0
m2ib,/media/crk/vol3/rt/coco/val2017/000000319369.jpg,Two women talk at a beach rental kiosk.,0.7730460725724697,0.0,0.2733184024691582,0.0
lciba,/media/crk/vol3/rt/coco/val2017/000000319369.jpg,Two women talk at a beach rental kiosk.,1.0244961827993393,0.0,0.3734719939529896,0.0
libragrad,/media/crk/vol3/rt/coco/val2017/000000319369.jpg,Two women talk at a beach rental kiosk.,2.014610171318054,0.0,0.0,0.0
fusion,/media/crk/vol3/rt/coco/val2017/000000319369.jpg,Two women talk at a beach rental kiosk.,1.5596904791891575,0.0,0.0,0.0
m2ib,/media/crk/vol3/rt/coco/val2017/000000554266.jpg,A series of photos showing a person laying on a bed.,2.6373155415058136,0.0,1.5818729996681213,0.0
lciba,/media/crk/vol3/rt/coco/val2017/000000554266.jpg,A series of photos showing a person laying on a bed.,1.6982544213533401,0.0,0.22488106042146683,0.0
libragrad,/media/crk/vol3/rt/coco/val2017/000000554266.jpg,A series of photos showing a person laying on a bed.,2.974576875567436,0.0,0.0,0.0
fusion,/media/crk/vol3/rt/coco/val2017/000000554266.jpg,A series of photos showing a person laying on a bed.,3.978746384382248,0.0,0.039477087557315826,0.0
m2ib,/media/crk/vol3/rt/coco/val2017/000000489842.jpg,All of the children are gathered around Santa Claus.,0.0,100.0,0.0,100.0
lciba,/media/crk/vol3/rt/coco/val2017/000000489842.jpg,All of the children are gathered around Santa Claus.,1.242756936699152,0.0,0.0,100.0
libragrad,/media/crk/vol3/rt/coco/val2017/000000489842.jpg,All of the children are gathered around Santa Claus.,0.3723643720149994,0.0,0.0,0.0
fusion,/media/crk/vol3/rt/coco/val2017/000000489842.jpg,All of the children are gathered around Santa Claus.,0.9109713137149811,0.0,0.0,0.0
m2ib,/media/crk/vol3/rt/coco/val2017/000000187362.jpg,A man and his surfboard survey a stormy sea,3.6840710788965225,0.0,0.0,100.0
lciba,/media/crk/vol3/rt/coco/val2017/000000187362.jpg,A man and his surfboard survey a stormy sea,3.2994460314512253,0.0,0.11471472680568695,0.0
libragrad,/media/crk/vol3/rt/coco/val2017/000000187362.jpg,A man and his surfboard survey a stormy sea,4.549887403845787,0.0,0.0,0.0
fusion,/media/crk/vol3/rt/coco/val2017/000000187362.jpg,A man and his surfboard survey a stormy sea,3.3576056361198425,0.0,0.0,100.0
m2ib,/media/crk/vol3/rt/coco/val2017/000000465836.jpg,A group of men standing next to each other.,0.5477093160152435,0.0,0.12547746300697327,0.0
lciba,/media/crk/vol3/rt/coco/val2017/000000465836.jpg,A group of men standing next to each other.,0.0,100.0,0.0,100.0
libragrad,/media/crk/vol3/rt/coco/val2017/000000465836.jpg,A group of men standing next to each other.,1.1771075427532196,0.0,0.0,0.0
fusion,/media/crk/vol3/rt/coco/val2017/000000465836.jpg,A group of men standing next to each other.,1.6986392438411713,0.0,0.0,100.0
m2ib,/media/crk/vol3/rt/coco/val2017/000000359833.jpg,A young boy reaching up to grab a red apple.,0.0,100.0,0.0,0.0
lciba,/media/crk/vol3/rt/coco/val2017/000000359833.jpg,A young boy reaching up to grab a red apple.,0.0,100.0,0.5673447623848915,0.0
libragrad,/media/crk/vol3/rt/coco/val2017/000000359833.jpg,A young boy reaching up to grab a red apple.,1.2830999679863453,0.0,0.0,0.0
fusion,/media/crk/vol3/rt/coco/val2017/000000359833.jpg,A young boy reaching up to grab a red apple.,0.32231714576482773,0.0,0.0,0.0
m2ib,/media/crk/vol3/rt/coco/val2017/000000239347.jpg,A picture of a recently married couple displayed behind glass.,0.944193173199892,0.0,0.010935962200164795,0.0
lciba,/media/crk/vol3/rt/coco/val2017/000000239347.jpg,A picture of a recently married couple displayed behind glass.,2.3682184517383575,0.0,2.508644387125969,0.0
libragrad,/media/crk/vol3/rt/coco/val2017/000000239347.jpg,A picture of a recently married couple displayed behind glass.,2.1060826256871223,0.0,0.0,0.0
fusion,/media/crk/vol3/rt/coco/val2017/000000239347.jpg,A picture of a recently married couple displayed behind glass.,0.0,100.0,0.0,0.0
m2ib,/media/crk/vol3/rt/coco/val2017/000000055022.jpg,A bunch of different bikes on a wooden floor.,0.0,100.0,0.9501244872808456,0.0
lciba,/media/crk/vol3/rt/coco/val2017/000000055022.jpg,A bunch of different bikes on a wooden floor.,0.0,100.0,0.09471550583839417,0.0
libragrad,/media/crk/vol3/rt/coco/val2017/000000055022.jpg,A bunch of different bikes on a wooden floor.,0.0,100.0,0.0,0.0
fusion,/media/crk/vol3/rt/coco/val2017/000000055022.jpg,A bunch of different bikes on a wooden floor.,0.0,100.0,0.9610012173652649,0.0
m2ib,/media/crk/vol3/rt/coco/val2017/000000157767.jpg,A group of men standing around a table of food in wooden room.,0.0,100.0,0.08101705461740494,0.0
lciba,/media/crk/vol3/rt/coco/val2017/000000157767.jpg,A group of men standing around a table of food in wooden room.,0.19339844584465027,0.0,1.38957928866148,0.0
libragrad,/media/crk/vol3/rt/coco/val2017/000000157767.jpg,A group of men standing around a table of food in wooden room.,0.4685398191213608,0.0,0.0,0.0
fusion,/media/crk/vol3/rt/coco/val2017/000000157767.jpg,A group of men standing around a table of food in wooden room.,0.0,100.0,0.0,0.0
m2ib,/media/crk/vol3/rt/coco/val2017/000000092839.jpg,A polar bear with his chin raised lies on a rock.,0.0,100.0,0.0,0.0
lciba,/media/crk/vol3/rt/coco/val2017/000000092839.jpg,A polar bear with his chin raised lies on a rock.,0.0,100.0,0.10609403252601624,0.0
libragrad,/media/crk/vol3/rt/coco/val2017/000000092839.jpg,A polar bear with his chin raised lies on a rock.,0.0,100.0,0.0,0.0
fusion,/media/crk/vol3/rt/coco/val2017/000000092839.jpg,A polar bear with his chin raised lies on a rock.,0.09435303509235382,0.0,0.0,0.0
m2ib,/media/crk/vol3/rt/coco/val2017/000000211674.jpg,Red double decker bus with people standing on top.,1.7550548538565636,0.0,0.02957284450531006,0.0
lciba,/media/crk/vol3/rt/coco/val2017/000000211674.jpg,Red double decker bus with people standing on top.,3.2091759145259857,0.0,0.31748227775096893,0.0
libragrad,/media/crk/vol3/rt/coco/val2017/000000211674.jpg,Red double decker bus with people standing on top.,3.2494820654392242,0.0,0.0,0.0
fusion,/media/crk/vol3/rt/coco/val2017/000000211674.jpg,Red double decker bus with people standing on top.,0.0,100.0,0.28083398938179016,0.0
m2ib,/media/crk/vol3/rt/coco/val2017/000000126107.jpg,A bird that is flying over the sand.,0.508015975356102,0.0,0.2672813832759857,0.0
lciba,/media/crk/vol3/rt/coco/val2017/000000126107.jpg,A bird that is flying over the sand.,1.9183773547410965,0.0,0.0674523413181305,0.0
libragrad,/media/crk/vol3/rt/coco/val2017/000000126107.jpg,A bird that is flying over the sand.,0.0,100.0,0.0,0.0
fusion,/media/crk/vol3/rt/coco/val2017/000000126107.jpg,A bird that is flying over the sand.,0.0,100.0,0.0,0.0
m2ib,/media/crk/vol3/rt/coco/val2017/000000087144.jpg,A woman and her child sitting nest to a man on a park bench.,1.2561781331896782,0.0,2.7344804257154465,0.0
lciba,/media/crk/vol3/rt/coco/val2017/000000087144.jpg,A woman and her child sitting nest to a man on a park bench.,0.6398775614798069,0.0,3.286956623196602,0.0
libragrad,/media/crk/vol3/rt/coco/val2017/000000087144.jpg,A woman and her child sitting nest to a man on a park bench.,2.4319270625710487,0.0,0.0,0.0
fusion,/media/crk/vol3/rt/coco/val2017/000000087144.jpg,A woman and her child sitting nest to a man on a park bench.,1.3392101973295212,0.0,0.0,0.0
m2ib,/media/crk/vol3/rt/coco/val2017/000000216419.jpg,A clock on a pole on a sidewalk.,1.3075325638055801,0.0,1.743897795677185,0.0
lciba,/media/crk/vol3/rt/coco/val2017/000000216419.jpg,A clock on a pole on a sidewalk.,0.0,100.0,1.9031763076782227,0.0
libragrad,/media/crk/vol3/rt/coco/val2017/000000216419.jpg,A clock on a pole on a sidewalk.,2.158300392329693,0.0,0.0,0.0
fusion,/media/crk/vol3/rt/coco/val2017/000000216419.jpg,A clock on a pole on a sidewalk.,2.5083474814891815,0.0,0.0018823891878128052,0.0
m2ib,/media/crk/vol3/rt/coco/val2017/000000539962.jpg,A large blue swimming pool sitting next to a hotel surrounded by palm trees.,0.0,100.0,0.0,100.0
lciba,/media/crk/vol3/rt/coco/val2017/000000539962.jpg,A large blue swimming pool sitting next to a hotel surrounded by palm trees.,1.1907676234841347,0.0,0.2780281938612461,0.0
libragrad,/media/crk/vol3/rt/coco/val2017/000000539962.jpg,A large blue swimming pool sitting next to a hotel surrounded by palm trees.,0.0,100.0,0.0,0.0
fusion,/media/crk/vol3/rt/coco/val2017/000000539962.jpg,A large blue swimming pool sitting next to a hotel surrounded by palm trees.,0.0,100.0,0.0,0.0
m2ib,/media/crk/vol3/rt/coco/val2017/000000161008.jpg,A pair of scissors sitting on top of a wooden box.,0.0,100.0,0.10863551869988441,0.0
lciba,/media/crk/vol3/rt/coco/val2017/000000161008.jpg,A pair of scissors sitting on top of a wooden box.,0.0,100.0,0.5107753910124302,0.0
libragrad,/media/crk/vol3/rt/coco/val2017/000000161008.jpg,A pair of scissors sitting on top of a wooden box.,0.0,100.0,0.0,0.0
fusion,/media/crk/vol3/rt/coco/val2017/000000161008.jpg,A pair of scissors sitting on top of a wooden box.,0.0,100.0,0.0,0.0
m2ib,/media/crk/vol3/rt/coco/val2017/000000537964.jpg,A red fire hydrant is sitting in the woods near fallen leaves.,1.0055199265480042,0.0,1.1035099625587463,0.0
lciba,/media/crk/vol3/rt/coco/val2017/000000537964.jpg,A red fire hydrant is sitting in the woods near fallen leaves.,0.0,100.0,1.093468815088272,0.0
libragrad,/media/crk/vol3/rt/coco/val2017/000000537964.jpg,A red fire hydrant is sitting in the woods near fallen leaves.,1.713673397898674,0.0,0.06693899631500244,0.0
fusion,/media/crk/vol3/rt/coco/val2017/000000537964.jpg,A red fire hydrant is sitting in the woods near fallen leaves.,1.4577221125364304,0.0,1.0158021003007889,0.0
m2ib,/media/crk/vol3/rt/coco/val2017/000000408112.jpg,A small propeller plane sitting on top of an airport tarmac.,2.6328865438699722,0.0,0.00818716362118721,0.0
lciba,/media/crk/vol3/rt/coco/val2017/000000408112.jpg,A small propeller plane sitting on top of an airport tarmac.,0.11094859801232815,0.0,0.19041169434785843,0.0
libragrad,/media/crk/vol3/rt/coco/val2017/000000408112.jpg,A small propeller plane sitting on top of an airport tarmac.,3.741319850087166,0.0,0.0,0.0
fusion,/media/crk/vol3/rt/coco/val2017/000000408112.jpg,A small propeller plane sitting on top of an airport tarmac.,2.41909958422184,0.0,0.0,0.0
m2ib,/media/crk/vol3/rt/coco/val2017/000000249219.jpg,A double decker bus driving down the road.,1.711319014430046,0.0,0.2589188516139984,0.0
lciba,/media/crk/vol3/rt/coco/val2017/000000249219.jpg,A double decker bus driving down the road.,2.1255623549222946,0.0,0.1491989940404892,0.0
libragrad,/media/crk/vol3/rt/coco/val2017/000000249219.jpg,A double decker bus driving down the road.,2.013302966952324,0.0,0.0,0.0
fusion,/media/crk/vol3/rt/coco/val2017/000000249219.jpg,A double decker bus driving down the road.,1.1853158473968506,0.0,0.0,0.0
m2ib,/media/crk/vol3/rt/coco/val2017/000000228771.jpg,Street signs on a pole painted in the colors of the Italian flag.,0.0,100.0,0.03961697220802307,0.0
lciba,/media/crk/vol3/rt/coco/val2017/000000228771.jpg,Street signs on a pole painted in the colors of the Italian flag.,0.0,100.0,0.15661437064409256,0.0
libragrad,/media/crk/vol3/rt/coco/val2017/000000228771.jpg,Street signs on a pole painted in the colors of the Italian flag.,0.0,100.0,0.0,0.0
fusion,/media/crk/vol3/rt/coco/val2017/000000228771.jpg,Street signs on a pole painted in the colors of the Italian flag.,0.0,100.0,0.0,0.0
m2ib,/media/crk/vol3/rt/coco/val2017/000000440507.jpg,a blue suitcase some shoes and a wooden table,1.060422882437706,0.0,0.2961328253149986,0.0
lciba,/media/crk/vol3/rt/coco/val2017/000000440507.jpg,a blue suitcase some shoes and a wooden table,0.842838641256094,0.0,0.20378604531288147,0.0
libragrad,/media/crk/vol3/rt/coco/val2017/000000440507.jpg,a blue suitcase some shoes and a wooden table,0.5067260935902596,0.0,0.0,0.0
fusion,/media/crk/vol3/rt/coco/val2017/000000440507.jpg,a blue suitcase some shoes and a wooden table,0.0,100.0,0.0,0.0
m2ib,/media/crk/vol3/rt/coco/val2017/000000073118.jpg,Two brown teddy bears sitting side by side.,1.8386395648121834,0.0,0.05853697657585144,0.0
lciba,/media/crk/vol3/rt/coco/val2017/000000073118.jpg,Two brown teddy bears sitting side by side.,2.039402909576893,0.0,0.032786279916763306,0.0
libragrad,/media/crk/vol3/rt/coco/val2017/000000073118.jpg,Two brown teddy bears sitting side by side.,2.351337857544422,0.0,0.0,0.0
fusion,/media/crk/vol3/rt/coco/val2017/000000073118.jpg,Two brown teddy bears sitting side by side.,0.0,100.0,0.029475241899490356,0.0
m2ib,/media/crk/vol3/rt/coco/val2017/000000322724.jpg,a man that is skiing down a snowy field,0.0,100.0,0.20827725529670715,0.0
lciba,/media/crk/vol3/rt/coco/val2017/000000322724.jpg,a man that is skiing down a snowy field,0.19943881779909134,0.0,0.044448114931583405,0.0
libragrad,/media/crk/vol3/rt/coco/val2017/000000322724.jpg,a man that is skiing down a snowy field,0.6457073614001274,0.0,0.0,0.0
fusion,/media/crk/vol3/rt/coco/val2017/000000322724.jpg,a man that is skiing down a snowy field,0.29881633818149567,0.0,0.015322305262088776,0.0
m2ib,/media/crk/vol3/rt/coco/val2017/000000560011.jpg,A mouse is next to a keyboard on a desk,3.4204110503196716,0.0,0.9185276925563812,0.0
lciba,/media/crk/vol3/rt/coco/val2017/000000560011.jpg,A mouse is next to a keyboard on a desk,1.4861984178423882,0.0,0.8243795484304428,0.0
libragrad,/media/crk/vol3/rt/coco/val2017/000000560011.jpg,A mouse is next to a keyboard on a desk,2.8436027467250824,0.0,0.0,0.0
fusion,/media/crk/vol3/rt/coco/val2017/000000560011.jpg,A mouse is next to a keyboard on a desk,2.378932200372219,0.0,0.7529083639383316,0.0
m2ib,/media/crk/vol3/rt/coco/val2017/000000084170.jpg,a red and white bus and some cars in the rain,2.33570858836174,0.0,0.0,0.0
lciba,/media/crk/vol3/rt/coco/val2017/000000084170.jpg,a red and white bus and some cars in the rain,1.6253959387540817,0.0,1.946486160159111,0.0
libragrad,/media/crk/vol3/rt/coco/val2017/000000084170.jpg,a red and white bus and some cars in the rain,3.419528529047966,0.0,0.0,0.0
fusion,/media/crk/vol3/rt/coco/val2017/000000084170.jpg,a red and white bus and some cars in the rain,5.441410467028618,0.0,0.0,0.0
m2ib,/media/crk/vol3/rt/coco/val2017/000000329041.jpg,A group of brief cases are piled up on the sidewalks.,0.0,100.0,1.8101885914802551,0.0
lciba,/media/crk/vol3/rt/coco/val2017/000000329041.jpg,A group of brief cases are piled up on the sidewalks.,0.0,100.0,1.9298691302537918,0.0
libragrad,/media/crk/vol3/rt/coco/val2017/000000329041.jpg,A group of brief cases are piled up on the sidewalks.,0.0,100.0,0.0,0.0
fusion,/media/crk/vol3/rt/coco/val2017/000000329041.jpg,A group of brief cases are piled up on the sidewalks.,0.0,100.0,0.05118660628795624,0.0
m2ib,/media/crk/vol3/rt/coco/val2017/000000531771.jpg,This is a nice black over and under washer and dryer set.,0.0,100.0,0.0,100.0
lciba,/media/crk/vol3/rt/coco/val2017/000000531771.jpg,This is a nice black over and under washer and dryer set.,0.0,100.0,0.06295554339885712,0.0
libragrad,/media/crk/vol3/rt/coco/val2017/000000531771.jpg,This is a nice black over and under washer and dryer set.,0.7479693740606308,0.0,0.0,100.0
fusion,/media/crk/vol3/rt/coco/val2017/000000531771.jpg,This is a nice black over and under washer and dryer set.,1.0579902678728104,0.0,0.017627328634262085,0.0
m2ib,/media/crk/vol3/rt/coco/val2017/000000309964.jpg,The people are sitting outside under a large umbrella.,0.0,100.0,0.1343909651041031,0.0
lciba,/media/crk/vol3/rt/coco/val2017/000000309964.jpg,The people are sitting outside under a large umbrella.,0.0,100.0,0.531446747481823,0.0
libragrad,/media/crk/vol3/rt/coco/val2017/000000309964.jpg,The people are sitting outside under a large umbrella.,0.9567147120833397,0.0,0.0,0.0
fusion,/media/crk/vol3/rt/coco/val2017/000000309964.jpg,The people are sitting outside under a large umbrella.,0.2800092101097107,0.0,0.0,100.0
m2ib,/media/crk/vol3/rt/coco/val2017/000000188439.jpg,A colorful truck is driving with a full load of sticks and twigs.,0.0734885223209858,0.0,2.7147550135850906,0.0
lciba,/media/crk/vol3/rt/coco/val2017/000000188439.jpg,A colorful truck is driving with a full load of sticks and twigs.,0.6742240861058235,0.0,2.410745993256569,0.0
libragrad,/media/crk/vol3/rt/coco/val2017/000000188439.jpg,A colorful truck is driving with a full load of sticks and twigs.,1.3444600626826286,0.0,0.0,0.0
fusion,/media/crk/vol3/rt/coco/val2017/000000188439.jpg,A colorful truck is driving with a full load of sticks and twigs.,0.33917147666215897,0.0,2.46572308242321,0.0
m2ib,/media/crk/vol3/rt/coco/val2017/000000417911.jpg,A man in a wetsuit surfing a wave on a surf board.,0.1573704183101654,0.0,0.06835013628005981,0.0
lciba,/media/crk/vol3/rt/coco/val2017/000000417911.jpg,A man in a wetsuit surfing a wave on a surf board.,0.0,100.0,0.15229880809783936,0.0
libragrad,/media/crk/vol3/rt/coco/val2017/000000417911.jpg,A man in a wetsuit surfing a wave on a surf board.,0.932098925113678,0.0,0.0,0.0
fusion,/media/crk/vol3/rt/coco/val2017/000000417911.jpg,A man in a wetsuit surfing a wave on a surf board.,1.941164769232273,0.0,0.6453759968280792,0.0
m2ib,/media/crk/vol3/rt/coco/val2017/000000236599.jpg,People hold flying kites in the air by the water,0.3918219357728958,0.0,0.0,100.0
lciba,/media/crk/vol3/rt/coco/val2017/000000236599.jpg,People hold flying kites in the air by the water,0.0,100.0,0.0,100.0
libragrad,/media/crk/vol3/rt/coco/val2017/000000236599.jpg,People hold flying kites in the air by the water,0.14322921633720398,0.0,0.0,0.0
fusion,/media/crk/vol3/rt/coco/val2017/000000236599.jpg,People hold flying kites in the air by the water,4.041038453578949,0.0,0.0,100.0
m2ib,/media/crk/vol3/rt/coco/val2017/000000289229.jpg,A man wearing a white lab coat holding a bone saw.,0.0,100.0,1.2674139812588692,0.0
lciba,/media/crk/vol3/rt/coco/val2017/000000289229.jpg,A man wearing a white lab coat holding a bone saw.,0.0,100.0,1.4095032587647438,0.0
libragrad,/media/crk/vol3/rt/coco/val2017/000000289229.jpg,A man wearing a white lab coat holding a bone saw.,1.94979477673769,0.0,0.0,0.0
fusion,/media/crk/vol3/rt/coco/val2017/000000289229.jpg,A man wearing a white lab coat holding a bone saw.,4.238609969615936,0.0,0.0,0.0
m2ib,/media/crk/vol3/rt/coco/val2017/000000014439.jpg,Some people in a grass field flying a kite in the sky.,3.810371831059456,0.0,0.0,100.0
lciba,/media/crk/vol3/rt/coco/val2017/000000014439.jpg,Some people in a grass field flying a kite in the sky.,3.1676609069108963,0.0,0.7129116915166378,0.0
libragrad,/media/crk/vol3/rt/coco/val2017/000000014439.jpg,Some people in a grass field flying a kite in the sky.,4.227660596370697,0.0,0.0,0.0
fusion,/media/crk/vol3/rt/coco/val2017/000000014439.jpg,Some people in a grass field flying a kite in the sky.,2.4667929857969284,0.0,0.0,100.0
m2ib,/media/crk/vol3/rt/coco/val2017/000000148739.jpg,A person in a wet suit on a surfboard,0.0,100.0,0.3030453808605671,0.0
lciba,/media/crk/vol3/rt/coco/val2017/000000148739.jpg,A person in a wet suit on a surfboard,0.0,100.0,0.0,100.0
libragrad,/media/crk/vol3/rt/coco/val2017/000000148739.jpg,A person in a wet suit on a surfboard,0.31887236982584,0.0,0.0,0.0
fusion,/media/crk/vol3/rt/coco/val2017/000000148739.jpg,A person in a wet suit on a surfboard,1.119343377649784,0.0,0.0,100.0
m2ib,/media/crk/vol3/rt/coco/val2017/000000362682.jpg,A cartoon dog is painted on the side of the passenger bus.,1.4893168583512306,0.0,0.5870223045349121,0.0
lciba,/media/crk/vol3/rt/coco/val2017/000000362682.jpg,A cartoon dog is painted on the side of the passenger bus.,0.18302733078598976,0.0,0.12079626321792603,0.0
libragrad,/media/crk/vol3/rt/coco/val2017/000000362682.jpg,A cartoon dog is painted on the side of the passenger bus.,4.434259235858917,0.0,0.0,0.0
fusion,/media/crk/vol3/rt/coco/val2017/000000362682.jpg,A cartoon dog is painted on the side of the passenger bus.,2.2897958755493164,0.0,0.0,0.0
m2ib,/media/crk/vol3/rt/coco/val2017/000000406129.jpg,A person hitting a tennis ball with a racquet.,1.1905036866664886,0.0,0.22983849048614502,0.0
lciba,/media/crk/vol3/rt/coco/val2017/000000406129.jpg,A person hitting a tennis ball with a racquet.,1.3817228376865387,0.0,0.3448855131864548,0.0
libragrad,/media/crk/vol3/rt/coco/val2017/000000406129.jpg,A person hitting a tennis ball with a racquet.,1.567687839269638,0.0,0.0,0.0
fusion,/media/crk/vol3/rt/coco/val2017/000000406129.jpg,A person hitting a tennis ball with a racquet.,0.0,100.0,0.0,100.0
m2ib,/media/crk/vol3/rt/coco/val2017/000000309452.jpg,The bird has a black head and yellow feathers.,0.9436652064323425,0.0,0.16442090272903442,0.0
lciba,/media/crk/vol3/rt/coco/val2017/000000309452.jpg,The bird has a black head and yellow feathers.,0.0,100.0,0.02501159906387329,0.0
libragrad,/media/crk/vol3/rt/coco/val2017/000000309452.jpg,The bird has a black head and yellow feathers.,0.0,100.0,0.0,0.0
fusion,/media/crk/vol3/rt/coco/val2017/000000309452.jpg,The bird has a black head and yellow feathers.,0.0,100.0,0.0,0.0
m2ib,/media/crk/vol3/rt/coco/val2017/000000279730.jpg,A person holding a sandwich next to a cup of coffee.,0.0,100.0,0.010298565030097961,0.0
lciba,/media/crk/vol3/rt/coco/val2017/000000279730.jpg,A person holding a sandwich next to a cup of coffee.,0.0,100.0,1.8831685185432434,0.0
libragrad,/media/crk/vol3/rt/coco/val2017/000000279730.jpg,A person holding a sandwich next to a cup of coffee.,0.4650060087442398,0.0,0.0,0.0
fusion,/media/crk/vol3/rt/coco/val2017/000000279730.jpg,A person holding a sandwich next to a cup of coffee.,2.762056142091751,0.0,0.0,100.0
m2ib,/media/crk/vol3/rt/coco/val2017/000000404191.jpg,A refrigerator freezer sitting in a yellow kitchen.,2.2024843841791153,0.0,1.167328655719757,0.0
lciba,/media/crk/vol3/rt/coco/val2017/000000404191.jpg,A refrigerator freezer sitting in a yellow kitchen.,4.140806198120117,0.0,0.4028409719467163,0.0
libragrad,/media/crk/vol3/rt/coco/val2017/000000404191.jpg,A refrigerator freezer sitting in a yellow kitchen.,2.779611200094223,0.0,0.0,0.0
fusion,/media/crk/vol3/rt/coco/val2017/000000404191.jpg,A refrigerator freezer sitting in a yellow kitchen.,5.10060153901577,0.0,0.07188059389591217,0.0
m2ib,/media/crk/vol3/rt/coco/val2017/000000270122.jpg,Waves crashing on the shore with a surfer in the midst,0.8387457579374313,0.0,0.03757551312446594,0.0
lciba,/media/crk/vol3/rt/coco/val2017/000000270122.jpg,Waves crashing on the shore with a surfer in the midst,0.9917441755533218,0.0,0.4028450697660446,0.0
libragrad,/media/crk/vol3/rt/coco/val2017/000000270122.jpg,Waves crashing on the shore with a surfer in the midst,4.358641803264618,0.0,0.0,0.0
fusion,/media/crk/vol3/rt/coco/val2017/000000270122.jpg,Waves crashing on the shore with a surfer in the midst,5.129111185669899,0.0,0.016020983457565308,0.0
m2ib,/media/crk/vol3/rt/coco/val2017/000000400044.jpg,A person riding a snowboard into the air next to a tall building.,1.5028026886284351,0.0,0.0,100.0
lciba,/media/crk/vol3/rt/coco/val2017/000000400044.jpg,A person riding a snowboard into the air next to a tall building.,0.0,100.0,0.0,100.0
libragrad,/media/crk/vol3/rt/coco/val2017/000000400044.jpg,A person riding a snowboard into the air next to a tall building.,2.6372049003839493,0.0,0.0,100.0
fusion,/media/crk/vol3/rt/coco/val2017/000000400044.jpg,A person riding a snowboard into the air next to a tall building.,2.872786484658718,0.0,0.0,100.0
m2ib,/media/crk/vol3/rt/coco/val2017/000000034257.jpg,A market display case filled with different colored vegetables.,2.08292156457901,0.0,0.05817115306854248,0.0
lciba,/media/crk/vol3/rt/coco/val2017/000000034257.jpg,A market display case filled with different colored vegetables.,1.1401355266571045,0.0,2.494565397500992,0.0
libragrad,/media/crk/vol3/rt/coco/val2017/000000034257.jpg,A market display case filled with different colored vegetables.,1.7073644325137138,0.0,0.0,0.0
fusion,/media/crk/vol3/rt/coco/val2017/000000034257.jpg,A market display case filled with different colored vegetables.,3.122621774673462,0.0,0.0,0.0
m2ib,/media/crk/vol3/rt/coco/val2017/000000322163.jpg,A group of three chefs preparing food in a kitchen.,0.0,100.0,0.1367330551147461,0.0
lciba,/media/crk/vol3/rt/coco/val2017/000000322163.jpg,A group of three chefs preparing food in a kitchen.,0.0,100.0,0.12073367834091187,0.0
libragrad,/media/crk/vol3/rt/coco/val2017/000000322163.jpg,A group of three chefs preparing food in a kitchen.,1.7168490216135979,0.0,0.0,0.0
fusion,/media/crk/vol3/rt/coco/val2017/000000322163.jpg,A group of three chefs preparing food in a kitchen.,3.6376550793647766,0.0,0.059634074568748474,0.0
m2ib,/media/crk/vol3/rt/coco/val2017/000000500270.jpg,A woman in black shirt riding a skateboard.,0.20322399213910103,0.0,1.9512515515089035,0.0
lciba,/media/crk/vol3/rt/coco/val2017/000000500270.jpg,A woman in black shirt riding a skateboard.,0.3560718148946762,0.0,0.07741916924715042,0.0
libragrad,/media/crk/vol3/rt/coco/val2017/000000500270.jpg,A woman in black shirt riding a skateboard.,1.1813572607934475,0.0,0.0,0.0
fusion,/media/crk/vol3/rt/coco/val2017/000000500270.jpg,A woman in black shirt riding a skateboard.,0.8445724844932556,0.0,0.017698295414447784,0.0
m2ib,/media/crk/vol3/rt/coco/val2017/000000424521.jpg,A shirtless man doing skateboarding tricks near a stream,0.0,100.0,0.6138531491160393,0.0
lciba,/media/crk/vol3/rt/coco/val2017/000000424521.jpg,A shirtless man doing skateboarding tricks near a stream,0.0,100.0,0.02434663474559784,0.0
libragrad,/media/crk/vol3/rt/coco/val2017/000000424521.jpg,A shirtless man doing skateboarding tricks near a stream,0.3624195698648691,0.0,0.0,0.0
fusion,/media/crk/vol3/rt/coco/val2017/000000424521.jpg,A shirtless man doing skateboarding tricks near a stream,0.0,100.0,0.060253310948610306,0.0
m2ib,/media/crk/vol3/rt/coco/val2017/000000239627.jpg,A white kitchen sink filled with dishes and eating utensils.,2.3172298446297646,0.0,0.03780815750360489,0.0
lciba,/media/crk/vol3/rt/coco/val2017/000000239627.jpg,A white kitchen sink filled with dishes and eating utensils.,0.1381564885377884,0.0,0.0056978315114974976,0.0
libragrad,/media/crk/vol3/rt/coco/val2017/000000239627.jpg,A white kitchen sink filled with dishes and eating utensils.,1.8551822751760483,0.0,0.0,0.0
fusion,/media/crk/vol3/rt/coco/val2017/000000239627.jpg,A white kitchen sink filled with dishes and eating utensils.,2.918306738138199,0.0,0.0,0.0
m2ib,/media/crk/vol3/rt/coco/val2017/000000484978.jpg,A woman sitting at a table while eating food.,0.0,100.0,0.002222508192062378,0.0
lciba,/media/crk/vol3/rt/coco/val2017/000000484978.jpg,A woman sitting at a table while eating food.,0.0,100.0,0.2565322443842888,0.0
libragrad,/media/crk/vol3/rt/coco/val2017/000000484978.jpg,A woman sitting at a table while eating food.,0.2718108706176281,0.0,0.0,0.0
fusion,/media/crk/vol3/rt/coco/val2017/000000484978.jpg,A woman sitting at a table while eating food.,0.7628398947417736,0.0,0.0,0.0
m2ib,/media/crk/vol3/rt/coco/val2017/000000463802.jpg,A teddy bear watching a man with a tennis racket.,1.0152257978916168,0.0,0.018737465143203735,0.0
lciba,/media/crk/vol3/rt/coco/val2017/000000463802.jpg,A teddy bear watching a man with a tennis racket.,0.7902808487415314,0.0,0.07512122392654419,0.0
libragrad,/media/crk/vol3/rt/coco/val2017/000000463802.jpg,A teddy bear watching a man with a tennis racket.,3.2375454902648926,0.0,0.0,0.0
fusion,/media/crk/vol3/rt/coco/val2017/000000463802.jpg,A teddy bear watching a man with a tennis racket.,3.9650365710258484,0.0,0.0,0.0
m2ib,/media/crk/vol3/rt/coco/val2017/000000007818.jpg,An illuminated floral display forms the centerpiece of the arrangement in this close up of a dining room table setting.,0.9584231302142143,0.0,0.060647912323474884,0.0
lciba,/media/crk/vol3/rt/coco/val2017/000000007818.jpg,An illuminated floral display forms the centerpiece of the arrangement in this close up of a dining room table setting.,0.4210153594613075,0.0,0.1732250675559044,0.0
libragrad,/media/crk/vol3/rt/coco/val2017/000000007818.jpg,An illuminated floral display forms the centerpiece of the arrangement in this close up of a dining room table setting.,0.376729853451252,0.0,0.055067986249923706,0.0
fusion,/media/crk/vol3/rt/coco/val2017/000000007818.jpg,An illuminated floral display forms the centerpiece of the arrangement in this close up of a dining room table setting.,0.7172198966145515,0.0,0.014036521315574646,0.0
m2ib,/media/crk/vol3/rt/coco/val2017/000000084270.jpg,A crowded airport filled with people carrying luggage.,0.0,100.0,0.02382732927799225,0.0
lciba,/media/crk/vol3/rt/coco/val2017/000000084270.jpg,A crowded airport filled with people carrying luggage.,0.0,100.0,0.10133981704711914,0.0
libragrad,/media/crk/vol3/rt/coco/val2017/000000084270.jpg,A crowded airport filled with people carrying luggage.,0.0,100.0,0.0,0.0
fusion,/media/crk/vol3/rt/coco/val2017/000000084270.jpg,A crowded airport filled with people carrying luggage.,0.0,100.0,0.0,0.0
m2ib,/media/crk/vol3/rt/coco/val2017/000000226883.jpg,An animal grazing on a lush field of green grass.,0.31712427735328674,0.0,0.009911716915667057,0.0
lciba,/media/crk/vol3/rt/coco/val2017/000000226883.jpg,An animal grazing on a lush field of green grass.,0.006233900785446167,0.0,0.0,100.0
libragrad,/media/crk/vol3/rt/coco/val2017/000000226883.jpg,An animal grazing on a lush field of green grass.,1.089495699852705,0.0,0.0,0.0
fusion,/media/crk/vol3/rt/coco/val2017/000000226883.jpg,An animal grazing on a lush field of green grass.,1.3065033592283726,0.0,0.0,0.0
m2ib,/media/crk/vol3/rt/coco/val2017/000000300659.jpg,A formation of airplanes flying through a  blue sky.,0.5682447925209999,0.0,0.8231349289417267,0.0
lciba,/media/crk/vol3/rt/coco/val2017/000000300659.jpg,A formation of airplanes flying through a  blue sky.,0.4053117707371712,0.0,0.1602664589881897,0.0
libragrad,/media/crk/vol3/rt/coco/val2017/000000300659.jpg,A formation of airplanes flying through a  blue sky.,1.061970554292202,0.0,0.0,0.0
fusion,/media/crk/vol3/rt/coco/val2017/000000300659.jpg,A formation of airplanes flying through a  blue sky.,0.0,100.0,0.0,0.0
m2ib,/media/crk/vol3/rt/coco/val2017/000000329542.jpg,A hand adding a cherry to some small tarts.,1.0988932102918625,0.0,0.05224980413913727,0.0
lciba,/media/crk/vol3/rt/coco/val2017/000000329542.jpg,A hand adding a cherry to some small tarts.,0.0,100.0,0.07094964385032654,0.0
libragrad,/media/crk/vol3/rt/coco/val2017/000000329542.jpg,A hand adding a cherry to some small tarts.,2.3616285994648933,0.0,0.0,0.0
fusion,/media/crk/vol3/rt/coco/val2017/000000329542.jpg,A hand adding a cherry to some small tarts.,0.9673530235886574,0.0,0.05224980413913727,0.0
m2ib,/media/crk/vol3/rt/coco/val2017/000000127987.jpg,A baseball player bobble head next to two computer monitors on a desk.,1.0510321706533432,0.0,0.11178553104400635,0.0
lciba,/media/crk/vol3/rt/coco/val2017/000000127987.jpg,A baseball player bobble head next to two computer monitors on a desk.,1.440972462296486,0.0,0.3888726234436035,0.0
libragrad,/media/crk/vol3/rt/coco/val2017/000000127987.jpg,A baseball player bobble head next to two computer monitors on a desk.,1.4252524822950363,0.0,0.0,0.0
fusion,/media/crk/vol3/rt/coco/val2017/000000127987.jpg,A baseball player bobble head next to two computer monitors on a desk.,3.5685941576957703,0.0,0.03007166087627411,0.0
m2ib,/media/crk/vol3/rt/coco/val2017/000000246968.jpg,A young woman standing in the kitchen pours from a large measuring cup.,1.1239007115364075,0.0,0.10863691568374634,0.0
lciba,/media/crk/vol3/rt/coco/val2017/000000246968.jpg,A young woman standing in the kitchen pours from a large measuring cup.,1.73543319106102,0.0,0.3764048218727112,0.0
libragrad,/media/crk/vol3/rt/coco/val2017/000000246968.jpg,A young woman standing in the kitchen pours from a large measuring cup.,1.8547024577856064,0.0,0.0,0.0
fusion,/media/crk/vol3/rt/coco/val2017/000000246968.jpg,A young woman standing in the kitchen pours from a large measuring cup.,3.0699556693434715,0.0,0.0,0.0
m2ib,/media/crk/vol3/rt/coco/val2017/000000384670.jpg,Two people on a blue and green tennis court.,0.0,100.0,0.0,0.0
lciba,/media/crk/vol3/rt/coco/val2017/000000384670.jpg,Two people on a blue and green tennis court.,0.0,100.0,0.0,100.0
libragrad,/media/crk/vol3/rt/coco/val2017/000000384670.jpg,Two people on a blue and green tennis court.,1.223263330757618,0.0,0.0,0.0
fusion,/media/crk/vol3/rt/coco/val2017/000000384670.jpg,Two people on a blue and green tennis court.,0.6726874969899654,0.0,0.0,0.0
m2ib,/media/crk/vol3/rt/coco/val2017/000000100274.jpg,A long train traveling through a train yard.,1.1110348626971245,0.0,2.0527487620711327,0.0
lciba,/media/crk/vol3/rt/coco/val2017/000000100274.jpg,A long train traveling through a train yard.,2.197888307273388,0.0,2.429766394197941,0.0
libragrad,/media/crk/vol3/rt/coco/val2017/000000100274.jpg,A long train traveling through a train yard.,2.7009885758161545,0.0,0.0,0.0
fusion,/media/crk/vol3/rt/coco/val2017/000000100274.jpg,A long train traveling through a train yard.,1.8707122653722763,0.0,2.036355622112751,0.0
m2ib,/media/crk/vol3/rt/coco/val2017/000000175387.jpg,Bathroom stall with green door in commercial business.,1.982889510691166,0.0,1.3698507100343704,0.0
lciba,/media/crk/vol3/rt/coco/val2017/000000175387.jpg,Bathroom stall with green door in commercial business.,1.9584335386753082,0.0,1.2852020561695099,0.0
libragrad,/media/crk/vol3/rt/coco/val2017/000000175387.jpg,Bathroom stall with green door in commercial business.,3.7614651024341583,0.0,0.0,0.0
fusion,/media/crk/vol3/rt/coco/val2017/000000175387.jpg,Bathroom stall with green door in commercial business.,3.172539919614792,0.0,0.0,0.0
m2ib,/media/crk/vol3/rt/coco/val2017/000000013004.jpg,a banana is laying on a small plate,4.923711344599724,0.0,0.892692431807518,0.0
lciba,/media/crk/vol3/rt/coco/val2017/000000013004.jpg,a banana is laying on a small plate,5.529109388589859,0.0,1.1551745235919952,0.0
libragrad,/media/crk/vol3/rt/coco/val2017/000000013004.jpg,a banana is laying on a small plate,5.659434571862221,0.0,0.0,0.0
fusion,/media/crk/vol3/rt/coco/val2017/000000013004.jpg,a banana is laying on a small plate,4.749278351664543,0.0,0.01722201704978943,0.0
m2ib,/media/crk/vol3/rt/coco/val2017/000000262440.jpg,"A bathroom with a toilet, sink, bath tub, and a small cabinet.",0.0,100.0,1.7934560775756836,0.0
lciba,/media/crk/vol3/rt/coco/val2017/000000262440.jpg,"A bathroom with a toilet, sink, bath tub, and a small cabinet.",1.5425058081746101,0.0,1.6981394961476326,0.0
libragrad,/media/crk/vol3/rt/coco/val2017/000000262440.jpg,"A bathroom with a toilet, sink, bath tub, and a small cabinet.",0.9865120053291321,0.0,0.0,0.0
fusion,/media/crk/vol3/rt/coco/val2017/000000262440.jpg,"A bathroom with a toilet, sink, bath tub, and a small cabinet.",1.249917596578598,0.0,1.7303220927715302,0.0
m2ib,/media/crk/vol3/rt/coco/val2017/000000151000.jpg,A woman taking pictures on a busy street.,0.0,100.0,0.03035813570022583,0.0
lciba,/media/crk/vol3/rt/coco/val2017/000000151000.jpg,A woman taking pictures on a busy street.,0.466388463973999,0.0,1.5347151085734367,0.0
libragrad,/media/crk/vol3/rt/coco/val2017/000000151000.jpg,A woman taking pictures on a busy street.,0.0,100.0,0.0,0.0
fusion,/media/crk/vol3/rt/coco/val2017/000000151000.jpg,A woman taking pictures on a busy street.,0.0,100.0,0.0,0.0
m2ib,/media/crk/vol3/rt/coco/val2017/000000166768.jpg,An elderly woman is holding onto the arm of an elderly man.,0.46756844967603683,0.0,0.06375741213560104,0.0
lciba,/media/crk/vol3/rt/coco/val2017/000000166768.jpg,An elderly woman is holding onto the arm of an elderly man.,1.7653701826930046,0.0,0.7222751155495644,0.0
libragrad,/media/crk/vol3/rt/coco/val2017/000000166768.jpg,An elderly woman is holding onto the arm of an elderly man.,1.0760555043816566,0.0,0.0,0.0
fusion,/media/crk/vol3/rt/coco/val2017/000000166768.jpg,An elderly woman is holding onto the arm of an elderly man.,1.973540522158146,0.0,0.0,0.0
m2ib,/media/crk/vol3/rt/coco/val2017/000000516677.jpg,People standing and sitting on snow with skis and mountain,0.0,100.0,0.03427751362323761,0.0
lciba,/media/crk/vol3/rt/coco/val2017/000000516677.jpg,People standing and sitting on snow with skis and mountain,0.0,100.0,0.16223154962062836,0.0
libragrad,/media/crk/vol3/rt/coco/val2017/000000516677.jpg,People standing and sitting on snow with skis and mountain,0.0,100.0,0.0,0.0
fusion,/media/crk/vol3/rt/coco/val2017/000000516677.jpg,People standing and sitting on snow with skis and mountain,0.36047715693712234,0.0,0.0012978911399841309,0.0
m2ib,/media/crk/vol3/rt/coco/val2017/000000240250.jpg,A woman sitting down at a table with pizza.,0.0,100.0,0.04364512860774994,0.0
lciba,/media/crk/vol3/rt/coco/val2017/000000240250.jpg,A woman sitting down at a table with pizza.,0.0,100.0,0.37294141948223114,0.0
libragrad,/media/crk/vol3/rt/coco/val2017/000000240250.jpg,A woman sitting down at a table with pizza.,0.0,100.0,0.0,0.0
fusion,/media/crk/vol3/rt/coco/val2017/000000240250.jpg,A woman sitting down at a table with pizza.,0.0,100.0,0.03979429602622986,0.0
m2ib,/media/crk/vol3/rt/coco/val2017/000000242946.jpg,A group of women sitting at a table with plates of food,0.0,100.0,0.6812054663896561,0.0
lciba,/media/crk/vol3/rt/coco/val2017/000000242946.jpg,A group of women sitting at a table with plates of food,0.7810346782207489,0.0,0.5281776189804077,0.0
libragrad,/media/crk/vol3/rt/coco/val2017/000000242946.jpg,A group of women sitting at a table with plates of food,0.3429390490055084,0.0,0.0,0.0
fusion,/media/crk/vol3/rt/coco/val2017/000000242946.jpg,A group of women sitting at a table with plates of food,1.4479603618383408,0.0,0.0,0.0
m2ib,/media/crk/vol3/rt/coco/val2017/000000110884.jpg,A white sink sitting next to a toilet.,0.0,100.0,0.8547136560082436,0.0
lciba,/media/crk/vol3/rt/coco/val2017/000000110884.jpg,A white sink sitting next to a toilet.,0.0,100.0,0.16775578260421753,0.0
libragrad,/media/crk/vol3/rt/coco/val2017/000000110884.jpg,A white sink sitting next to a toilet.,0.0,100.0,0.0,0.0
fusion,/media/crk/vol3/rt/coco/val2017/000000110884.jpg,A white sink sitting next to a toilet.,0.0,100.0,0.008818134665489197,0.0
m2ib,/media/crk/vol3/rt/coco/val2017/000000530854.jpg,People are walking in the rain holding umbrellas.,1.6938190907239914,0.0,0.010215770453214645,0.0
lciba,/media/crk/vol3/rt/coco/val2017/000000530854.jpg,People are walking in the rain holding umbrellas.,1.9788004457950592,0.0,0.0,100.0
libragrad,/media/crk/vol3/rt/coco/val2017/000000530854.jpg,People are walking in the rain holding umbrellas.,0.758126936852932,0.0,0.0,0.0
fusion,/media/crk/vol3/rt/coco/val2017/000000530854.jpg,People are walking in the rain holding umbrellas.,0.3534468822181225,0.0,0.010215770453214645,0.0
m2ib,/media/crk/vol3/rt/coco/val2017/000000257370.jpg,two people are playing a baseball video game,0.6984763778746128,0.0,0.0,100.0
lciba,/media/crk/vol3/rt/coco/val2017/000000257370.jpg,two people are playing a baseball video game,0.0,100.0,0.0743289478123188,0.0
libragrad,/media/crk/vol3/rt/coco/val2017/000000257370.jpg,two people are playing a baseball video game,0.620706845074892,0.0,0.0,0.0
fusion,/media/crk/vol3/rt/coco/val2017/000000257370.jpg,two people are playing a baseball video game,0.0,100.0,0.0,0.0
m2ib,/media/crk/vol3/rt/coco/val2017/000000191672.jpg,a person riding a skate board on a wave,2.97352634370327,0.0,1.2361358851194382,0.0
lciba,/media/crk/vol3/rt/coco/val2017/000000191672.jpg,a person riding a skate board on a wave,2.30674110352993,0.0,0.0037614256143569946,0.0
libragrad,/media/crk/vol3/rt/coco/val2017/000000191672.jpg,a person riding a skate board on a wave,3.2918598502874374,0.0,0.0,0.0
fusion,/media/crk/vol3/rt/coco/val2017/000000191672.jpg,a person riding a skate board on a wave,4.807081446051598,0.0,1.2785717844963074,0.0
m2ib,/media/crk/vol3/rt/coco/val2017/000000464824.jpg,A person is bending over to pick something off the ground.,2.1612081676721573,0.0,0.08812043815851212,0.0
lciba,/media/crk/vol3/rt/coco/val2017/000000464824.jpg,A person is bending over to pick something off the ground.,2.234255149960518,0.0,0.5812592804431915,0.0
libragrad,/media/crk/vol3/rt/coco/val2017/000000464824.jpg,A person is bending over to pick something off the ground.,2.2455675527453423,0.0,0.0,0.0
fusion,/media/crk/vol3/rt/coco/val2017/000000464824.jpg,A person is bending over to pick something off the ground.,2.298332564532757,0.0,0.05690567195415497,0.0
m2ib,/media/crk/vol3/rt/coco/val2017/000000042102.jpg,A young man is dressed in a school skirt outfit.,1.8323885276913643,0.0,0.6215754896402359,0.0
lciba,/media/crk/vol3/rt/coco/val2017/000000042102.jpg,A young man is dressed in a school skirt outfit.,2.023157477378845,0.0,0.5696061998605728,0.0
libragrad,/media/crk/vol3/rt/coco/val2017/000000042102.jpg,A young man is dressed in a school skirt outfit.,1.0538635775446892,0.0,0.0,0.0
fusion,/media/crk/vol3/rt/coco/val2017/000000042102.jpg,A young man is dressed in a school skirt outfit.,2.548753470182419,0.0,0.0,0.0
m2ib,/media/crk/vol3/rt/coco/val2017/000000555005.jpg,The large dog is asleep on a couch.,0.0,100.0,0.0,100.0
lciba,/media/crk/vol3/rt/coco/val2017/000000555005.jpg,The large dog is asleep on a couch.,0.08590146899223328,0.0,0.35818377509713173,0.0
libragrad,/media/crk/vol3/rt/coco/val2017/000000555005.jpg,The large dog is asleep on a couch.,1.2242508120834827,0.0,0.0,0.0
fusion,/media/crk/vol3/rt/coco/val2017/000000555005.jpg,The large dog is asleep on a couch.,0.0677173025906086,0.0,0.036071985960006714,0.0
m2ib,/media/crk/vol3/rt/coco/val2017/000000357888.jpg,a man wearing an orange shirt holding up a tiny kite,0.7949821650981903,0.0,0.0009022653102874756,0.0
lciba,/media/crk/vol3/rt/coco/val2017/000000357888.jpg,a man wearing an orange shirt holding up a tiny kite,2.6844289153814316,0.0,0.14624670147895813,0.0
libragrad,/media/crk/vol3/rt/coco/val2017/000000357888.jpg,a man wearing an orange shirt holding up a tiny kite,2.1538853645324707,0.0,0.0,0.0
fusion,/media/crk/vol3/rt/coco/val2017/000000357888.jpg,a man wearing an orange shirt holding up a tiny kite,1.0422565042972565,0.0,0.0,0.0
m2ib,/media/crk/vol3/rt/coco/val2017/000000022479.jpg,The skateboarder wears headphones while jumping to grab his board.,2.0099472254514694,0.0,0.7615923881530762,0.0
lciba,/media/crk/vol3/rt/coco/val2017/000000022479.jpg,The skateboarder wears headphones while jumping to grab his board.,1.3460643589496613,0.0,0.13263896107673645,0.0
libragrad,/media/crk/vol3/rt/coco/val2017/000000022479.jpg,The skateboarder wears headphones while jumping to grab his board.,3.9755336940288544,0.0,0.0,0.0
fusion,/media/crk/vol3/rt/coco/val2017/000000022479.jpg,The skateboarder wears headphones while jumping to grab his board.,2.919844165444374,0.0,0.0586923211812973,0.0
m2ib,/media/crk/vol3/rt/coco/val2017/000000131556.jpg,a man skiing along a rail on the snowy hill ,4.003443941473961,0.0,0.11808574199676514,0.0
lciba,/media/crk/vol3/rt/coco/val2017/000000131556.jpg,a man skiing along a rail on the snowy hill ,2.2908106446266174,0.0,0.3167279064655304,0.0
libragrad,/media/crk/vol3/rt/coco/val2017/000000131556.jpg,a man skiing along a rail on the snowy hill ,3.2078418880701065,0.0,0.0,0.0
fusion,/media/crk/vol3/rt/coco/val2017/000000131556.jpg,a man skiing along a rail on the snowy hill ,5.393446609377861,0.0,0.0,100.0
m2ib,/media/crk/vol3/rt/coco/val2017/000000493905.jpg,A male Tennis player is trying to secure the ball. ,1.05639286339283,0.0,0.030775368213653564,0.0
lciba,/media/crk/vol3/rt/coco/val2017/000000493905.jpg,A male Tennis player is trying to secure the ball. ,1.6086472198367119,0.0,0.009238719940185547,0.0
libragrad,/media/crk/vol3/rt/coco/val2017/000000493905.jpg,A male Tennis player is trying to secure the ball. ,1.3249404728412628,0.0,0.0,0.0
fusion,/media/crk/vol3/rt/coco/val2017/000000493905.jpg,A male Tennis player is trying to secure the ball. ,0.0,100.0,0.005952268838882446,0.0
m2ib,/media/crk/vol3/rt/coco/val2017/000000304560.jpg,A black ct with green eyes sitting in the sun.,0.08308850228786469,0.0,0.018358975648880005,0.0
lciba,/media/crk/vol3/rt/coco/val2017/000000304560.jpg,A black ct with green eyes sitting in the sun.,0.0,100.0,0.4605144262313843,0.0
libragrad,/media/crk/vol3/rt/coco/val2017/000000304560.jpg,A black ct with green eyes sitting in the sun.,0.7975637912750244,0.0,0.0,0.0
fusion,/media/crk/vol3/rt/coco/val2017/000000304560.jpg,A black ct with green eyes sitting in the sun.,1.0247569531202316,0.0,0.0,100.0
m2ib,/media/crk/vol3/rt/coco/val2017/000000260470.jpg,A counter topped with a large white frosted cake sitting next to small pastry.,0.11899527162313461,0.0,0.07599964737892151,0.0
lciba,/media/crk/vol3/rt/coco/val2017/000000260470.jpg,A counter topped with a large white frosted cake sitting next to small pastry.,0.6282763555645943,0.0,0.4826106131076813,0.0
libragrad,/media/crk/vol3/rt/coco/val2017/000000260470.jpg,A counter topped with a large white frosted cake sitting next to small pastry.,0.0,100.0,0.0,0.0
fusion,/media/crk/vol3/rt/coco/val2017/000000260470.jpg,A counter topped with a large white frosted cake sitting next to small pastry.,2.3165682330727577,0.0,0.0,0.0
m2ib,/media/crk/vol3/rt/coco/val2017/000000162581.jpg,A man wearing a white tshirt hits a tennis ball.,0.0,100.0,0.0,100.0
lciba,/media/crk/vol3/rt/coco/val2017/000000162581.jpg,A man wearing a white tshirt hits a tennis ball.,0.0,100.0,0.0,100.0
libragrad,/media/crk/vol3/rt/coco/val2017/000000162581.jpg,A man wearing a white tshirt hits a tennis ball.,0.0,100.0,0.0,0.0
fusion,/media/crk/vol3/rt/coco/val2017/000000162581.jpg,A man wearing a white tshirt hits a tennis ball.,0.0,100.0,0.0,0.0
m2ib,/media/crk/vol3/rt/coco/val2017/000000507667.jpg,A map of the Boston subway printed on a statue of a cow.,0.0,100.0,0.2610103227198124,0.0
lciba,/media/crk/vol3/rt/coco/val2017/000000507667.jpg,A map of the Boston subway printed on a statue of a cow.,0.0,100.0,0.4264155402779579,0.0
libragrad,/media/crk/vol3/rt/coco/val2017/000000507667.jpg,A map of the Boston subway printed on a statue of a cow.,0.0,100.0,0.0,0.0
fusion,/media/crk/vol3/rt/coco/val2017/000000507667.jpg,A map of the Boston subway printed on a statue of a cow.,1.1187566444277763,0.0,0.004715006798505783,0.0
m2ib,/media/crk/vol3/rt/coco/val2017/000000189752.jpg,That salad and pizza make a filling lunch.,0.0,100.0,0.4608782008290291,0.0
lciba,/media/crk/vol3/rt/coco/val2017/000000189752.jpg,That salad and pizza make a filling lunch.,0.0,100.0,0.61241015791893,0.0
libragrad,/media/crk/vol3/rt/coco/val2017/000000189752.jpg,That salad and pizza make a filling lunch.,0.0,100.0,0.0,0.0
fusion,/media/crk/vol3/rt/coco/val2017/000000189752.jpg,That salad and pizza make a filling lunch.,0.0,100.0,0.0006342306733131409,0.0
m2ib,/media/crk/vol3/rt/coco/val2017/000000259640.jpg,people walking around a tamale truck and a building ,0.46987105160951614,0.0,0.08497685194015503,0.0
lciba,/media/crk/vol3/rt/coco/val2017/000000259640.jpg,people walking around a tamale truck and a building ,0.0,100.0,0.13448670506477356,0.0
libragrad,/media/crk/vol3/rt/coco/val2017/000000259640.jpg,people walking around a tamale truck and a building ,0.8073469623923302,0.0,0.0,0.0
fusion,/media/crk/vol3/rt/coco/val2017/000000259640.jpg,people walking around a tamale truck and a building ,2.018449641764164,0.0,0.0,0.0
m2ib,/media/crk/vol3/rt/coco/val2017/000000286553.jpg,A copse of men sitting next to each other at a table.,0.34313201904296875,0.0,0.4847083240747452,0.0
lciba,/media/crk/vol3/rt/coco/val2017/000000286553.jpg,A copse of men sitting next to each other at a table.,0.1540251076221466,0.0,0.1261979341506958,0.0
libragrad,/media/crk/vol3/rt/coco/val2017/000000286553.jpg,A copse of men sitting next to each other at a table.,2.6546981185674667,0.0,0.0,0.0
fusion,/media/crk/vol3/rt/coco/val2017/000000286553.jpg,A copse of men sitting next to each other at a table.,3.291027620434761,0.0,0.4076700657606125,0.0
m2ib,/media/crk/vol3/rt/coco/val2017/000000080949.jpg,A KITTEN NAPPING ON THE KEYBOARD OF A LAPTOP.,0.0,100.0,0.0,0.0
lciba,/media/crk/vol3/rt/coco/val2017/000000080949.jpg,A KITTEN NAPPING ON THE KEYBOARD OF A LAPTOP.,0.0,100.0,0.43579526245594025,0.0
libragrad,/media/crk/vol3/rt/coco/val2017/000000080949.jpg,A KITTEN NAPPING ON THE KEYBOARD OF A LAPTOP.,0.0,100.0,0.0,0.0
fusion,/media/crk/vol3/rt/coco/val2017/000000080949.jpg,A KITTEN NAPPING ON THE KEYBOARD OF A LAPTOP.,0.6887906230986118,0.0,0.0,0.0
m2ib,/media/crk/vol3/rt/coco/val2017/000000263644.jpg,The antique bed has elaborate wood decoration on the frame..,0.0,100.0,0.0,100.0
lciba,/media/crk/vol3/rt/coco/val2017/000000263644.jpg,The antique bed has elaborate wood decoration on the frame..,1.101461797952652,0.0,0.44512953609228134,0.0
libragrad,/media/crk/vol3/rt/coco/val2017/000000263644.jpg,The antique bed has elaborate wood decoration on the frame..,0.0,100.0,0.0,0.0
fusion,/media/crk/vol3/rt/coco/val2017/000000263644.jpg,The antique bed has elaborate wood decoration on the frame..,0.0,100.0,0.01065041869878769,0.0
m2ib,/media/crk/vol3/rt/coco/val2017/000000338325.jpg,A striped plane flying up into the sky as the sun shines behind it.,0.0,100.0,0.8742719888687134,0.0
lciba,/media/crk/vol3/rt/coco/val2017/000000338325.jpg,A striped plane flying up into the sky as the sun shines behind it.,0.5424443632364273,0.0,0.9622141718864441,0.0
libragrad,/media/crk/vol3/rt/coco/val2017/000000338325.jpg,A striped plane flying up into the sky as the sun shines behind it.,0.0,100.0,0.0,0.0
fusion,/media/crk/vol3/rt/coco/val2017/000000338325.jpg,A striped plane flying up into the sky as the sun shines behind it.,0.0,100.0,0.0,100.0
m2ib,/media/crk/vol3/rt/coco/val2017/000000198510.jpg,A person holds a bag while walking on train tracks.,1.453695073723793,0.0,0.6835687905550003,0.0
lciba,/media/crk/vol3/rt/coco/val2017/000000198510.jpg,A person holds a bag while walking on train tracks.,2.869209460914135,0.0,0.3550443798303604,0.0
libragrad,/media/crk/vol3/rt/coco/val2017/000000198510.jpg,A person holds a bag while walking on train tracks.,1.3425365090370178,0.0,0.0,0.0
fusion,/media/crk/vol3/rt/coco/val2017/000000198510.jpg,A person holds a bag while walking on train tracks.,0.0,100.0,0.6081894040107727,0.0
m2ib,/media/crk/vol3/rt/coco/val2017/000000535156.jpg,A large elephant scratching it's back on the side of a pole.,0.685412809252739,0.0,0.00965893268585205,0.0
lciba,/media/crk/vol3/rt/coco/val2017/000000535156.jpg,A large elephant scratching it's back on the side of a pole.,0.050292909145355225,0.0,0.245719775557518,0.0
libragrad,/media/crk/vol3/rt/coco/val2017/000000535156.jpg,A large elephant scratching it's back on the side of a pole.,2.0017478615045547,0.0,0.0,0.0
fusion,/media/crk/vol3/rt/coco/val2017/000000535156.jpg,A large elephant scratching it's back on the side of a pole.,3.9290249347686768,0.0,0.0,0.0
m2ib,/media/crk/vol3/rt/coco/val2017/000000013348.jpg,a large air plane on a terminal ,2.047547325491905,0.0,1.2178730219602585,0.0
lciba,/media/crk/vol3/rt/coco/val2017/000000013348.jpg,a large air plane on a terminal ,6.0355044901371,0.0,1.0503639467060566,0.0
libragrad,/media/crk/vol3/rt/coco/val2017/000000013348.jpg,a large air plane on a terminal ,3.1859684735536575,0.0,0.0,0.0
fusion,/media/crk/vol3/rt/coco/val2017/000000013348.jpg,a large air plane on a terminal ,1.4549938961863518,0.0,0.0,0.0
m2ib,/media/crk/vol3/rt/coco/val2017/000000338718.jpg,A street sign reading Cambridge st and Norfolk st's crossing lies broken on the ground. ,1.519924309104681,0.0,0.03868844360113144,0.0
lciba,/media/crk/vol3/rt/coco/val2017/000000338718.jpg,A street sign reading Cambridge st and Norfolk st's crossing lies broken on the ground. ,0.0,100.0,0.3927149809896946,0.0
libragrad,/media/crk/vol3/rt/coco/val2017/000000338718.jpg,A street sign reading Cambridge st and Norfolk st's crossing lies broken on the ground. ,1.0933170095086098,0.0,0.0,0.0
fusion,/media/crk/vol3/rt/coco/val2017/000000338718.jpg,A street sign reading Cambridge st and Norfolk st's crossing lies broken on the ground. ,4.090322181582451,0.0,0.0,0.0
m2ib,/media/crk/vol3/rt/coco/val2017/000000450758.jpg,A herd of giraffe running across a field.,1.821993850171566,0.0,0.030582118779420853,0.0
lciba,/media/crk/vol3/rt/coco/val2017/000000450758.jpg,A herd of giraffe running across a field.,0.0,100.0,0.10075466707348824,0.0
libragrad,/media/crk/vol3/rt/coco/val2017/000000450758.jpg,A herd of giraffe running across a field.,0.058483704924583435,0.0,0.0,0.0
fusion,/media/crk/vol3/rt/coco/val2017/000000450758.jpg,A herd of giraffe running across a field.,0.0,100.0,1.0985522530972958,0.0
m2ib,/media/crk/vol3/rt/coco/val2017/000000497628.jpg,A bedroom with a bed that has an ornate frame.,0.2013028133660555,0.0,0.02589244395494461,0.0
lciba,/media/crk/vol3/rt/coco/val2017/000000497628.jpg,A bedroom with a bed that has an ornate frame.,0.0,100.0,0.7495798170566559,0.0
libragrad,/media/crk/vol3/rt/coco/val2017/000000497628.jpg,A bedroom with a bed that has an ornate frame.,1.647583395242691,0.0,0.0,0.0
fusion,/media/crk/vol3/rt/coco/val2017/000000497628.jpg,A bedroom with a bed that has an ornate frame.,1.4292854815721512,0.0,0.0,0.0
m2ib,/media/crk/vol3/rt/coco/val2017/000000210032.jpg,Two birds preparing to eat food off of a plate that was left on a table outside by the ocean.,2.037215232849121,0.0,0.12206844985485077,0.0
lciba,/media/crk/vol3/rt/coco/val2017/000000210032.jpg,Two birds preparing to eat food off of a plate that was left on a table outside by the ocean.,2.4036429822444916,0.0,0.003118067979812622,0.0
libragrad,/media/crk/vol3/rt/coco/val2017/000000210032.jpg,Two birds preparing to eat food off of a plate that was left on a table outside by the ocean.,3.264041990041733,0.0,0.04279874265193939,0.0
fusion,/media/crk/vol3/rt/coco/val2017/000000210032.jpg,Two birds preparing to eat food off of a plate that was left on a table outside by the ocean.,3.225083649158478,0.0,0.0,100.0
m2ib,/media/crk/vol3/rt/coco/val2017/000000060102.jpg,Two opponents are playing during a soccor game.,1.6638757660984993,0.0,0.2929266542196274,0.0
lciba,/media/crk/vol3/rt/coco/val2017/000000060102.jpg,Two opponents are playing during a soccor game.,0.11050831526517868,0.0,0.6436051800847054,0.0
libragrad,/media/crk/vol3/rt/coco/val2017/000000060102.jpg,Two opponents are playing during a soccor game.,1.8655428662896156,0.0,0.0,0.0
fusion,/media/crk/vol3/rt/coco/val2017/000000060102.jpg,Two opponents are playing during a soccor game.,0.8009202778339386,0.0,0.009582191705703735,0.0
m2ib,/media/crk/vol3/rt/coco/val2017/000000259597.jpg,A little kid pointing his camera at a stage where people are dressed up.,1.9899867475032806,0.0,0.0,100.0
lciba,/media/crk/vol3/rt/coco/val2017/000000259597.jpg,A little kid pointing his camera at a stage where people are dressed up.,2.5743959471583366,0.0,0.0,100.0
libragrad,/media/crk/vol3/rt/coco/val2017/000000259597.jpg,A little kid pointing his camera at a stage where people are dressed up.,0.6226319819688797,0.0,0.0,0.0
fusion,/media/crk/vol3/rt/coco/val2017/000000259597.jpg,A little kid pointing his camera at a stage where people are dressed up.,0.0,100.0,0.0,100.0
m2ib,/media/crk/vol3/rt/coco/val2017/000000466339.jpg,A wooden door in front of an entrance next to a black cat.,0.505521148443222,0.0,0.05826577544212341,0.0
lciba,/media/crk/vol3/rt/coco/val2017/000000466339.jpg,A wooden door in front of an entrance next to a black cat.,0.5910790525376797,0.0,0.8734134025871754,0.0
libragrad,/media/crk/vol3/rt/coco/val2017/000000466339.jpg,A wooden door in front of an entrance next to a black cat.,0.04385039210319519,0.0,0.0,100.0
fusion,/media/crk/vol3/rt/coco/val2017/000000466339.jpg,A wooden door in front of an entrance next to a black cat.,1.2953054159879684,0.0,0.0,100.0
m2ib,/media/crk/vol3/rt/coco/val2017/000000260106.jpg,A man jumping a brown horse over an obstacle.,1.5466086566448212,0.0,0.0,100.0
lciba,/media/crk/vol3/rt/coco/val2017/000000260106.jpg,A man jumping a brown horse over an obstacle.,0.8544294163584709,0.0,0.0,100.0
libragrad,/media/crk/vol3/rt/coco/val2017/000000260106.jpg,A man jumping a brown horse over an obstacle.,1.8106231465935707,0.0,0.0,0.0
fusion,/media/crk/vol3/rt/coco/val2017/000000260106.jpg,A man jumping a brown horse over an obstacle.,3.3020533621311188,0.0,0.0,100.0
m2ib,/media/crk/vol3/rt/coco/val2017/000000530457.jpg,A vase filled with red and orange flowers.,0.0,100.0,0.02216324210166931,0.0
lciba,/media/crk/vol3/rt/coco/val2017/000000530457.jpg,A vase filled with red and orange flowers.,0.0,100.0,1.0053670033812523,0.0
libragrad,/media/crk/vol3/rt/coco/val2017/000000530457.jpg,A vase filled with red and orange flowers.,0.0,100.0,0.0,0.0
fusion,/media/crk/vol3/rt/coco/val2017/000000530457.jpg,A vase filled with red and orange flowers.,0.0,100.0,0.0,0.0
m2ib,/media/crk/vol3/rt/coco/val2017/000000174482.jpg,a blue bike parked on a side walk ,2.2343382239341736,0.0,0.464098434895277,0.0
lciba,/media/crk/vol3/rt/coco/val2017/000000174482.jpg,a blue bike parked on a side walk ,1.1234503239393234,0.0,0.4435526207089424,0.0
libragrad,/media/crk/vol3/rt/coco/val2017/000000174482.jpg,a blue bike parked on a side walk ,2.1876156330108643,0.0,0.0,0.0
fusion,/media/crk/vol3/rt/coco/val2017/000000174482.jpg,a blue bike parked on a side walk ,2.063015103340149,0.0,0.033611804246902466,0.0
m2ib,/media/crk/vol3/rt/coco/val2017/000000130386.jpg,A sign on the side of a busy street outside a shopping center,0.0,100.0,0.047866255044937134,0.0
lciba,/media/crk/vol3/rt/coco/val2017/000000130386.jpg,A sign on the side of a busy street outside a shopping center,0.0,100.0,0.07203221321105957,0.0
libragrad,/media/crk/vol3/rt/coco/val2017/000000130386.jpg,A sign on the side of a busy street outside a shopping center,0.0,100.0,0.0,0.0
fusion,/media/crk/vol3/rt/coco/val2017/000000130386.jpg,A sign on the side of a busy street outside a shopping center,0.7604354992508888,0.0,0.0,0.0
m2ib,/media/crk/vol3/rt/coco/val2017/000000505573.jpg,A dog wears a tie while on the steps,0.0,100.0,0.762857124209404,0.0
lciba,/media/crk/vol3/rt/coco/val2017/000000505573.jpg,A dog wears a tie while on the steps,0.0,100.0,0.19257701933383942,0.0
libragrad,/media/crk/vol3/rt/coco/val2017/000000505573.jpg,A dog wears a tie while on the steps,0.9697504341602325,0.0,0.0,0.0
fusion,/media/crk/vol3/rt/coco/val2017/000000505573.jpg,A dog wears a tie while on the steps,0.9440278634428978,0.0,0.015586614608764648,0.0
m2ib,/media/crk/vol3/rt/coco/val2017/000000286523.jpg,A man talking on his cell phone with his other hand in his ear.,0.8918462321162224,0.0,0.26513123884797096,0.0
lciba,/media/crk/vol3/rt/coco/val2017/000000286523.jpg,A man talking on his cell phone with his other hand in his ear.,2.3750990629196167,0.0,0.46804873272776604,0.0
libragrad,/media/crk/vol3/rt/coco/val2017/000000286523.jpg,A man talking on his cell phone with his other hand in his ear.,1.350079756230116,0.0,0.0,0.0
fusion,/media/crk/vol3/rt/coco/val2017/000000286523.jpg,A man talking on his cell phone with his other hand in his ear.,0.6814254447817802,0.0,0.03407835029065609,0.0
m2ib,/media/crk/vol3/rt/coco/val2017/000000523241.jpg,A busy street with several lanes and a crossing sign in the foreground.,4.143741354346275,0.0,0.06563831120729446,0.0
lciba,/media/crk/vol3/rt/coco/val2017/000000523241.jpg,A busy street with several lanes and a crossing sign in the foreground.,4.341546446084976,0.0,2.542804554104805,0.0
libragrad,/media/crk/vol3/rt/coco/val2017/000000523241.jpg,A busy street with several lanes and a crossing sign in the foreground.,5.018957331776619,0.0,0.0,0.0
fusion,/media/crk/vol3/rt/coco/val2017/000000523241.jpg,A busy street with several lanes and a crossing sign in the foreground.,3.5877160727977753,0.0,0.0,0.0
m2ib,/media/crk/vol3/rt/coco/val2017/000000190637.jpg,a small child laying in bed playing nintendo wii,1.6375001519918442,0.0,0.0,100.0
lciba,/media/crk/vol3/rt/coco/val2017/000000190637.jpg,a small child laying in bed playing nintendo wii,0.6405346095561981,0.0,0.0,100.0
libragrad,/media/crk/vol3/rt/coco/val2017/000000190637.jpg,a small child laying in bed playing nintendo wii,2.258085086941719,0.0,0.0,0.0
fusion,/media/crk/vol3/rt/coco/val2017/000000190637.jpg,a small child laying in bed playing nintendo wii,1.1092469096183777,0.0,0.0,0.0
m2ib,/media/crk/vol3/rt/coco/val2017/000000382030.jpg,A wig sitting next to a pair of shoes on top of a table.,0.0,100.0,1.4269087463617325,0.0
lciba,/media/crk/vol3/rt/coco/val2017/000000382030.jpg,A wig sitting next to a pair of shoes on top of a table.,0.0,100.0,1.412016712129116,0.0
libragrad,/media/crk/vol3/rt/coco/val2017/000000382030.jpg,A wig sitting next to a pair of shoes on top of a table.,0.0,100.0,1.407703384757042,0.0
fusion,/media/crk/vol3/rt/coco/val2017/000000382030.jpg,A wig sitting next to a pair of shoes on top of a table.,1.5943046659231186,0.0,0.017057452350854874,0.0
m2ib,/media/crk/vol3/rt/coco/val2017/000000025393.jpg,a couple of men in ties are outside,0.541943684220314,0.0,1.7555247992277145,0.0
lciba,/media/crk/vol3/rt/coco/val2017/000000025393.jpg,a couple of men in ties are outside,0.7074294611811638,0.0,0.0,100.0
libragrad,/media/crk/vol3/rt/coco/val2017/000000025393.jpg,a couple of men in ties are outside,0.0,100.0,0.0,0.0
fusion,/media/crk/vol3/rt/coco/val2017/000000025393.jpg,a couple of men in ties are outside,0.790875032544136,0.0,0.02763606607913971,0.0
m2ib,/media/crk/vol3/rt/coco/val2017/000000549674.jpg,Two computer monitors are turned on on a computer desk.,0.04950016736984253,0.0,0.0689605250954628,0.0
lciba,/media/crk/vol3/rt/coco/val2017/000000549674.jpg,Two computer monitors are turned on on a computer desk.,0.23005157709121704,0.0,0.10939864441752434,0.0
libragrad,/media/crk/vol3/rt/coco/val2017/000000549674.jpg,Two computer monitors are turned on on a computer desk.,0.4249177873134613,0.0,0.0,0.0
fusion,/media/crk/vol3/rt/coco/val2017/000000549674.jpg,Two computer monitors are turned on on a computer desk.,1.6193285584449768,0.0,0.0,0.0
m2ib,/media/crk/vol3/rt/coco/val2017/000000325306.jpg,A zebra that is bending it's neck backwards to reach it's tail.,0.49807727336883545,0.0,0.06520822644233704,0.0
lciba,/media/crk/vol3/rt/coco/val2017/000000325306.jpg,A zebra that is bending it's neck backwards to reach it's tail.,0.06461925804615021,0.0,0.27563199400901794,0.0
libragrad,/media/crk/vol3/rt/coco/val2017/000000325306.jpg,A zebra that is bending it's neck backwards to reach it's tail.,1.9958702847361565,0.0,0.0,0.0
fusion,/media/crk/vol3/rt/coco/val2017/000000325306.jpg,A zebra that is bending it's neck backwards to reach it's tail.,2.4585939943790436,0.0,0.0,0.0
m2ib,/media/crk/vol3/rt/coco/val2017/000000578792.jpg,A person is leaning low on their motorcycle on the tracks.,1.2890039011836052,0.0,0.12280568480491638,0.0
lciba,/media/crk/vol3/rt/coco/val2017/000000578792.jpg,A person is leaning low on their motorcycle on the tracks.,2.094465307891369,0.0,0.3607064485549927,0.0
libragrad,/media/crk/vol3/rt/coco/val2017/000000578792.jpg,A person is leaning low on their motorcycle on the tracks.,1.4439119026064873,0.0,0.0,0.0
fusion,/media/crk/vol3/rt/coco/val2017/000000578792.jpg,A person is leaning low on their motorcycle on the tracks.,0.0,100.0,0.0,0.0
m2ib,/media/crk/vol3/rt/coco/val2017/000000004395.jpg,A man in a shirt and tie motioning with his hand.,0.006919354200363159,0.0,0.03127381205558777,0.0
lciba,/media/crk/vol3/rt/coco/val2017/000000004395.jpg,A man in a shirt and tie motioning with his hand.,0.8908919990062714,0.0,0.5737483501434326,0.0
libragrad,/media/crk/vol3/rt/coco/val2017/000000004395.jpg,A man in a shirt and tie motioning with his hand.,0.0,100.0,0.0,0.0
fusion,/media/crk/vol3/rt/coco/val2017/000000004395.jpg,A man in a shirt and tie motioning with his hand.,0.11258460581302643,0.0,0.04354342818260193,0.0
m2ib,/media/crk/vol3/rt/coco/val2017/000000151938.jpg,A long wooden table with a woman sitting under an umbrella.,0.0,100.0,0.3523951396346092,0.0
lciba,/media/crk/vol3/rt/coco/val2017/000000151938.jpg,A long wooden table with a woman sitting under an umbrella.,0.0,100.0,0.3475736826658249,0.0
libragrad,/media/crk/vol3/rt/coco/val2017/000000151938.jpg,A long wooden table with a woman sitting under an umbrella.,0.0,100.0,0.0,0.0
fusion,/media/crk/vol3/rt/coco/val2017/000000151938.jpg,A long wooden table with a woman sitting under an umbrella.,0.0,100.0,0.3668518736958504,0.0
m2ib,/media/crk/vol3/rt/coco/val2017/000000102356.jpg,Woman on a motorcycle with a sidecar in front of scenic backdrop in a showroom.,0.40207337588071823,0.0,0.11272262781858444,0.0
lciba,/media/crk/vol3/rt/coco/val2017/000000102356.jpg,Woman on a motorcycle with a sidecar in front of scenic backdrop in a showroom.,2.78294887393713,0.0,0.36962367594242096,0.0
libragrad,/media/crk/vol3/rt/coco/val2017/000000102356.jpg,Woman on a motorcycle with a sidecar in front of scenic backdrop in a showroom.,2.800537273287773,0.0,0.0,0.0
fusion,/media/crk/vol3/rt/coco/val2017/000000102356.jpg,Woman on a motorcycle with a sidecar in front of scenic backdrop in a showroom.,2.707262337207794,0.0,0.0,100.0
m2ib,/media/crk/vol3/rt/coco/val2017/000000529122.jpg,The people are selecting their donuts at the counter.,3.8479242473840714,0.0,0.009623914957046509,0.0
lciba,/media/crk/vol3/rt/coco/val2017/000000529122.jpg,The people are selecting their donuts at the counter.,4.4796716421842575,0.0,0.7122006267309189,0.0
libragrad,/media/crk/vol3/rt/coco/val2017/000000529122.jpg,The people are selecting their donuts at the counter.,4.4289808720350266,0.0,0.0,0.0
fusion,/media/crk/vol3/rt/coco/val2017/000000529122.jpg,The people are selecting their donuts at the counter.,5.278220772743225,0.0,0.0,0.0
m2ib,/media/crk/vol3/rt/coco/val2017/000000033759.jpg,A boy swinging a baseball bat at a game.,1.5985677018761635,0.0,0.014106370508670807,0.0
lciba,/media/crk/vol3/rt/coco/val2017/000000033759.jpg,A boy swinging a baseball bat at a game.,2.0544206723570824,0.0,0.0565648078918457,0.0
libragrad,/media/crk/vol3/rt/coco/val2017/000000033759.jpg,A boy swinging a baseball bat at a game.,0.7592197507619858,0.0,0.0,0.0
fusion,/media/crk/vol3/rt/coco/val2017/000000033759.jpg,A boy swinging a baseball bat at a game.,0.8200535550713539,0.0,0.0,0.0
m2ib,/media/crk/vol3/rt/coco/val2017/000000521717.jpg,A woman on a tennis court is swinging a racquet.,0.0,100.0,0.3440883010625839,0.0
lciba,/media/crk/vol3/rt/coco/val2017/000000521717.jpg,A woman on a tennis court is swinging a racquet.,0.0,100.0,0.0,100.0
libragrad,/media/crk/vol3/rt/coco/val2017/000000521717.jpg,A woman on a tennis court is swinging a racquet.,0.0,100.0,0.0,0.0
fusion,/media/crk/vol3/rt/coco/val2017/000000521717.jpg,A woman on a tennis court is swinging a racquet.,0.724303349852562,0.0,0.0,0.0
m2ib,/media/crk/vol3/rt/coco/val2017/000000122046.jpg,A woman is sitting in a chair with an umbrella.,0.23674694821238518,0.0,1.5962682664394379,0.0
lciba,/media/crk/vol3/rt/coco/val2017/000000122046.jpg,A woman is sitting in a chair with an umbrella.,0.0,100.0,0.0,100.0
libragrad,/media/crk/vol3/rt/coco/val2017/000000122046.jpg,A woman is sitting in a chair with an umbrella.,0.8723719976842403,0.0,0.0,0.0
fusion,/media/crk/vol3/rt/coco/val2017/000000122046.jpg,A woman is sitting in a chair with an umbrella.,0.3675083629786968,0.0,0.0,0.0
m2ib,/media/crk/vol3/rt/coco/val2017/000000374727.jpg,A street sign showing four different roads on it,0.0622481107711792,0.0,0.0,100.0
lciba,/media/crk/vol3/rt/coco/val2017/000000374727.jpg,A street sign showing four different roads on it,1.9642673432826996,0.0,0.3699593245983124,0.0
libragrad,/media/crk/vol3/rt/coco/val2017/000000374727.jpg,A street sign showing four different roads on it,1.1223085224628448,0.0,0.0,0.0
fusion,/media/crk/vol3/rt/coco/val2017/000000374727.jpg,A street sign showing four different roads on it,2.770499885082245,0.0,0.0,0.0
m2ib,/media/crk/vol3/rt/coco/val2017/000000231097.jpg,A nearly empty plate containing broccoli and brown sauce.,4.511819779872894,0.0,1.1431224644184113,0.0
lciba,/media/crk/vol3/rt/coco/val2017/000000231097.jpg,A nearly empty plate containing broccoli and brown sauce.,4.031273350119591,0.0,0.31581372022628784,0.0
libragrad,/media/crk/vol3/rt/coco/val2017/000000231097.jpg,A nearly empty plate containing broccoli and brown sauce.,4.766525328159332,0.0,0.0,0.0
fusion,/media/crk/vol3/rt/coco/val2017/000000231097.jpg,A nearly empty plate containing broccoli and brown sauce.,3.530888259410858,0.0,0.0,0.0
m2ib,/media/crk/vol3/rt/coco/val2017/000000369812.jpg,"Various street signs including one that reads ""Newlon Hale Village.""",0.0,100.0,0.0,0.0
lciba,/media/crk/vol3/rt/coco/val2017/000000369812.jpg,"Various street signs including one that reads ""Newlon Hale Village.""",0.0,100.0,0.10842569172382355,0.0
libragrad,/media/crk/vol3/rt/coco/val2017/000000369812.jpg,"Various street signs including one that reads ""Newlon Hale Village.""",0.0,100.0,0.0,0.0
fusion,/media/crk/vol3/rt/coco/val2017/000000369812.jpg,"Various street signs including one that reads ""Newlon Hale Village.""",0.0,100.0,0.0,0.0
m2ib,/media/crk/vol3/rt/coco/val2017/000000230450.jpg,there is a large building under construction and many parking meters,3.196234628558159,0.0,0.0,0.0
lciba,/media/crk/vol3/rt/coco/val2017/000000230450.jpg,there is a large building under construction and many parking meters,0.9318668395280838,0.0,1.3340936042368412,0.0
libragrad,/media/crk/vol3/rt/coco/val2017/000000230450.jpg,there is a large building under construction and many parking meters,1.9919628277420998,0.0,0.0,0.0
fusion,/media/crk/vol3/rt/coco/val2017/000000230450.jpg,there is a large building under construction and many parking meters,2.755659818649292,0.0,0.0,0.0
m2ib,/media/crk/vol3/rt/coco/val2017/000000423971.jpg,A toilet with an illuminated seat in a restroom.,0.0,100.0,0.07478687912225723,0.0
lciba,/media/crk/vol3/rt/coco/val2017/000000423971.jpg,A toilet with an illuminated seat in a restroom.,0.0,100.0,0.0,100.0
libragrad,/media/crk/vol3/rt/coco/val2017/000000423971.jpg,A toilet with an illuminated seat in a restroom.,0.0,100.0,0.0,0.0
fusion,/media/crk/vol3/rt/coco/val2017/000000423971.jpg,A toilet with an illuminated seat in a restroom.,0.12622401118278503,0.0,0.07180832326412201,0.0
m2ib,/media/crk/vol3/rt/coco/val2017/000000411530.jpg,A crowd of people standing on snow covered ground.,0.0,100.0,0.0574212521314621,0.0
lciba,/media/crk/vol3/rt/coco/val2017/000000411530.jpg,A crowd of people standing on snow covered ground.,0.7356703281402588,0.0,1.386964786797762,0.0
libragrad,/media/crk/vol3/rt/coco/val2017/000000411530.jpg,A crowd of people standing on snow covered ground.,0.5981441587209702,0.0,0.0,0.0
fusion,/media/crk/vol3/rt/coco/val2017/000000411530.jpg,A crowd of people standing on snow covered ground.,0.5415856838226318,0.0,0.003942660987377167,0.0
m2ib,/media/crk/vol3/rt/coco/val2017/000000323202.jpg,A toilet that has three sea shells on top.,0.8866574615240097,0.0,0.13056769967079163,0.0
lciba,/media/crk/vol3/rt/coco/val2017/000000323202.jpg,A toilet that has three sea shells on top.,1.3487562537193298,0.0,1.284908503293991,0.0
libragrad,/media/crk/vol3/rt/coco/val2017/000000323202.jpg,A toilet that has three sea shells on top.,1.9184425473213196,0.0,0.0,0.0
fusion,/media/crk/vol3/rt/coco/val2017/000000323202.jpg,A toilet that has three sea shells on top.,5.000024661421776,0.0,0.18939301371574402,0.0
m2ib,/media/crk/vol3/rt/coco/val2017/000000109827.jpg,A teddy bear leaning against a tree next to the road.,0.0,100.0,0.027088448405265808,0.0
lciba,/media/crk/vol3/rt/coco/val2017/000000109827.jpg,A teddy bear leaning against a tree next to the road.,0.24486277252435684,0.0,1.9978135824203491,0.0
libragrad,/media/crk/vol3/rt/coco/val2017/000000109827.jpg,A teddy bear leaning against a tree next to the road.,2.1724600344896317,0.0,0.0,0.0
fusion,/media/crk/vol3/rt/coco/val2017/000000109827.jpg,A teddy bear leaning against a tree next to the road.,0.0,100.0,0.025871768593788147,0.0
m2ib,/media/crk/vol3/rt/coco/val2017/000000210915.jpg,A man riding a surfboard on a wave in the ocean.,0.0,100.0,0.0,100.0
lciba,/media/crk/vol3/rt/coco/val2017/000000210915.jpg,A man riding a surfboard on a wave in the ocean.,0.0,100.0,0.04638656973838806,0.0
libragrad,/media/crk/vol3/rt/coco/val2017/000000210915.jpg,A man riding a surfboard on a wave in the ocean.,2.0828230306506157,0.0,0.0,0.0
fusion,/media/crk/vol3/rt/coco/val2017/000000210915.jpg,A man riding a surfboard on a wave in the ocean.,1.018400490283966,0.0,0.0,100.0
m2ib,/media/crk/vol3/rt/coco/val2017/000000105264.jpg,A group of young men standing on top of a sandy beach.,0.13703610748052597,0.0,0.9027784690260887,0.0
lciba,/media/crk/vol3/rt/coco/val2017/000000105264.jpg,A group of young men standing on top of a sandy beach.,1.6710953786969185,0.0,0.8652692660689354,0.0
libragrad,/media/crk/vol3/rt/coco/val2017/000000105264.jpg,A group of young men standing on top of a sandy beach.,0.7468568161129951,0.0,0.0,0.0
fusion,/media/crk/vol3/rt/coco/val2017/000000105264.jpg,A group of young men standing on top of a sandy beach.,5.011264979839325,0.0,0.029629655182361603,0.0
m2ib,/media/crk/vol3/rt/coco/val2017/000000365521.jpg,A skateboarder performing a trick on a skateboard.,0.0,100.0,1.6379419714212418,0.0
lciba,/media/crk/vol3/rt/coco/val2017/000000365521.jpg,A skateboarder performing a trick on a skateboard.,0.0,100.0,1.768813282251358,0.0
libragrad,/media/crk/vol3/rt/coco/val2017/000000365521.jpg,A skateboarder performing a trick on a skateboard.,0.0,100.0,0.0,0.0
fusion,/media/crk/vol3/rt/coco/val2017/000000365521.jpg,A skateboarder performing a trick on a skateboard.,0.4032536409795284,0.0,0.0,100.0
m2ib,/media/crk/vol3/rt/coco/val2017/000000499031.jpg,A group of two women and an older woman between them.,2.2137530148029327,0.0,1.7469905316829681,0.0
lciba,/media/crk/vol3/rt/coco/val2017/000000499031.jpg,A group of two women and an older woman between them.,1.1799145489931107,0.0,1.8497565761208534,0.0
libragrad,/media/crk/vol3/rt/coco/val2017/000000499031.jpg,A group of two women and an older woman between them.,1.7158418893814087,0.0,0.0,0.0
fusion,/media/crk/vol3/rt/coco/val2017/000000499031.jpg,A group of two women and an older woman between them.,1.7054248601198196,0.0,1.682334579527378,0.0
m2ib,/media/crk/vol3/rt/coco/val2017/000000409424.jpg,The fruit are arranges on the surface in a brown wicker basket.,0.7120268885046244,0.0,0.024906545877456665,0.0
lciba,/media/crk/vol3/rt/coco/val2017/000000409424.jpg,The fruit are arranges on the surface in a brown wicker basket.,1.1682065203785896,0.0,0.0,100.0
libragrad,/media/crk/vol3/rt/coco/val2017/000000409424.jpg,The fruit are arranges on the surface in a brown wicker basket.,0.6841226480901241,0.0,0.0,0.0
fusion,/media/crk/vol3/rt/coco/val2017/000000409424.jpg,The fruit are arranges on the surface in a brown wicker basket.,0.8862270973622799,0.0,0.0,0.0
m2ib,/media/crk/vol3/rt/coco/val2017/000000293300.jpg,Two large elephants standing next to a wire fence.,0.0,100.0,0.2168102189898491,0.0
lciba,/media/crk/vol3/rt/coco/val2017/000000293300.jpg,Two large elephants standing next to a wire fence.,0.38462989032268524,0.0,0.0,100.0
libragrad,/media/crk/vol3/rt/coco/val2017/000000293300.jpg,Two large elephants standing next to a wire fence.,0.0,100.0,0.0,0.0
fusion,/media/crk/vol3/rt/coco/val2017/000000293300.jpg,Two large elephants standing next to a wire fence.,0.0,100.0,0.0072062015533447266,0.0
m2ib,/media/crk/vol3/rt/coco/val2017/000000530061.jpg,A child sitting down in front of a bowl.,0.0,100.0,1.1891946196556091,0.0
lciba,/media/crk/vol3/rt/coco/val2017/000000530061.jpg,A child sitting down in front of a bowl.,0.0,100.0,0.056990981101989746,0.0
libragrad,/media/crk/vol3/rt/coco/val2017/000000530061.jpg,A child sitting down in front of a bowl.,0.7774129509925842,0.0,0.0,0.0
fusion,/media/crk/vol3/rt/coco/val2017/000000530061.jpg,A child sitting down in front of a bowl.,4.195907339453697,0.0,0.0,0.0
m2ib,/media/crk/vol3/rt/coco/val2017/000000051309.jpg,Small horse standing behind a large group of horses eating. ,0.4887182265520096,0.0,0.0,100.0
lciba,/media/crk/vol3/rt/coco/val2017/000000051309.jpg,Small horse standing behind a large group of horses eating. ,0.0,100.0,0.0,100.0
libragrad,/media/crk/vol3/rt/coco/val2017/000000051309.jpg,Small horse standing behind a large group of horses eating. ,1.165667548775673,0.0,0.0,0.0
fusion,/media/crk/vol3/rt/coco/val2017/000000051309.jpg,Small horse standing behind a large group of horses eating. ,0.0,100.0,0.0,100.0
m2ib,/media/crk/vol3/rt/coco/val2017/000000206135.jpg,A herd of cattle sitting in front of a church with a steeple.,2.071988582611084,0.0,1.6852380707859993,0.0
lciba,/media/crk/vol3/rt/coco/val2017/000000206135.jpg,A herd of cattle sitting in front of a church with a steeple.,2.0049843937158585,0.0,1.699095219373703,0.0
libragrad,/media/crk/vol3/rt/coco/val2017/000000206135.jpg,A herd of cattle sitting in front of a church with a steeple.,1.3590047135949135,0.0,0.0,0.0
fusion,/media/crk/vol3/rt/coco/val2017/000000206135.jpg,A herd of cattle sitting in front of a church with a steeple.,1.4664212241768837,0.0,0.0,0.0
m2ib,/media/crk/vol3/rt/coco/val2017/000000235778.jpg,A little kid that is playing with stuff.,0.0,100.0,0.9186463430523872,0.0
lciba,/media/crk/vol3/rt/coco/val2017/000000235778.jpg,A little kid that is playing with stuff.,0.19529499113559723,0.0,0.8922787383198738,0.0
libragrad,/media/crk/vol3/rt/coco/val2017/000000235778.jpg,A little kid that is playing with stuff.,0.0,100.0,0.0,0.0
fusion,/media/crk/vol3/rt/coco/val2017/000000235778.jpg,A little kid that is playing with stuff.,0.0,100.0,0.8206760510802269,0.0
m2ib,/media/crk/vol3/rt/coco/val2017/000000421455.jpg,Guy takes a picture  of his dog in the backseat through his side mirror. ,0.0,100.0,0.02858005464076996,0.0
lciba,/media/crk/vol3/rt/coco/val2017/000000421455.jpg,Guy takes a picture  of his dog in the backseat through his side mirror. ,0.0,100.0,1.5296578407287598,0.0
libragrad,/media/crk/vol3/rt/coco/val2017/000000421455.jpg,Guy takes a picture  of his dog in the backseat through his side mirror. ,0.0,100.0,0.0,0.0
fusion,/media/crk/vol3/rt/coco/val2017/000000421455.jpg,Guy takes a picture  of his dog in the backseat through his side mirror. ,0.0,100.0,0.0,0.0
m2ib,/media/crk/vol3/rt/coco/val2017/000000056350.jpg,A picture of people is on the floor near a urinal.,0.0,100.0,0.031102076172828674,0.0
lciba,/media/crk/vol3/rt/coco/val2017/000000056350.jpg,A picture of people is on the floor near a urinal.,0.0,100.0,0.0,100.0
libragrad,/media/crk/vol3/rt/coco/val2017/000000056350.jpg,A picture of people is on the floor near a urinal.,0.8048603311181068,0.0,0.0,0.0
fusion,/media/crk/vol3/rt/coco/val2017/000000056350.jpg,A picture of people is on the floor near a urinal.,1.5719583258032799,0.0,0.024169310927391052,0.0
m2ib,/media/crk/vol3/rt/coco/val2017/000000423123.jpg,A woman bending over and looking inside of a mini fridge.,2.9311198741197586,0.0,1.2630490586161613,0.0
lciba,/media/crk/vol3/rt/coco/val2017/000000423123.jpg,A woman bending over and looking inside of a mini fridge.,2.0086633041501045,0.0,0.27597732841968536,0.0
libragrad,/media/crk/vol3/rt/coco/val2017/000000423123.jpg,A woman bending over and looking inside of a mini fridge.,3.6576710641384125,0.0,0.0,0.0
fusion,/media/crk/vol3/rt/coco/val2017/000000423123.jpg,A woman bending over and looking inside of a mini fridge.,3.997688367962837,0.0,1.2039456516504288,0.0
m2ib,/media/crk/vol3/rt/coco/val2017/000000565012.jpg,a digitally manipulated image of cars on a highway at night in the city,0.5691945552825928,0.0,0.018064677715301514,0.0
lciba,/media/crk/vol3/rt/coco/val2017/000000565012.jpg,a digitally manipulated image of cars on a highway at night in the city,0.8196248672902584,0.0,3.1182946637272835,0.0
libragrad,/media/crk/vol3/rt/coco/val2017/000000565012.jpg,a digitally manipulated image of cars on a highway at night in the city,0.9165853261947632,0.0,0.0,0.0
fusion,/media/crk/vol3/rt/coco/val2017/000000565012.jpg,a digitally manipulated image of cars on a highway at night in the city,2.5463759899139404,0.0,0.0,100.0
m2ib,/media/crk/vol3/rt/coco/val2017/000000521231.jpg,A polar bear standing by rocks in a grassy habitat.,0.5168180912733078,0.0,0.0,0.0
lciba,/media/crk/vol3/rt/coco/val2017/000000521231.jpg,A polar bear standing by rocks in a grassy habitat.,0.3356996923685074,0.0,0.4415120929479599,0.0
libragrad,/media/crk/vol3/rt/coco/val2017/000000521231.jpg,A polar bear standing by rocks in a grassy habitat.,1.0571714490652084,0.0,0.0,0.0
fusion,/media/crk/vol3/rt/coco/val2017/000000521231.jpg,A polar bear standing by rocks in a grassy habitat.,0.43710917234420776,0.0,0.0,0.0
m2ib,/media/crk/vol3/rt/coco/val2017/000000429761.jpg,Two men shaking hands while standing on a tennis court.,1.3073664158582687,0.0,0.0,100.0
lciba,/media/crk/vol3/rt/coco/val2017/000000429761.jpg,Two men shaking hands while standing on a tennis court.,2.0317547023296356,0.0,0.15489868819713593,0.0
libragrad,/media/crk/vol3/rt/coco/val2017/000000429761.jpg,Two men shaking hands while standing on a tennis court.,1.8881220370531082,0.0,0.0,0.0
fusion,/media/crk/vol3/rt/coco/val2017/000000429761.jpg,Two men shaking hands while standing on a tennis court.,2.3215599358081818,0.0,0.0,0.0
m2ib,/media/crk/vol3/rt/coco/val2017/000000577149.jpg,there are many zebras walking on the side of this road,0.8718234486877918,0.0,1.6398176550865173,0.0
lciba,/media/crk/vol3/rt/coco/val2017/000000577149.jpg,there are many zebras walking on the side of this road,1.4917979016900063,0.0,0.12479983270168304,0.0
libragrad,/media/crk/vol3/rt/coco/val2017/000000577149.jpg,there are many zebras walking on the side of this road,0.9674446657299995,0.0,0.0,0.0
fusion,/media/crk/vol3/rt/coco/val2017/000000577149.jpg,there are many zebras walking on the side of this road,1.3607476837933064,0.0,1.5818078070878983,0.0
m2ib,/media/crk/vol3/rt/coco/val2017/000000573943.jpg,Parking lot full of different colored semi trucks.,0.3483835607767105,0.0,0.0,100.0
lciba,/media/crk/vol3/rt/coco/val2017/000000573943.jpg,Parking lot full of different colored semi trucks.,2.214530296623707,0.0,0.0,100.0
libragrad,/media/crk/vol3/rt/coco/val2017/000000573943.jpg,Parking lot full of different colored semi trucks.,3.5839762538671494,0.0,0.0,0.0
fusion,/media/crk/vol3/rt/coco/val2017/000000573943.jpg,Parking lot full of different colored semi trucks.,3.530483692884445,0.0,0.0,0.0
m2ib,/media/crk/vol3/rt/coco/val2017/000000314264.jpg,a man making a flower display in a vase on a wall,0.0,100.0,0.7968537509441376,0.0
lciba,/media/crk/vol3/rt/coco/val2017/000000314264.jpg,a man making a flower display in a vase on a wall,0.0,100.0,0.8985457941889763,0.0
libragrad,/media/crk/vol3/rt/coco/val2017/000000314264.jpg,a man making a flower display in a vase on a wall,0.0,100.0,0.0,0.0
fusion,/media/crk/vol3/rt/coco/val2017/000000314264.jpg,a man making a flower display in a vase on a wall,0.0,100.0,0.7097126916050911,0.0
m2ib,/media/crk/vol3/rt/coco/val2017/000000069356.jpg,A woman standing in front of a fruit stand.,0.3902837634086609,0.0,0.010556727647781372,0.0
lciba,/media/crk/vol3/rt/coco/val2017/000000069356.jpg,A woman standing in front of a fruit stand.,0.586933083832264,0.0,0.5430417135357857,0.0
libragrad,/media/crk/vol3/rt/coco/val2017/000000069356.jpg,A woman standing in front of a fruit stand.,1.1233968660235405,0.0,0.0,0.0
fusion,/media/crk/vol3/rt/coco/val2017/000000069356.jpg,A woman standing in front of a fruit stand.,1.6147378832101822,0.0,0.0,0.0
m2ib,/media/crk/vol3/rt/coco/val2017/000000239274.jpg,A yacht with people is near a pier on clear water.,0.5318558309227228,0.0,0.29805926606059074,0.0
lciba,/media/crk/vol3/rt/coco/val2017/000000239274.jpg,A yacht with people is near a pier on clear water.,0.0,100.0,0.6216804496943951,0.0
libragrad,/media/crk/vol3/rt/coco/val2017/000000239274.jpg,A yacht with people is near a pier on clear water.,1.3561238534748554,0.0,0.0,0.0
fusion,/media/crk/vol3/rt/coco/val2017/000000239274.jpg,A yacht with people is near a pier on clear water.,3.152969852089882,0.0,0.02812650054693222,0.0
m2ib,/media/crk/vol3/rt/coco/val2017/000000323151.jpg,A pizza sitting on top of a white plate next to a glass of beer.,0.2164420671761036,0.0,0.17886348068714142,0.0
lciba,/media/crk/vol3/rt/coco/val2017/000000323151.jpg,A pizza sitting on top of a white plate next to a glass of beer.,0.0,100.0,0.25731390342116356,0.0
libragrad,/media/crk/vol3/rt/coco/val2017/000000323151.jpg,A pizza sitting on top of a white plate next to a glass of beer.,0.0,100.0,0.0,100.0
fusion,/media/crk/vol3/rt/coco/val2017/000000323151.jpg,A pizza sitting on top of a white plate next to a glass of beer.,0.2252755220979452,0.0,0.0,100.0
m2ib,/media/crk/vol3/rt/coco/val2017/000000365642.jpg,A young attractive woman sitting on a toilette on the side of a street.,0.12158136814832687,0.0,1.8739525228738785,0.0
lciba,/media/crk/vol3/rt/coco/val2017/000000365642.jpg,A young attractive woman sitting on a toilette on the side of a street.,1.850808970630169,0.0,1.902119442820549,0.0
libragrad,/media/crk/vol3/rt/coco/val2017/000000365642.jpg,A young attractive woman sitting on a toilette on the side of a street.,2.507767267525196,0.0,0.0,0.0
fusion,/media/crk/vol3/rt/coco/val2017/000000365642.jpg,A young attractive woman sitting on a toilette on the side of a street.,1.634208858013153,0.0,1.8848881125450134,0.0
m2ib,/media/crk/vol3/rt/coco/val2017/000000462728.jpg,A man in the ocean with a dog on a surfboard.,4.132642969489098,0.0,1.042037457227707,0.0
lciba,/media/crk/vol3/rt/coco/val2017/000000462728.jpg,A man in the ocean with a dog on a surfboard.,0.6036113947629929,0.0,0.018043071031570435,0.0
libragrad,/media/crk/vol3/rt/coco/val2017/000000462728.jpg,A man in the ocean with a dog on a surfboard.,4.552965238690376,0.0,0.0,0.0
fusion,/media/crk/vol3/rt/coco/val2017/000000462728.jpg,A man in the ocean with a dog on a surfboard.,4.1051313281059265,0.0,0.003090500831604004,0.0
m2ib,/media/crk/vol3/rt/coco/val2017/000000502737.jpg,A person holding up a chocolate doughnut with a face drawn on it.,0.0,100.0,1.752721518278122,0.0
lciba,/media/crk/vol3/rt/coco/val2017/000000502737.jpg,A person holding up a chocolate doughnut with a face drawn on it.,2.0198412239551544,0.0,0.5321953445672989,0.0
libragrad,/media/crk/vol3/rt/coco/val2017/000000502737.jpg,A person holding up a chocolate doughnut with a face drawn on it.,2.0004969090223312,0.0,0.0,0.0
fusion,/media/crk/vol3/rt/coco/val2017/000000502737.jpg,A person holding up a chocolate doughnut with a face drawn on it.,6.849828362464905,0.0,0.06576552987098694,0.0
m2ib,/media/crk/vol3/rt/coco/val2017/000000048555.jpg,A group of people on horses racing together.,0.0,100.0,1.6164258122444153,0.0
lciba,/media/crk/vol3/rt/coco/val2017/000000048555.jpg,A group of people on horses racing together.,0.0,100.0,1.7544455826282501,0.0
libragrad,/media/crk/vol3/rt/coco/val2017/000000048555.jpg,A group of people on horses racing together.,0.030298158526420593,0.0,0.0,0.0
fusion,/media/crk/vol3/rt/coco/val2017/000000048555.jpg,A group of people on horses racing together.,0.0,100.0,0.0,100.0
m2ib,/media/crk/vol3/rt/coco/val2017/000000050165.jpg,Small train running down the tracks in the middle of a field.,1.3912919908761978,0.0,0.06333533674478531,0.0
lciba,/media/crk/vol3/rt/coco/val2017/000000050165.jpg,Small train running down the tracks in the middle of a field.,1.5108410269021988,0.0,0.24112705141305923,0.0
libragrad,/media/crk/vol3/rt/coco/val2017/000000050165.jpg,Small train running down the tracks in the middle of a field.,0.6981369107961655,0.0,0.0,0.0
fusion,/media/crk/vol3/rt/coco/val2017/000000050165.jpg,Small train running down the tracks in the middle of a field.,0.0,100.0,0.03505740314722061,0.0
m2ib,/media/crk/vol3/rt/coco/val2017/000000038829.jpg,A man riding a bicycle with a boy on the back of it.,0.0,100.0,1.1478055268526077,0.0
lciba,/media/crk/vol3/rt/coco/val2017/000000038829.jpg,A man riding a bicycle with a boy on the back of it.,0.0,100.0,1.2950219213962555,0.0
libragrad,/media/crk/vol3/rt/coco/val2017/000000038829.jpg,A man riding a bicycle with a boy on the back of it.,0.0,100.0,0.0,0.0
fusion,/media/crk/vol3/rt/coco/val2017/000000038829.jpg,A man riding a bicycle with a boy on the back of it.,0.0,100.0,0.0,0.0
m2ib,/media/crk/vol3/rt/coco/val2017/000000223955.jpg,A man holding a red frisbee while standing on lush green field.,0.0,100.0,0.01091696321964264,0.0
lciba,/media/crk/vol3/rt/coco/val2017/000000223955.jpg,A man holding a red frisbee while standing on lush green field.,0.0,100.0,0.41120126843452454,0.0
libragrad,/media/crk/vol3/rt/coco/val2017/000000223955.jpg,A man holding a red frisbee while standing on lush green field.,0.0,100.0,0.0,0.0
fusion,/media/crk/vol3/rt/coco/val2017/000000223955.jpg,A man holding a red frisbee while standing on lush green field.,0.0,100.0,0.0,0.0
m2ib,/media/crk/vol3/rt/coco/val2017/000000211042.jpg,there is a cat that is drinking out of the toilet,2.919294312596321,0.0,0.0,100.0
lciba,/media/crk/vol3/rt/coco/val2017/000000211042.jpg,there is a cat that is drinking out of the toilet,1.8081804737448692,0.0,0.05156118422746658,0.0
libragrad,/media/crk/vol3/rt/coco/val2017/000000211042.jpg,there is a cat that is drinking out of the toilet,1.6744669526815414,0.0,0.020642578601837158,0.0
fusion,/media/crk/vol3/rt/coco/val2017/000000211042.jpg,there is a cat that is drinking out of the toilet,0.29398370534181595,0.0,0.0,0.0
m2ib,/media/crk/vol3/rt/coco/val2017/000000394275.jpg,A blue bus driving down a street past a park.,0.6729904562234879,0.0,1.586371287703514,0.0
lciba,/media/crk/vol3/rt/coco/val2017/000000394275.jpg,A blue bus driving down a street past a park.,0.5520997568964958,0.0,1.6506638377904892,0.0
libragrad,/media/crk/vol3/rt/coco/val2017/000000394275.jpg,A blue bus driving down a street past a park.,1.580655574798584,0.0,0.0,0.0
fusion,/media/crk/vol3/rt/coco/val2017/000000394275.jpg,A blue bus driving down a street past a park.,0.7996127009391785,0.0,0.18489882349967957,0.0
m2ib,/media/crk/vol3/rt/coco/val2017/000000177357.jpg,A surfer in the ocean trying not to wipeout.,0.0,100.0,0.05830340087413788,0.0
lciba,/media/crk/vol3/rt/coco/val2017/000000177357.jpg,A surfer in the ocean trying not to wipeout.,0.0,100.0,0.03621838986873627,0.0
libragrad,/media/crk/vol3/rt/coco/val2017/000000177357.jpg,A surfer in the ocean trying not to wipeout.,0.301956944167614,0.0,0.0,0.0
fusion,/media/crk/vol3/rt/coco/val2017/000000177357.jpg,A surfer in the ocean trying not to wipeout.,0.7218110375106335,0.0,0.04705451428890228,0.0
m2ib,/media/crk/vol3/rt/coco/val2017/000000577976.jpg,A utility truck is parked in the street beside traffic cones.,2.837720513343811,0.0,0.0,0.0
lciba,/media/crk/vol3/rt/coco/val2017/000000577976.jpg,A utility truck is parked in the street beside traffic cones.,0.7028117775917053,0.0,0.1728411763906479,0.0
libragrad,/media/crk/vol3/rt/coco/val2017/000000577976.jpg,A utility truck is parked in the street beside traffic cones.,2.9558900743722916,0.0,0.0,0.0
fusion,/media/crk/vol3/rt/coco/val2017/000000577976.jpg,A utility truck is parked in the street beside traffic cones.,3.0570046976208687,0.0,0.0,0.0
m2ib,/media/crk/vol3/rt/coco/val2017/000000091619.jpg,A red stop sign sitting next to a light pole.,1.2314531952142715,0.0,0.06163790822029114,0.0
lciba,/media/crk/vol3/rt/coco/val2017/000000091619.jpg,A red stop sign sitting next to a light pole.,0.0,100.0,3.01433764398098,0.0
libragrad,/media/crk/vol3/rt/coco/val2017/000000091619.jpg,A red stop sign sitting next to a light pole.,1.2156689539551735,0.0,0.0,0.0
fusion,/media/crk/vol3/rt/coco/val2017/000000091619.jpg,A red stop sign sitting next to a light pole.,0.7921665906906128,0.0,0.0,0.0
m2ib,/media/crk/vol3/rt/coco/val2017/000000463842.jpg,A small bed with lots of bottles underneath,0.0,100.0,0.0,0.0
lciba,/media/crk/vol3/rt/coco/val2017/000000463842.jpg,A small bed with lots of bottles underneath,0.0,100.0,0.0008609145879745483,0.0
libragrad,/media/crk/vol3/rt/coco/val2017/000000463842.jpg,A small bed with lots of bottles underneath,0.0,100.0,0.0,0.0
fusion,/media/crk/vol3/rt/coco/val2017/000000463842.jpg,A small bed with lots of bottles underneath,0.0,100.0,0.0,0.0
m2ib,/media/crk/vol3/rt/coco/val2017/000000135670.jpg,A bike behind a rail for safety on a train ride.,0.1913578249514103,0.0,0.6974121555685997,0.0
lciba,/media/crk/vol3/rt/coco/val2017/000000135670.jpg,A bike behind a rail for safety on a train ride.,0.28788959607481956,0.0,0.7410649210214615,0.0
libragrad,/media/crk/vol3/rt/coco/val2017/000000135670.jpg,A bike behind a rail for safety on a train ride.,0.7231988944113255,0.0,0.0,0.0
fusion,/media/crk/vol3/rt/coco/val2017/000000135670.jpg,A bike behind a rail for safety on a train ride.,2.6407666504383087,0.0,0.04734378308057785,0.0
m2ib,/media/crk/vol3/rt/coco/val2017/000000338304.jpg,A bunch of sheep make their way through the crowded city street.,0.0,100.0,0.025073904544115067,0.0
lciba,/media/crk/vol3/rt/coco/val2017/000000338304.jpg,A bunch of sheep make their way through the crowded city street.,0.0,100.0,1.848602294921875,0.0
libragrad,/media/crk/vol3/rt/coco/val2017/000000338304.jpg,A bunch of sheep make their way through the crowded city street.,0.0,100.0,0.0,0.0
fusion,/media/crk/vol3/rt/coco/val2017/000000338304.jpg,A bunch of sheep make their way through the crowded city street.,0.0,100.0,0.0,0.0
m2ib,/media/crk/vol3/rt/coco/val2017/000000397279.jpg,The tennis player does not know what to expect with the next serve.,0.0,100.0,0.046456046402454376,0.0
lciba,/media/crk/vol3/rt/coco/val2017/000000397279.jpg,The tennis player does not know what to expect with the next serve.,0.0,100.0,0.0,100.0
libragrad,/media/crk/vol3/rt/coco/val2017/000000397279.jpg,The tennis player does not know what to expect with the next serve.,0.0,100.0,0.0,100.0
fusion,/media/crk/vol3/rt/coco/val2017/000000397279.jpg,The tennis player does not know what to expect with the next serve.,0.32604988664388657,0.0,0.0,100.0
m2ib,/media/crk/vol3/rt/coco/val2017/000000579902.jpg,A person riding a motorcycle down a street.,0.9896453469991684,0.0,1.895495131611824,0.0
lciba,/media/crk/vol3/rt/coco/val2017/000000579902.jpg,A person riding a motorcycle down a street.,0.0,100.0,0.04801386967301369,0.0
libragrad,/media/crk/vol3/rt/coco/val2017/000000579902.jpg,A person riding a motorcycle down a street.,1.0132215917110443,0.0,0.0,0.0
fusion,/media/crk/vol3/rt/coco/val2017/000000579902.jpg,A person riding a motorcycle down a street.,0.0,100.0,0.0483472365885973,0.0
m2ib,/media/crk/vol3/rt/coco/val2017/000000210520.jpg,A table with plates of food that include corn and fruit.,0.6076756864786148,0.0,0.06789825856685638,0.0
lciba,/media/crk/vol3/rt/coco/val2017/000000210520.jpg,A table with plates of food that include corn and fruit.,0.048356130719184875,0.0,0.0,100.0
libragrad,/media/crk/vol3/rt/coco/val2017/000000210520.jpg,A table with plates of food that include corn and fruit.,0.9110387414693832,0.0,0.0,0.0
fusion,/media/crk/vol3/rt/coco/val2017/000000210520.jpg,A table with plates of food that include corn and fruit.,1.6452979296445847,0.0,0.0,0.0
m2ib,/media/crk/vol3/rt/coco/val2017/000000086483.jpg,There is a sign in front of a brick house.,0.0,100.0,0.017324090003967285,0.0
lciba,/media/crk/vol3/rt/coco/val2017/000000086483.jpg,There is a sign in front of a brick house.,0.0,100.0,1.641787774860859,0.0
libragrad,/media/crk/vol3/rt/coco/val2017/000000086483.jpg,There is a sign in front of a brick house.,0.0,100.0,1.5733135864138603,0.0
fusion,/media/crk/vol3/rt/coco/val2017/000000086483.jpg,There is a sign in front of a brick house.,0.0,100.0,0.0,0.0
m2ib,/media/crk/vol3/rt/coco/val2017/000000332570.jpg,the portable device is displaying a very important message.,0.6457017734646797,0.0,1.3902081176638603,0.0
lciba,/media/crk/vol3/rt/coco/val2017/000000332570.jpg,the portable device is displaying a very important message.,0.19563883543014526,0.0,0.3360772505402565,0.0
libragrad,/media/crk/vol3/rt/coco/val2017/000000332570.jpg,the portable device is displaying a very important message.,0.6720339879393578,0.0,0.0,0.0
fusion,/media/crk/vol3/rt/coco/val2017/000000332570.jpg,the portable device is displaying a very important message.,0.6545631214976311,0.0,1.3735676184296608,0.0
m2ib,/media/crk/vol3/rt/coco/val2017/000000472375.jpg,A small black and brown dog sitting next to a motorcycle.,0.0,100.0,0.0,100.0
lciba,/media/crk/vol3/rt/coco/val2017/000000472375.jpg,A small black and brown dog sitting next to a motorcycle.,0.06212536245584488,0.0,0.0,100.0
libragrad,/media/crk/vol3/rt/coco/val2017/000000472375.jpg,A small black and brown dog sitting next to a motorcycle.,1.206238567829132,0.0,0.0,0.0
fusion,/media/crk/vol3/rt/coco/val2017/000000472375.jpg,A small black and brown dog sitting next to a motorcycle.,1.1388503015041351,0.0,0.07410496473312378,0.0
m2ib,/media/crk/vol3/rt/coco/val2017/000000555412.jpg,A pizza covered in lots of greens on top of a table.,1.9124142825603485,0.0,0.19137263298034668,0.0
lciba,/media/crk/vol3/rt/coco/val2017/000000555412.jpg,A pizza covered in lots of greens on top of a table.,1.6470609232783318,0.0,0.19854065030813217,0.0
libragrad,/media/crk/vol3/rt/coco/val2017/000000555412.jpg,A pizza covered in lots of greens on top of a table.,0.571802444756031,0.0,0.0,100.0
fusion,/media/crk/vol3/rt/coco/val2017/000000555412.jpg,A pizza covered in lots of greens on top of a table.,2.6495009660720825,0.0,0.16862526535987854,0.0
m2ib,/media/crk/vol3/rt/coco/val2017/000000273712.jpg,a refrigerator in a room next to a wall,2.4906445294618607,0.0,1.2183688580989838,0.0
lciba,/media/crk/vol3/rt/coco/val2017/000000273712.jpg,a refrigerator in a room next to a wall,0.0,100.0,1.2215528637170792,0.0
libragrad,/media/crk/vol3/rt/coco/val2017/000000273712.jpg,a refrigerator in a room next to a wall,1.878223568201065,0.0,0.0,100.0
fusion,/media/crk/vol3/rt/coco/val2017/000000273712.jpg,a refrigerator in a room next to a wall,5.393760651350021,0.0,0.02567693591117859,0.0
m2ib,/media/crk/vol3/rt/coco/val2017/000000135872.jpg,A desk with both a laptop computer and a desktop computer.,2.981291711330414,0.0,0.10377317667007446,0.0
lciba,/media/crk/vol3/rt/coco/val2017/000000135872.jpg,A desk with both a laptop computer and a desktop computer.,2.0539745688438416,0.0,0.3183450549840927,0.0
libragrad,/media/crk/vol3/rt/coco/val2017/000000135872.jpg,A desk with both a laptop computer and a desktop computer.,3.3589519560337067,0.0,0.0,0.0
fusion,/media/crk/vol3/rt/coco/val2017/000000135872.jpg,A desk with both a laptop computer and a desktop computer.,3.876809775829315,0.0,0.018028169870376587,0.0
m2ib,/media/crk/vol3/rt/coco/val2017/000000015278.jpg,A white plate topped with broccoli and a dumpling.,1.0208465158939362,0.0,0.0,0.0
lciba,/media/crk/vol3/rt/coco/val2017/000000015278.jpg,A white plate topped with broccoli and a dumpling.,0.45202821493148804,0.0,0.3256887197494507,0.0
libragrad,/media/crk/vol3/rt/coco/val2017/000000015278.jpg,A white plate topped with broccoli and a dumpling.,1.9995227456092834,0.0,0.0,0.0
fusion,/media/crk/vol3/rt/coco/val2017/000000015278.jpg,A white plate topped with broccoli and a dumpling.,6.262132525444031,0.0,0.2078622579574585,0.0
m2ib,/media/crk/vol3/rt/coco/val2017/000000260266.jpg,The traffic signal is at the intersection near a large building.,1.0936294682323933,0.0,0.8797784335911274,0.0
lciba,/media/crk/vol3/rt/coco/val2017/000000260266.jpg,The traffic signal is at the intersection near a large building.,0.0,100.0,0.32000867649912834,0.0
libragrad,/media/crk/vol3/rt/coco/val2017/000000260266.jpg,The traffic signal is at the intersection near a large building.,1.0911430232226849,0.0,0.0,0.0
fusion,/media/crk/vol3/rt/coco/val2017/000000260266.jpg,The traffic signal is at the intersection near a large building.,0.448527280241251,0.0,0.0,0.0
m2ib,/media/crk/vol3/rt/coco/val2017/000000564133.jpg,Some elephants walk together through the grass. ,0.2777809277176857,0.0,1.4356071129441261,0.0
lciba,/media/crk/vol3/rt/coco/val2017/000000564133.jpg,Some elephants walk together through the grass. ,0.3191908821463585,0.0,0.0,100.0
libragrad,/media/crk/vol3/rt/coco/val2017/000000564133.jpg,Some elephants walk together through the grass. ,0.4248131066560745,0.0,0.0,0.0
fusion,/media/crk/vol3/rt/coco/val2017/000000564133.jpg,Some elephants walk together through the grass. ,0.003382563591003418,0.0,1.609286293387413,0.0
m2ib,/media/crk/vol3/rt/coco/val2017/000000353970.jpg,a cat sitting in a chair looking up,0.0,100.0,0.0,100.0
lciba,/media/crk/vol3/rt/coco/val2017/000000353970.jpg,a cat sitting in a chair looking up,0.0,100.0,0.41231922805309296,0.0
libragrad,/media/crk/vol3/rt/coco/val2017/000000353970.jpg,a cat sitting in a chair looking up,0.0,100.0,0.0,0.0
fusion,/media/crk/vol3/rt/coco/val2017/000000353970.jpg,a cat sitting in a chair looking up,2.571415901184082,0.0,0.0,0.0
m2ib,/media/crk/vol3/rt/coco/val2017/000000491090.jpg,A man sitting on one of a group of motorcycles.,0.7608741521835327,0.0,1.8103506416082382,0.0
lciba,/media/crk/vol3/rt/coco/val2017/000000491090.jpg,A man sitting on one of a group of motorcycles.,0.0,100.0,1.777857169508934,0.0
libragrad,/media/crk/vol3/rt/coco/val2017/000000491090.jpg,A man sitting on one of a group of motorcycles.,0.2103995531797409,0.0,0.0,0.0
fusion,/media/crk/vol3/rt/coco/val2017/000000491090.jpg,A man sitting on one of a group of motorcycles.,0.0,100.0,0.021037086844444275,0.0
m2ib,/media/crk/vol3/rt/coco/val2017/000000017436.jpg,A man sitting on a bench with a tall building behind him.,3.561204671859741,0.0,0.008200667798519135,0.0
lciba,/media/crk/vol3/rt/coco/val2017/000000017436.jpg,A man sitting on a bench with a tall building behind him.,3.807002305984497,0.0,0.43941326439380646,0.0
libragrad,/media/crk/vol3/rt/coco/val2017/000000017436.jpg,A man sitting on a bench with a tall building behind him.,6.196117773652077,0.0,0.0,0.0
fusion,/media/crk/vol3/rt/coco/val2017/000000017436.jpg,A man sitting on a bench with a tall building behind him.,0.9451828896999359,0.0,0.0,0.0
m2ib,/media/crk/vol3/rt/coco/val2017/000000035326.jpg,A stove back splash with a granite design.,0.0,100.0,0.07637925446033478,0.0
lciba,/media/crk/vol3/rt/coco/val2017/000000035326.jpg,A stove back splash with a granite design.,0.0,100.0,1.0992476716637611,0.0
libragrad,/media/crk/vol3/rt/coco/val2017/000000035326.jpg,A stove back splash with a granite design.,0.0,100.0,0.0,0.0
fusion,/media/crk/vol3/rt/coco/val2017/000000035326.jpg,A stove back splash with a granite design.,0.4601806402206421,0.0,0.07618926465511322,0.0
m2ib,/media/crk/vol3/rt/coco/val2017/000000336628.jpg,A man in dinosaur covered clown suit talking on a phone on a trolley,0.6170712411403656,0.0,0.0,100.0
lciba,/media/crk/vol3/rt/coco/val2017/000000336628.jpg,A man in dinosaur covered clown suit talking on a phone on a trolley,0.0,100.0,2.907356806099415,0.0
libragrad,/media/crk/vol3/rt/coco/val2017/000000336628.jpg,A man in dinosaur covered clown suit talking on a phone on a trolley,0.0,100.0,0.0,0.0
fusion,/media/crk/vol3/rt/coco/val2017/000000336628.jpg,A man in dinosaur covered clown suit talking on a phone on a trolley,0.0,100.0,0.0,0.0
m2ib,/media/crk/vol3/rt/coco/val2017/000000361919.jpg,A group of people skiing down the side of a snow covered mountain.,0.0,100.0,0.30489489436149597,0.0
lciba,/media/crk/vol3/rt/coco/val2017/000000361919.jpg,A group of people skiing down the side of a snow covered mountain.,0.0,100.0,0.044574588537216187,0.0
libragrad,/media/crk/vol3/rt/coco/val2017/000000361919.jpg,A group of people skiing down the side of a snow covered mountain.,0.0,100.0,0.0,0.0
fusion,/media/crk/vol3/rt/coco/val2017/000000361919.jpg,A group of people skiing down the side of a snow covered mountain.,0.0,100.0,0.0,100.0
m2ib,/media/crk/vol3/rt/coco/val2017/000000177893.jpg,a red and white passenger bus with a 'final destination 5' billboard on the side of it,4.11408506333828,0.0,2.4853207170963287,0.0
lciba,/media/crk/vol3/rt/coco/val2017/000000177893.jpg,a red and white passenger bus with a 'final destination 5' billboard on the side of it,2.9421616345643997,0.0,0.1573716290295124,0.0
libragrad,/media/crk/vol3/rt/coco/val2017/000000177893.jpg,a red and white passenger bus with a 'final destination 5' billboard on the side of it,4.293486475944519,0.0,0.0,0.0
fusion,/media/crk/vol3/rt/coco/val2017/000000177893.jpg,a red and white passenger bus with a 'final destination 5' billboard on the side of it,2.1760575473308563,0.0,0.0,0.0
m2ib,/media/crk/vol3/rt/coco/val2017/000000115118.jpg,a train of many colors is coming down the track,1.5899470075964928,0.0,0.2138689160346985,0.0
lciba,/media/crk/vol3/rt/coco/val2017/000000115118.jpg,a train of many colors is coming down the track,1.6706755384802818,0.0,0.198495015501976,0.0
libragrad,/media/crk/vol3/rt/coco/val2017/000000115118.jpg,a train of many colors is coming down the track,2.3730596527457237,0.0,0.0,0.0
fusion,/media/crk/vol3/rt/coco/val2017/000000115118.jpg,a train of many colors is coming down the track,4.551184922456741,0.0,0.0,0.0
m2ib,/media/crk/vol3/rt/coco/val2017/000000150638.jpg,A table holding a variety of beverages at an outdoor party.,1.2661486864089966,0.0,0.11138617992401123,0.0
lciba,/media/crk/vol3/rt/coco/val2017/000000150638.jpg,A table holding a variety of beverages at an outdoor party.,0.0,100.0,0.4682149738073349,0.0
libragrad,/media/crk/vol3/rt/coco/val2017/000000150638.jpg,A table holding a variety of beverages at an outdoor party.,0.2925444394350052,0.0,0.0,0.0
fusion,/media/crk/vol3/rt/coco/val2017/000000150638.jpg,A table holding a variety of beverages at an outdoor party.,1.5780411660671234,0.0,0.0,0.0
m2ib,/media/crk/vol3/rt/coco/val2017/000000530836.jpg,A picture of a large kitchen with white cabinets and appliances.,0.9304940700531006,0.0,0.08726771920919418,0.0
lciba,/media/crk/vol3/rt/coco/val2017/000000530836.jpg,A picture of a large kitchen with white cabinets and appliances.,1.037946343421936,0.0,0.22916346788406372,0.0
libragrad,/media/crk/vol3/rt/coco/val2017/000000530836.jpg,A picture of a large kitchen with white cabinets and appliances.,2.3767882958054543,0.0,0.0,0.0
fusion,/media/crk/vol3/rt/coco/val2017/000000530836.jpg,A picture of a large kitchen with white cabinets and appliances.,2.20253337174654,0.0,0.06971042603254318,0.0
m2ib,/media/crk/vol3/rt/coco/val2017/000000274708.jpg,Several people in skis standing on a snow covered incline.,2.1136419847607613,0.0,0.23261792957782745,0.0
lciba,/media/crk/vol3/rt/coco/val2017/000000274708.jpg,Several people in skis standing on a snow covered incline.,0.8238058537244797,0.0,0.2165868878364563,0.0
libragrad,/media/crk/vol3/rt/coco/val2017/000000274708.jpg,Several people in skis standing on a snow covered incline.,1.8183467909693718,0.0,0.0,0.0
fusion,/media/crk/vol3/rt/coco/val2017/000000274708.jpg,Several people in skis standing on a snow covered incline.,0.9100613184273243,0.0,0.2019483596086502,0.0
m2ib,/media/crk/vol3/rt/coco/val2017/000000357941.jpg,Two televisions that are stacked on top of each other. ,2.5797713547945023,0.0,0.04158280789852142,0.0
lciba,/media/crk/vol3/rt/coco/val2017/000000357941.jpg,Two televisions that are stacked on top of each other. ,1.39576755464077,0.0,0.0,100.0
libragrad,/media/crk/vol3/rt/coco/val2017/000000357941.jpg,Two televisions that are stacked on top of each other. ,4.780999198555946,0.0,0.0,100.0
fusion,/media/crk/vol3/rt/coco/val2017/000000357941.jpg,Two televisions that are stacked on top of each other. ,6.126625090837479,0.0,0.0,100.0
m2ib,/media/crk/vol3/rt/coco/val2017/000000189828.jpg,Grey plane taking off above some green vegetation.,0.0,100.0,0.24796491488814354,0.0
lciba,/media/crk/vol3/rt/coco/val2017/000000189828.jpg,Grey plane taking off above some green vegetation.,0.0,100.0,0.2302057109773159,0.0
libragrad,/media/crk/vol3/rt/coco/val2017/000000189828.jpg,Grey plane taking off above some green vegetation.,0.0,100.0,0.0,0.0
fusion,/media/crk/vol3/rt/coco/val2017/000000189828.jpg,Grey plane taking off above some green vegetation.,0.0,100.0,0.16227476298809052,0.0
m2ib,/media/crk/vol3/rt/coco/val2017/000000056344.jpg,Two computer monitors on a desk with a keyboard and mouse,1.7006173729896545,0.0,0.062247179448604584,0.0
lciba,/media/crk/vol3/rt/coco/val2017/000000056344.jpg,Two computer monitors on a desk with a keyboard and mouse,0.0,100.0,0.19512679427862167,0.0
libragrad,/media/crk/vol3/rt/coco/val2017/000000056344.jpg,Two computer monitors on a desk with a keyboard and mouse,1.8516771495342255,0.0,0.0,0.0
fusion,/media/crk/vol3/rt/coco/val2017/000000056344.jpg,Two computer monitors on a desk with a keyboard and mouse,2.5588978081941605,0.0,0.0,100.0
m2ib,/media/crk/vol3/rt/coco/val2017/000000175438.jpg,A large cock sitting in the middle of a street.,0.0,100.0,0.0,0.0
lciba,/media/crk/vol3/rt/coco/val2017/000000175438.jpg,A large cock sitting in the middle of a street.,0.0,100.0,3.3679943531751633,0.0
libragrad,/media/crk/vol3/rt/coco/val2017/000000175438.jpg,A large cock sitting in the middle of a street.,0.9697698056697845,0.0,0.0,0.0
fusion,/media/crk/vol3/rt/coco/val2017/000000175438.jpg,A large cock sitting in the middle of a street.,2.9962021857500076,0.0,0.026081688702106476,0.0
m2ib,/media/crk/vol3/rt/coco/val2017/000000149622.jpg,"The birds are sitting next to each other on a tree branch,",1.0008051991462708,0.0,0.15991292893886566,0.0
lciba,/media/crk/vol3/rt/coco/val2017/000000149622.jpg,"The birds are sitting next to each other on a tree branch,",0.21377801895141602,0.0,0.0,100.0
libragrad,/media/crk/vol3/rt/coco/val2017/000000149622.jpg,"The birds are sitting next to each other on a tree branch,",2.3405205458402634,0.0,0.0,100.0
fusion,/media/crk/vol3/rt/coco/val2017/000000149622.jpg,"The birds are sitting next to each other on a tree branch,",0.0,100.0,0.0,100.0
m2ib,/media/crk/vol3/rt/coco/val2017/000000289417.jpg,A boy standing on skis in the snow.,1.4005689881742,0.0,0.0,100.0
lciba,/media/crk/vol3/rt/coco/val2017/000000289417.jpg,A boy standing on skis in the snow.,0.0,100.0,0.27124881744384766,0.0
libragrad,/media/crk/vol3/rt/coco/val2017/000000289417.jpg,A boy standing on skis in the snow.,2.1877724677324295,0.0,0.0,0.0
fusion,/media/crk/vol3/rt/coco/val2017/000000289417.jpg,A boy standing on skis in the snow.,2.3447172716259956,0.0,0.033410266041755676,0.0
m2ib,/media/crk/vol3/rt/coco/val2017/000000404923.jpg,A baseball player holding a baseball bat is getting filmed by a camera man.,0.0,100.0,0.7369693368673325,0.0
lciba,/media/crk/vol3/rt/coco/val2017/000000404923.jpg,A baseball player holding a baseball bat is getting filmed by a camera man.,0.0,100.0,0.893147848546505,0.0
libragrad,/media/crk/vol3/rt/coco/val2017/000000404923.jpg,A baseball player holding a baseball bat is getting filmed by a camera man.,0.19184648990631104,0.0,0.0,0.0
fusion,/media/crk/vol3/rt/coco/val2017/000000404923.jpg,A baseball player holding a baseball bat is getting filmed by a camera man.,0.0,100.0,0.8401595056056976,0.0
m2ib,/media/crk/vol3/rt/coco/val2017/000000119365.jpg,A couple of people with a laptop at a table.,1.7438329756259918,0.0,0.0033937394618988037,0.0
lciba,/media/crk/vol3/rt/coco/val2017/000000119365.jpg,A couple of people with a laptop at a table.,0.8966721594333649,0.0,0.5435705184936523,0.0
libragrad,/media/crk/vol3/rt/coco/val2017/000000119365.jpg,A couple of people with a laptop at a table.,3.417028486728668,0.0,0.0,0.0
fusion,/media/crk/vol3/rt/coco/val2017/000000119365.jpg,A couple of people with a laptop at a table.,4.042288661003113,0.0,0.0,0.0
m2ib,/media/crk/vol3/rt/coco/val2017/000000300341.jpg,Two college age boys playing Wii while others look on ,0.0,100.0,0.07442152127623558,0.0
lciba,/media/crk/vol3/rt/coco/val2017/000000300341.jpg,Two college age boys playing Wii while others look on ,0.0,100.0,0.06590532138943672,0.0
libragrad,/media/crk/vol3/rt/coco/val2017/000000300341.jpg,Two college age boys playing Wii while others look on ,0.10499861091375351,0.0,0.0,0.0
fusion,/media/crk/vol3/rt/coco/val2017/000000300341.jpg,Two college age boys playing Wii while others look on ,0.0,100.0,0.0,0.0
m2ib,/media/crk/vol3/rt/coco/val2017/000000022892.jpg,A cats sits on the table with a dog outside.,0.44383518397808075,0.0,0.004678592085838318,0.0
lciba,/media/crk/vol3/rt/coco/val2017/000000022892.jpg,A cats sits on the table with a dog outside.,0.0,100.0,1.283974014222622,0.0
libragrad,/media/crk/vol3/rt/coco/val2017/000000022892.jpg,A cats sits on the table with a dog outside.,0.995166040956974,0.0,0.0,0.0
fusion,/media/crk/vol3/rt/coco/val2017/000000022892.jpg,A cats sits on the table with a dog outside.,0.4730040207505226,0.0,0.0,0.0
m2ib,/media/crk/vol3/rt/coco/val2017/000000153299.jpg,two giraffes are standing together outside a barn,0.0,100.0,0.0,100.0
lciba,/media/crk/vol3/rt/coco/val2017/000000153299.jpg,two giraffes are standing together outside a barn,0.0,100.0,0.44803712517023087,0.0
libragrad,/media/crk/vol3/rt/coco/val2017/000000153299.jpg,two giraffes are standing together outside a barn,0.0,100.0,0.0,0.0
fusion,/media/crk/vol3/rt/coco/val2017/000000153299.jpg,two giraffes are standing together outside a barn,0.0,100.0,0.0,0.0
m2ib,/media/crk/vol3/rt/coco/val2017/000000023230.jpg,A family of swans swimming on top of a lake.,1.130245253443718,0.0,0.4407975822687149,0.0
lciba,/media/crk/vol3/rt/coco/val2017/000000023230.jpg,A family of swans swimming on top of a lake.,1.0059323161840439,0.0,0.08746124804019928,0.0
libragrad,/media/crk/vol3/rt/coco/val2017/000000023230.jpg,A family of swans swimming on top of a lake.,1.0147076100111008,0.0,0.0,0.0
fusion,/media/crk/vol3/rt/coco/val2017/000000023230.jpg,A family of swans swimming on top of a lake.,0.0,100.0,0.0,0.0
m2ib,/media/crk/vol3/rt/coco/val2017/000000009914.jpg,"A plate of food which includes onions, tomato, lettuce, sauce, fries, and a sandwich.",1.5770655125379562,0.0,0.03643929958343506,0.0
lciba,/media/crk/vol3/rt/coco/val2017/000000009914.jpg,"A plate of food which includes onions, tomato, lettuce, sauce, fries, and a sandwich.",0.0,100.0,1.909014955163002,0.0
libragrad,/media/crk/vol3/rt/coco/val2017/000000009914.jpg,"A plate of food which includes onions, tomato, lettuce, sauce, fries, and a sandwich.",0.8407972753047943,0.0,0.0,0.0
fusion,/media/crk/vol3/rt/coco/val2017/000000009914.jpg,"A plate of food which includes onions, tomato, lettuce, sauce, fries, and a sandwich.",3.7612371146678925,0.0,0.0,0.0
m2ib,/media/crk/vol3/rt/coco/val2017/000000465675.jpg,A beach with two boats and a tractor.,2.8925927355885506,0.0,2.0766736939549446,0.0
lciba,/media/crk/vol3/rt/coco/val2017/000000465675.jpg,A beach with two boats and a tractor.,3.4258022904396057,0.0,2.074055001139641,0.0
libragrad,/media/crk/vol3/rt/coco/val2017/000000465675.jpg,A beach with two boats and a tractor.,3.6562111228704453,0.0,0.0,0.0
fusion,/media/crk/vol3/rt/coco/val2017/000000465675.jpg,A beach with two boats and a tractor.,1.7504194751381874,0.0,2.069208212196827,0.0
m2ib,/media/crk/vol3/rt/coco/val2017/000000476787.jpg,There is a homemade pizza on a cutting board.,2.536442130804062,0.0,0.008255988359451294,0.0
lciba,/media/crk/vol3/rt/coco/val2017/000000476787.jpg,There is a homemade pizza on a cutting board.,3.0800040811300278,0.0,1.513734832406044,0.0
libragrad,/media/crk/vol3/rt/coco/val2017/000000476787.jpg,There is a homemade pizza on a cutting board.,3.145495429635048,0.0,1.229582354426384,0.0
fusion,/media/crk/vol3/rt/coco/val2017/000000476787.jpg,There is a homemade pizza on a cutting board.,4.231814295053482,0.0,0.0,100.0
m2ib,/media/crk/vol3/rt/coco/val2017/000000542089.jpg,a bathroom with a bath tub a sink and a mirror,0.0,100.0,0.0,100.0
lciba,/media/crk/vol3/rt/coco/val2017/000000542089.jpg,a bathroom with a bath tub a sink and a mirror,0.0,100.0,0.43645016849040985,0.0
libragrad,/media/crk/vol3/rt/coco/val2017/000000542089.jpg,a bathroom with a bath tub a sink and a mirror,0.0,100.0,0.0,0.0
fusion,/media/crk/vol3/rt/coco/val2017/000000542089.jpg,a bathroom with a bath tub a sink and a mirror,0.0,100.0,0.0,0.0
m2ib,/media/crk/vol3/rt/coco/val2017/000000524850.jpg,A crowd of people standing around a bus next to a parked jetliner.,0.0,100.0,1.9668150693178177,0.0
lciba,/media/crk/vol3/rt/coco/val2017/000000524850.jpg,A crowd of people standing around a bus next to a parked jetliner.,0.18929969519376755,0.0,0.359102338552475,0.0
libragrad,/media/crk/vol3/rt/coco/val2017/000000524850.jpg,A crowd of people standing around a bus next to a parked jetliner.,0.3912815824151039,0.0,0.0,0.0
fusion,/media/crk/vol3/rt/coco/val2017/000000524850.jpg,A crowd of people standing around a bus next to a parked jetliner.,0.0,100.0,0.059549883008003235,0.0
m2ib,/media/crk/vol3/rt/coco/val2017/000000133778.jpg,A young calf drinks from its mother's udders,0.29595792293548584,0.0,1.8408961594104767,0.0
lciba,/media/crk/vol3/rt/coco/val2017/000000133778.jpg,A young calf drinks from its mother's udders,0.22459253668785095,0.0,1.7582863569259644,0.0
libragrad,/media/crk/vol3/rt/coco/val2017/000000133778.jpg,A young calf drinks from its mother's udders,1.555047556757927,0.0,0.043658167123794556,0.0
fusion,/media/crk/vol3/rt/coco/val2017/000000133778.jpg,A young calf drinks from its mother's udders,6.58329501748085,0.0,0.09742975234985352,0.0
m2ib,/media/crk/vol3/rt/coco/val2017/000000518326.jpg,Creepy large doll heads laying in giant oversized fake beds.,0.0,100.0,0.019938871264457703,0.0
lciba,/media/crk/vol3/rt/coco/val2017/000000518326.jpg,Creepy large doll heads laying in giant oversized fake beds.,0.0,100.0,1.2505922466516495,0.0
libragrad,/media/crk/vol3/rt/coco/val2017/000000518326.jpg,Creepy large doll heads laying in giant oversized fake beds.,0.0,100.0,0.0,0.0
fusion,/media/crk/vol3/rt/coco/val2017/000000518326.jpg,Creepy large doll heads laying in giant oversized fake beds.,0.0,100.0,0.0,0.0
m2ib,/media/crk/vol3/rt/coco/val2017/000000483050.jpg,A large bed with two lamps on either side lighting the room. ,0.0,100.0,0.7375914603471756,0.0
lciba,/media/crk/vol3/rt/coco/val2017/000000483050.jpg,A large bed with two lamps on either side lighting the room. ,0.0,100.0,0.6993919610977173,0.0
libragrad,/media/crk/vol3/rt/coco/val2017/000000483050.jpg,A large bed with two lamps on either side lighting the room. ,0.0,100.0,0.0,0.0
fusion,/media/crk/vol3/rt/coco/val2017/000000483050.jpg,A large bed with two lamps on either side lighting the room. ,0.0,100.0,0.012815743684768677,0.0
m2ib,/media/crk/vol3/rt/coco/val2017/000000125211.jpg,A zebra standing on top of a grass covered field.,0.0,100.0,1.6503212973475456,0.0
lciba,/media/crk/vol3/rt/coco/val2017/000000125211.jpg,A zebra standing on top of a grass covered field.,0.0,100.0,0.04556812345981598,0.0
libragrad,/media/crk/vol3/rt/coco/val2017/000000125211.jpg,A zebra standing on top of a grass covered field.,0.0,100.0,0.0,0.0
fusion,/media/crk/vol3/rt/coco/val2017/000000125211.jpg,A zebra standing on top of a grass covered field.,1.1823944747447968,0.0,0.0,0.0
m2ib,/media/crk/vol3/rt/coco/val2017/000000367228.jpg,Young man flying a kite over a grassy area by water.,1.996719092130661,0.0,0.05586668848991394,0.0
lciba,/media/crk/vol3/rt/coco/val2017/000000367228.jpg,Young man flying a kite over a grassy area by water.,0.01768842339515686,0.0,0.20986385643482208,0.0
libragrad,/media/crk/vol3/rt/coco/val2017/000000367228.jpg,Young man flying a kite over a grassy area by water.,3.0218496918678284,0.0,0.0,0.0
fusion,/media/crk/vol3/rt/coco/val2017/000000367228.jpg,Young man flying a kite over a grassy area by water.,4.474400728940964,0.0,0.0,0.0
m2ib,/media/crk/vol3/rt/coco/val2017/000000425925.jpg,A large clock tower in the center of a city.,0.0,100.0,2.1686743944883347,0.0
lciba,/media/crk/vol3/rt/coco/val2017/000000425925.jpg,A large clock tower in the center of a city.,2.272448316216469,0.0,0.07818471640348434,0.0
libragrad,/media/crk/vol3/rt/coco/val2017/000000425925.jpg,A large clock tower in the center of a city.,1.2426613830029964,0.0,0.0,0.0
fusion,/media/crk/vol3/rt/coco/val2017/000000425925.jpg,A large clock tower in the center of a city.,1.4897163026034832,0.0,0.0,0.0
m2ib,/media/crk/vol3/rt/coco/val2017/000000280710.jpg,A group of people walking down a city street near a bus.,3.557649999856949,0.0,0.09762351401150227,0.0
lciba,/media/crk/vol3/rt/coco/val2017/000000280710.jpg,A group of people walking down a city street near a bus.,1.873636431992054,0.0,1.9447272643446922,0.0
libragrad,/media/crk/vol3/rt/coco/val2017/000000280710.jpg,A group of people walking down a city street near a bus.,3.495166078209877,0.0,0.0,0.0
fusion,/media/crk/vol3/rt/coco/val2017/000000280710.jpg,A group of people walking down a city street near a bus.,2.8243588283658028,0.0,0.0,0.0
m2ib,/media/crk/vol3/rt/coco/val2017/000000429623.jpg,A very large pizza on top of a pan on a table.,1.289268583059311,0.0,0.8837128058075905,0.0
lciba,/media/crk/vol3/rt/coco/val2017/000000429623.jpg,A very large pizza on top of a pan on a table.,1.9104130566120148,0.0,0.9699098765850067,0.0
libragrad,/media/crk/vol3/rt/coco/val2017/000000429623.jpg,A very large pizza on top of a pan on a table.,0.20591653883457184,0.0,0.0,0.0
fusion,/media/crk/vol3/rt/coco/val2017/000000429623.jpg,A very large pizza on top of a pan on a table.,1.0571498423814774,0.0,0.763293169438839,0.0
m2ib,/media/crk/vol3/rt/coco/val2017/000000036861.jpg,A parking meter on the side of the street with a ring for attaching bicycles.,0.0,100.0,2.974396198987961,0.0
lciba,/media/crk/vol3/rt/coco/val2017/000000036861.jpg,A parking meter on the side of the street with a ring for attaching bicycles.,0.0,100.0,0.15556896105408669,0.0
libragrad,/media/crk/vol3/rt/coco/val2017/000000036861.jpg,A parking meter on the side of the street with a ring for attaching bicycles.,1.5934702008962631,0.0,0.0,0.0
fusion,/media/crk/vol3/rt/coco/val2017/000000036861.jpg,A parking meter on the side of the street with a ring for attaching bicycles.,1.720079593360424,0.0,0.0,100.0
m2ib,/media/crk/vol3/rt/coco/val2017/000000098018.jpg,This is a picture of a kitchen in a poverty area of a town.,0.0,100.0,0.0,100.0
lciba,/media/crk/vol3/rt/coco/val2017/000000098018.jpg,This is a picture of a kitchen in a poverty area of a town.,0.0,100.0,0.2847348339855671,0.0
libragrad,/media/crk/vol3/rt/coco/val2017/000000098018.jpg,This is a picture of a kitchen in a poverty area of a town.,0.0,100.0,0.0,100.0
fusion,/media/crk/vol3/rt/coco/val2017/000000098018.jpg,This is a picture of a kitchen in a poverty area of a town.,0.0,100.0,0.0,100.0
m2ib,/media/crk/vol3/rt/coco/val2017/000000370900.jpg,A group of white teddy bears on a white table.,0.0,100.0,0.0,100.0
lciba,/media/crk/vol3/rt/coco/val2017/000000370900.jpg,A group of white teddy bears on a white table.,0.0,100.0,0.19887350499629974,0.0
libragrad,/media/crk/vol3/rt/coco/val2017/000000370900.jpg,A group of white teddy bears on a white table.,0.0,100.0,0.0,0.0
fusion,/media/crk/vol3/rt/coco/val2017/000000370900.jpg,A group of white teddy bears on a white table.,0.0,100.0,0.0,0.0
m2ib,/media/crk/vol3/rt/coco/val2017/000000357501.jpg,A gold colored pair of scissors cutting into a piece of bejeweled fabric with other bejeweled items in the background.,0.27330946177244186,0.0,0.13835299760103226,0.0
lciba,/media/crk/vol3/rt/coco/val2017/000000357501.jpg,A gold colored pair of scissors cutting into a piece of bejeweled fabric with other bejeweled items in the background.,0.0,100.0,0.2754810266196728,0.0
libragrad,/media/crk/vol3/rt/coco/val2017/000000357501.jpg,A gold colored pair of scissors cutting into a piece of bejeweled fabric with other bejeweled items in the background.,0.6093194708228111,0.0,0.0,0.0
fusion,/media/crk/vol3/rt/coco/val2017/000000357501.jpg,A gold colored pair of scissors cutting into a piece of bejeweled fabric with other bejeweled items in the background.,0.0,100.0,0.008871685713529587,0.0
m2ib,/media/crk/vol3/rt/coco/val2017/000000453302.jpg,"A kitchen that has a tile floor, a refrigerator, a microwave, and a toaster.",2.6440411806106567,0.0,0.24434030055999756,0.0
lciba,/media/crk/vol3/rt/coco/val2017/000000453302.jpg,"A kitchen that has a tile floor, a refrigerator, a microwave, and a toaster.",3.0185818672180176,0.0,0.31872987747192383,0.0
libragrad,/media/crk/vol3/rt/coco/val2017/000000453302.jpg,"A kitchen that has a tile floor, a refrigerator, a microwave, and a toaster.",4.501074925065041,0.0,0.0,0.0
fusion,/media/crk/vol3/rt/coco/val2017/000000453302.jpg,"A kitchen that has a tile floor, a refrigerator, a microwave, and a toaster.",5.502557754516602,0.0,0.0,0.0
m2ib,/media/crk/vol3/rt/coco/val2017/000000023126.jpg,A man is standing on top of two horses and holding the reigns.,2.1610915660858154,0.0,0.03608036786317825,0.0
lciba,/media/crk/vol3/rt/coco/val2017/000000023126.jpg,A man is standing on top of two horses and holding the reigns.,0.0,100.0,0.24587400257587433,0.0
libragrad,/media/crk/vol3/rt/coco/val2017/000000023126.jpg,A man is standing on top of two horses and holding the reigns.,0.0,100.0,0.0,0.0
fusion,/media/crk/vol3/rt/coco/val2017/000000023126.jpg,A man is standing on top of two horses and holding the reigns.,0.0,100.0,0.0,100.0
m2ib,/media/crk/vol3/rt/coco/val2017/000000393115.jpg,Nan or woman is enjoying a day of surfboarding on a brown/orange board.,0.6705291569232941,0.0,0.24469923228025436,0.0
lciba,/media/crk/vol3/rt/coco/val2017/000000393115.jpg,Nan or woman is enjoying a day of surfboarding on a brown/orange board.,0.0,100.0,0.15312470495700836,0.0
libragrad,/media/crk/vol3/rt/coco/val2017/000000393115.jpg,Nan or woman is enjoying a day of surfboarding on a brown/orange board.,0.9473542682826519,0.0,0.0,0.0
fusion,/media/crk/vol3/rt/coco/val2017/000000393115.jpg,Nan or woman is enjoying a day of surfboarding on a brown/orange board.,2.638165093958378,0.0,0.0,100.0
m2ib,/media/crk/vol3/rt/coco/val2017/000000466567.jpg,A tree with a donut as an ornament,2.2092461585998535,0.0,0.0,100.0
lciba,/media/crk/vol3/rt/coco/val2017/000000466567.jpg,A tree with a donut as an ornament,1.1262383311986923,0.0,0.0,100.0
libragrad,/media/crk/vol3/rt/coco/val2017/000000466567.jpg,A tree with a donut as an ornament,3.0627846717834473,0.0,0.0,0.0
fusion,/media/crk/vol3/rt/coco/val2017/000000466567.jpg,A tree with a donut as an ornament,4.877772927284241,0.0,0.0,0.0
m2ib,/media/crk/vol3/rt/coco/val2017/000000021167.jpg,The couple are dressed up and posing for photos.,0.7683202624320984,0.0,0.03927387297153473,0.0
lciba,/media/crk/vol3/rt/coco/val2017/000000021167.jpg,The couple are dressed up and posing for photos.,0.21015405654907227,0.0,0.5006492137908936,0.0
libragrad,/media/crk/vol3/rt/coco/val2017/000000021167.jpg,The couple are dressed up and posing for photos.,1.324060931801796,0.0,0.0,0.0
fusion,/media/crk/vol3/rt/coco/val2017/000000021167.jpg,The couple are dressed up and posing for photos.,5.248482525348663,0.0,0.0,0.0
m2ib,/media/crk/vol3/rt/coco/val2017/000000410735.jpg,Various different pictures of food in a bowl.,0.0,100.0,0.0,100.0
lciba,/media/crk/vol3/rt/coco/val2017/000000410735.jpg,Various different pictures of food in a bowl.,0.0,100.0,0.0,100.0
libragrad,/media/crk/vol3/rt/coco/val2017/000000410735.jpg,Various different pictures of food in a bowl.,0.0,100.0,0.0,0.0
fusion,/media/crk/vol3/rt/coco/val2017/000000410735.jpg,Various different pictures of food in a bowl.,0.0,100.0,0.0,0.0
m2ib,/media/crk/vol3/rt/coco/val2017/000000516916.jpg,A desk with five computers in a row on it. ,0.23577064275741577,0.0,1.8385455012321472,0.0
lciba,/media/crk/vol3/rt/coco/val2017/000000516916.jpg,A desk with five computers in a row on it. ,0.26877038180828094,0.0,1.8862314522266388,0.0
libragrad,/media/crk/vol3/rt/coco/val2017/000000516916.jpg,A desk with five computers in a row on it. ,1.7233308404684067,0.0,0.0,0.0
fusion,/media/crk/vol3/rt/coco/val2017/000000516916.jpg,A desk with five computers in a row on it. ,2.1013427525758743,0.0,0.04269629716873169,0.0
m2ib,/media/crk/vol3/rt/coco/val2017/000000250205.jpg,Couple of Seagulls stand next to each other watching the same thing,0.4065772518515587,0.0,0.11284518986940384,0.0
lciba,/media/crk/vol3/rt/coco/val2017/000000250205.jpg,Couple of Seagulls stand next to each other watching the same thing,1.5546489506959915,0.0,1.1846775189042091,0.0
libragrad,/media/crk/vol3/rt/coco/val2017/000000250205.jpg,Couple of Seagulls stand next to each other watching the same thing,2.90971826761961,0.0,0.0,0.0
fusion,/media/crk/vol3/rt/coco/val2017/000000250205.jpg,Couple of Seagulls stand next to each other watching the same thing,2.570516988635063,0.0,0.0,100.0
m2ib,/media/crk/vol3/rt/coco/val2017/000000559099.jpg,Several cows are seen grazing in a field.,3.6286648362874985,0.0,2.0392555743455887,0.0
lciba,/media/crk/vol3/rt/coco/val2017/000000559099.jpg,Several cows are seen grazing in a field.,4.1637178510427475,0.0,0.06841011345386505,0.0
libragrad,/media/crk/vol3/rt/coco/val2017/000000559099.jpg,Several cows are seen grazing in a field.,5.505345389246941,0.0,0.0,0.0
fusion,/media/crk/vol3/rt/coco/val2017/000000559099.jpg,Several cows are seen grazing in a field.,5.295580253005028,0.0,1.9832920283079147,0.0
m2ib,/media/crk/vol3/rt/coco/val2017/000000107087.jpg,A black cat sits in a car and looks out.,2.5531968101859093,0.0,0.16948096454143524,0.0
lciba,/media/crk/vol3/rt/coco/val2017/000000107087.jpg,A black cat sits in a car and looks out.,0.04137307405471802,0.0,2.5923343375325203,0.0
libragrad,/media/crk/vol3/rt/coco/val2017/000000107087.jpg,A black cat sits in a car and looks out.,2.471495419740677,0.0,0.0,0.0
fusion,/media/crk/vol3/rt/coco/val2017/000000107087.jpg,A black cat sits in a car and looks out.,2.72670891135931,0.0,0.007790699601173401,0.0
m2ib,/media/crk/vol3/rt/coco/val2017/000000222825.jpg,A kitchen with a stove top oven next to a white fridge.,1.9637666642665863,0.0,0.07981695234775543,0.0
lciba,/media/crk/vol3/rt/coco/val2017/000000222825.jpg,A kitchen with a stove top oven next to a white fridge.,0.8162789046764374,0.0,0.2256695181131363,0.0
libragrad,/media/crk/vol3/rt/coco/val2017/000000222825.jpg,A kitchen with a stove top oven next to a white fridge.,3.195580840110779,0.0,0.0,100.0
fusion,/media/crk/vol3/rt/coco/val2017/000000222825.jpg,A kitchen with a stove top oven next to a white fridge.,5.185937881469727,0.0,0.0,100.0
m2ib,/media/crk/vol3/rt/coco/val2017/000000368038.jpg,A colorful train sits on the tracks in the sunshine.,1.9622698426246643,0.0,0.018271803855895996,0.0
lciba,/media/crk/vol3/rt/coco/val2017/000000368038.jpg,A colorful train sits on the tracks in the sunshine.,2.348662167787552,0.0,0.8462123572826385,0.0
libragrad,/media/crk/vol3/rt/coco/val2017/000000368038.jpg,A colorful train sits on the tracks in the sunshine.,3.134586662054062,0.0,0.0,0.0
fusion,/media/crk/vol3/rt/coco/val2017/000000368038.jpg,A colorful train sits on the tracks in the sunshine.,4.404756426811218,0.0,0.0,0.0
m2ib,/media/crk/vol3/rt/coco/val2017/000000234366.jpg,A clock tower in the middle of a town square.,0.0,100.0,0.0,0.0
lciba,/media/crk/vol3/rt/coco/val2017/000000234366.jpg,A clock tower in the middle of a town square.,0.0,100.0,1.6797106713056564,0.0
libragrad,/media/crk/vol3/rt/coco/val2017/000000234366.jpg,A clock tower in the middle of a town square.,0.0,100.0,0.0,0.0
fusion,/media/crk/vol3/rt/coco/val2017/000000234366.jpg,A clock tower in the middle of a town square.,0.0,100.0,0.0,0.0
m2ib,/media/crk/vol3/rt/coco/val2017/000000213830.jpg,two tennis players in blue shirts playing tennis,2.6862259954214096,0.0,0.0,0.0
lciba,/media/crk/vol3/rt/coco/val2017/000000213830.jpg,two tennis players in blue shirts playing tennis,1.8598124384880066,0.0,0.09205006062984467,0.0
libragrad,/media/crk/vol3/rt/coco/val2017/000000213830.jpg,two tennis players in blue shirts playing tennis,4.8743125051259995,0.0,0.0,0.0
fusion,/media/crk/vol3/rt/coco/val2017/000000213830.jpg,two tennis players in blue shirts playing tennis,0.5937570706009865,0.0,0.0,0.0
m2ib,/media/crk/vol3/rt/coco/val2017/000000209222.jpg,Black and white photograph of a man sitting at a bench.,0.046895258128643036,0.0,0.010827183723449707,0.0
lciba,/media/crk/vol3/rt/coco/val2017/000000209222.jpg,Black and white photograph of a man sitting at a bench.,2.161262370646,0.0,1.4120414853096008,0.0
libragrad,/media/crk/vol3/rt/coco/val2017/000000209222.jpg,Black and white photograph of a man sitting at a bench.,0.9474189952015877,0.0,0.0,0.0
fusion,/media/crk/vol3/rt/coco/val2017/000000209222.jpg,Black and white photograph of a man sitting at a bench.,0.6218681111931801,0.0,0.0,0.0
m2ib,/media/crk/vol3/rt/coco/val2017/000000284445.jpg,A group of people crossing a street next to a bend traffic light.,1.4707539230585098,0.0,0.9203486144542694,0.0
lciba,/media/crk/vol3/rt/coco/val2017/000000284445.jpg,A group of people crossing a street next to a bend traffic light.,0.8450169116258621,0.0,1.0070137679576874,0.0
libragrad,/media/crk/vol3/rt/coco/val2017/000000284445.jpg,A group of people crossing a street next to a bend traffic light.,1.5410605818033218,0.0,0.0,100.0
fusion,/media/crk/vol3/rt/coco/val2017/000000284445.jpg,A group of people crossing a street next to a bend traffic light.,3.7351958453655243,0.0,0.06173774600028992,0.0
m2ib,/media/crk/vol3/rt/coco/val2017/000000373353.jpg,People crossing a street in front of a taxi and tour bus.,0.0,100.0,0.024751713499426842,0.0
lciba,/media/crk/vol3/rt/coco/val2017/000000373353.jpg,People crossing a street in front of a taxi and tour bus.,0.0,100.0,0.1594538800418377,0.0
libragrad,/media/crk/vol3/rt/coco/val2017/000000373353.jpg,People crossing a street in front of a taxi and tour bus.,2.1759308874607086,0.0,0.0,0.0
fusion,/media/crk/vol3/rt/coco/val2017/000000373353.jpg,People crossing a street in front of a taxi and tour bus.,1.9195590168237686,0.0,0.0,0.0
m2ib,/media/crk/vol3/rt/coco/val2017/000000150649.jpg,Different views of a man who is skateboarding.,0.0,100.0,0.0,100.0
lciba,/media/crk/vol3/rt/coco/val2017/000000150649.jpg,Different views of a man who is skateboarding.,0.9375080466270447,0.0,0.009850040078163147,0.0
libragrad,/media/crk/vol3/rt/coco/val2017/000000150649.jpg,Different views of a man who is skateboarding.,0.0,100.0,0.0,0.0
fusion,/media/crk/vol3/rt/coco/val2017/000000150649.jpg,Different views of a man who is skateboarding.,1.759265922009945,0.0,0.04585478454828262,0.0
m2ib,/media/crk/vol3/rt/coco/val2017/000000177714.jpg,A plate of cooked food in seen in this image.,0.0,100.0,0.0,0.0
lciba,/media/crk/vol3/rt/coco/val2017/000000177714.jpg,A plate of cooked food in seen in this image.,0.7642284035682678,0.0,0.0,100.0
libragrad,/media/crk/vol3/rt/coco/val2017/000000177714.jpg,A plate of cooked food in seen in this image.,0.08678324520587921,0.0,0.0,0.0
fusion,/media/crk/vol3/rt/coco/val2017/000000177714.jpg,A plate of cooked food in seen in this image.,0.851697102189064,0.0,0.0,0.0
m2ib,/media/crk/vol3/rt/coco/val2017/000000022705.jpg,The woman in the dress is holding her drink.,0.40750354528427124,0.0,0.0,100.0
lciba,/media/crk/vol3/rt/coco/val2017/000000022705.jpg,The woman in the dress is holding her drink.,2.666701562702656,0.0,0.40126554667949677,0.0
libragrad,/media/crk/vol3/rt/coco/val2017/000000022705.jpg,The woman in the dress is holding her drink.,2.901710942387581,0.0,0.0,0.0
fusion,/media/crk/vol3/rt/coco/val2017/000000022705.jpg,The woman in the dress is holding her drink.,4.776099324226379,0.0,0.0,100.0
m2ib,/media/crk/vol3/rt/coco/val2017/000000426166.jpg,A light blue bicycle chained to a pole on the sidewalk in front of a red building.,1.814967393875122,0.0,0.0,100.0
lciba,/media/crk/vol3/rt/coco/val2017/000000426166.jpg,A light blue bicycle chained to a pole on the sidewalk in front of a red building.,2.5747276842594147,0.0,1.3560544699430466,0.0
libragrad,/media/crk/vol3/rt/coco/val2017/000000426166.jpg,A light blue bicycle chained to a pole on the sidewalk in front of a red building.,1.885301060974598,0.0,0.0,0.0
fusion,/media/crk/vol3/rt/coco/val2017/000000426166.jpg,A light blue bicycle chained to a pole on the sidewalk in front of a red building.,1.319999061524868,0.0,0.005613453686237335,0.0
m2ib,/media/crk/vol3/rt/coco/val2017/000000322844.jpg,there are two stuffed animals on a wooden bench,1.5072330832481384,0.0,0.01064268872141838,0.0
lciba,/media/crk/vol3/rt/coco/val2017/000000322844.jpg,there are two stuffed animals on a wooden bench,2.597372978925705,0.0,1.0637970641255379,0.0
libragrad,/media/crk/vol3/rt/coco/val2017/000000322844.jpg,there are two stuffed animals on a wooden bench,0.38471478037536144,0.0,0.0,0.0
fusion,/media/crk/vol3/rt/coco/val2017/000000322844.jpg,there are two stuffed animals on a wooden bench,0.0,100.0,0.020000431686639786,0.0
m2ib,/media/crk/vol3/rt/coco/val2017/000000210388.jpg,Some people are walking in the snow and having fun. ,3.3729009330272675,0.0,0.2523992210626602,0.0
lciba,/media/crk/vol3/rt/coco/val2017/000000210388.jpg,Some people are walking in the snow and having fun. ,3.6796770989894867,0.0,0.3726545721292496,0.0
libragrad,/media/crk/vol3/rt/coco/val2017/000000210388.jpg,Some people are walking in the snow and having fun. ,4.028116166591644,0.0,0.0,0.0
fusion,/media/crk/vol3/rt/coco/val2017/000000210388.jpg,Some people are walking in the snow and having fun. ,3.9036955684423447,0.0,0.16214177012443542,0.0
m2ib,/media/crk/vol3/rt/coco/val2017/000000047571.jpg,Some people sit in a carriage pulled by a horse. ,1.7406493425369263,0.0,0.9601309895515442,0.0
lciba,/media/crk/vol3/rt/coco/val2017/000000047571.jpg,Some people sit in a carriage pulled by a horse. ,1.0204787366092205,0.0,1.0977093130350113,0.0
libragrad,/media/crk/vol3/rt/coco/val2017/000000047571.jpg,Some people sit in a carriage pulled by a horse. ,1.9809206947684288,0.0,0.0,0.0
fusion,/media/crk/vol3/rt/coco/val2017/000000047571.jpg,Some people sit in a carriage pulled by a horse. ,2.8952689841389656,0.0,0.10871635749936104,0.0
m2ib,/media/crk/vol3/rt/coco/val2017/000000273760.jpg,A man standing on top of a tennis court holding a racquet.,0.0,100.0,0.0,100.0
lciba,/media/crk/vol3/rt/coco/val2017/000000273760.jpg,A man standing on top of a tennis court holding a racquet.,1.5466801822185516,0.0,0.0,100.0
libragrad,/media/crk/vol3/rt/coco/val2017/000000273760.jpg,A man standing on top of a tennis court holding a racquet.,1.459953933954239,0.0,0.0,0.0
fusion,/media/crk/vol3/rt/coco/val2017/000000273760.jpg,A man standing on top of a tennis court holding a racquet.,2.5514909997582436,0.0,0.0,0.0
m2ib,/media/crk/vol3/rt/coco/val2017/000000076547.jpg,the man is working on his laptop while he waits for the train.,0.0,100.0,0.376187264919281,0.0
lciba,/media/crk/vol3/rt/coco/val2017/000000076547.jpg,the man is working on his laptop while he waits for the train.,0.0,100.0,0.5131341516971588,0.0
libragrad,/media/crk/vol3/rt/coco/val2017/000000076547.jpg,the man is working on his laptop while he waits for the train.,0.007410719990730286,0.0,0.0,0.0
fusion,/media/crk/vol3/rt/coco/val2017/000000076547.jpg,the man is working on his laptop while he waits for the train.,0.0,100.0,0.3332320600748062,0.0
m2ib,/media/crk/vol3/rt/coco/val2017/000000224093.jpg,A field with a bunch of cows grazing.,0.5453009158372879,0.0,0.0,100.0
lciba,/media/crk/vol3/rt/coco/val2017/000000224093.jpg,A field with a bunch of cows grazing.,1.257190853357315,0.0,0.0,100.0
libragrad,/media/crk/vol3/rt/coco/val2017/000000224093.jpg,A field with a bunch of cows grazing.,0.6051775068044662,0.0,0.0,0.0
fusion,/media/crk/vol3/rt/coco/val2017/000000224093.jpg,A field with a bunch of cows grazing.,0.35857390612363815,0.0,0.0,100.0
m2ib,/media/crk/vol3/rt/coco/val2017/000000295478.jpg,A woman walking a small white dog down a street.,2.223939821124077,0.0,1.863379031419754,0.0
lciba,/media/crk/vol3/rt/coco/val2017/000000295478.jpg,A woman walking a small white dog down a street.,3.811509534716606,0.0,0.3396473824977875,0.0
libragrad,/media/crk/vol3/rt/coco/val2017/000000295478.jpg,A woman walking a small white dog down a street.,3.584938496351242,0.0,0.0,0.0
fusion,/media/crk/vol3/rt/coco/val2017/000000295478.jpg,A woman walking a small white dog down a street.,3.88297438621521,0.0,1.832021027803421,0.0
m2ib,/media/crk/vol3/rt/coco/val2017/000000509008.jpg,a lime and green bus parked on a grass field parking lot.,1.0471552610397339,0.0,0.16080010682344437,0.0
lciba,/media/crk/vol3/rt/coco/val2017/000000509008.jpg,a lime and green bus parked on a grass field parking lot.,2.446431666612625,0.0,2.6184212416410446,0.0
libragrad,/media/crk/vol3/rt/coco/val2017/000000509008.jpg,a lime and green bus parked on a grass field parking lot.,3.199860453605652,0.0,0.0,0.0
fusion,/media/crk/vol3/rt/coco/val2017/000000509008.jpg,a lime and green bus parked on a grass field parking lot.,3.6717772483825684,0.0,0.0,100.0
m2ib,/media/crk/vol3/rt/coco/val2017/000000253433.jpg,a little teddy bear dressed in some BDSM gear and chains ,0.0,100.0,0.9251333773136139,0.0
lciba,/media/crk/vol3/rt/coco/val2017/000000253433.jpg,a little teddy bear dressed in some BDSM gear and chains ,0.2452254295349121,0.0,0.22067613899707794,0.0
libragrad,/media/crk/vol3/rt/coco/val2017/000000253433.jpg,a little teddy bear dressed in some BDSM gear and chains ,0.0,100.0,0.0,0.0
fusion,/media/crk/vol3/rt/coco/val2017/000000253433.jpg,a little teddy bear dressed in some BDSM gear and chains ,0.0,100.0,0.0,0.0
m2ib,/media/crk/vol3/rt/coco/val2017/000000303499.jpg,Two people riding on the back of horses near a tall building.,1.6049407422542572,0.0,0.0,100.0
lciba,/media/crk/vol3/rt/coco/val2017/000000303499.jpg,Two people riding on the back of horses near a tall building.,0.0,100.0,0.0,100.0
libragrad,/media/crk/vol3/rt/coco/val2017/000000303499.jpg,Two people riding on the back of horses near a tall building.,0.36291778087615967,0.0,0.0,0.0
fusion,/media/crk/vol3/rt/coco/val2017/000000303499.jpg,Two people riding on the back of horses near a tall building.,0.0,100.0,0.0424899160861969,0.0
m2ib,/media/crk/vol3/rt/coco/val2017/000000153568.jpg,A close up of a stop sign with two hand written notes taped to it.,0.0,100.0,0.6417497992515564,0.0
lciba,/media/crk/vol3/rt/coco/val2017/000000153568.jpg,A close up of a stop sign with two hand written notes taped to it.,0.0,100.0,4.347430169582367,0.0
libragrad,/media/crk/vol3/rt/coco/val2017/000000153568.jpg,A close up of a stop sign with two hand written notes taped to it.,0.0,100.0,0.0,0.0
fusion,/media/crk/vol3/rt/coco/val2017/000000153568.jpg,A close up of a stop sign with two hand written notes taped to it.,0.0,100.0,0.0,0.0
m2ib,/media/crk/vol3/rt/coco/val2017/000000415194.jpg,A kitchen that has a table and a chair.,0.0,100.0,0.9690409526228905,0.0
lciba,/media/crk/vol3/rt/coco/val2017/000000415194.jpg,A kitchen that has a table and a chair.,0.0,100.0,1.006963662803173,0.0
libragrad,/media/crk/vol3/rt/coco/val2017/000000415194.jpg,A kitchen that has a table and a chair.,0.4027646966278553,0.0,0.0,0.0
fusion,/media/crk/vol3/rt/coco/val2017/000000415194.jpg,A kitchen that has a table and a chair.,0.13132663443684578,0.0,0.0,0.0
m2ib,/media/crk/vol3/rt/coco/val2017/000000017379.jpg,a flat screen TV embedded in a restroom mirror.,2.788848429918289,0.0,0.003980845212936401,0.0
lciba,/media/crk/vol3/rt/coco/val2017/000000017379.jpg,a flat screen TV embedded in a restroom mirror.,2.4213679134845734,0.0,0.1573912799358368,0.0
libragrad,/media/crk/vol3/rt/coco/val2017/000000017379.jpg,a flat screen TV embedded in a restroom mirror.,1.941814087331295,0.0,0.0,0.0
fusion,/media/crk/vol3/rt/coco/val2017/000000017379.jpg,a flat screen TV embedded in a restroom mirror.,1.8416540697216988,0.0,0.0,0.0
m2ib,/media/crk/vol3/rt/coco/val2017/000000140556.jpg,these man are standing near a fire hydrant,1.4194473624229431,0.0,0.13201609253883362,0.0
lciba,/media/crk/vol3/rt/coco/val2017/000000140556.jpg,these man are standing near a fire hydrant,1.3218801468610764,0.0,1.8251553177833557,0.0
libragrad,/media/crk/vol3/rt/coco/val2017/000000140556.jpg,these man are standing near a fire hydrant,1.798008754849434,0.0,0.0,0.0
fusion,/media/crk/vol3/rt/coco/val2017/000000140556.jpg,these man are standing near a fire hydrant,3.280843421816826,0.0,0.0,0.0
m2ib,/media/crk/vol3/rt/coco/val2017/000000223747.jpg,a man sleeping with his cat next to him,0.0,100.0,0.0,100.0
lciba,/media/crk/vol3/rt/coco/val2017/000000223747.jpg,a man sleeping with his cat next to him,0.0,100.0,0.011087208986282349,0.0
libragrad,/media/crk/vol3/rt/coco/val2017/000000223747.jpg,a man sleeping with his cat next to him,0.0,100.0,0.0,100.0
fusion,/media/crk/vol3/rt/coco/val2017/000000223747.jpg,a man sleeping with his cat next to him,0.0,100.0,0.02048555761575699,0.0
m2ib,/media/crk/vol3/rt/coco/val2017/000000581206.jpg,A paper container filled with two hot dogs.,0.0,100.0,0.0,0.0
lciba,/media/crk/vol3/rt/coco/val2017/000000581206.jpg,A paper container filled with two hot dogs.,0.0,100.0,0.16530640423297882,0.0
libragrad,/media/crk/vol3/rt/coco/val2017/000000581206.jpg,A paper container filled with two hot dogs.,0.0,100.0,0.0,0.0
fusion,/media/crk/vol3/rt/coco/val2017/000000581206.jpg,A paper container filled with two hot dogs.,0.0,100.0,0.0,0.0
m2ib,/media/crk/vol3/rt/coco/val2017/000000002431.jpg,A plate on a wooden table full of bread.,0.0,100.0,0.04452541470527649,0.0
lciba,/media/crk/vol3/rt/coco/val2017/000000002431.jpg,A plate on a wooden table full of bread.,0.0,100.0,0.08380934596061707,0.0
libragrad,/media/crk/vol3/rt/coco/val2017/000000002431.jpg,A plate on a wooden table full of bread.,0.0,100.0,0.0,0.0
fusion,/media/crk/vol3/rt/coco/val2017/000000002431.jpg,A plate on a wooden table full of bread.,0.0,100.0,0.0,0.0
m2ib,/media/crk/vol3/rt/coco/val2017/000000386352.jpg,a tennis player who has just made a shot.,0.49492381513118744,0.0,0.2615543082356453,0.0
lciba,/media/crk/vol3/rt/coco/val2017/000000386352.jpg,a tennis player who has just made a shot.,1.065361127257347,0.0,0.40831509977579117,0.0
libragrad,/media/crk/vol3/rt/coco/val2017/000000386352.jpg,a tennis player who has just made a shot.,1.0873056948184967,0.0,0.0,0.0
fusion,/media/crk/vol3/rt/coco/val2017/000000386352.jpg,a tennis player who has just made a shot.,0.0,100.0,0.0,0.0
m2ib,/media/crk/vol3/rt/coco/val2017/000000505451.jpg,A person riding the waves on a surf board.,0.0,100.0,0.1397332176566124,0.0
lciba,/media/crk/vol3/rt/coco/val2017/000000505451.jpg,A person riding the waves on a surf board.,0.0,100.0,0.1652820035815239,0.0
libragrad,/media/crk/vol3/rt/coco/val2017/000000505451.jpg,A person riding the waves on a surf board.,0.0,100.0,0.0,0.0
fusion,/media/crk/vol3/rt/coco/val2017/000000505451.jpg,A person riding the waves on a surf board.,3.019191324710846,0.0,0.0,0.0
m2ib,/media/crk/vol3/rt/coco/val2017/000000046872.jpg,A man standing along side of a truck trailer.,4.008979350328445,0.0,0.05061700940132141,0.0
lciba,/media/crk/vol3/rt/coco/val2017/000000046872.jpg,A man standing along side of a truck trailer.,4.251794144511223,0.0,3.4660711884498596,0.0
libragrad,/media/crk/vol3/rt/coco/val2017/000000046872.jpg,A man standing along side of a truck trailer.,6.108715012669563,0.0,0.0,0.0
fusion,/media/crk/vol3/rt/coco/val2017/000000046872.jpg,A man standing along side of a truck trailer.,6.887824088335037,0.0,0.0,0.0
m2ib,/media/crk/vol3/rt/coco/val2017/000000309655.jpg,A woman is posing for a picture on the snowy mountain.,3.3604349941015244,0.0,0.28387662023305893,0.0
lciba,/media/crk/vol3/rt/coco/val2017/000000309655.jpg,A woman is posing for a picture on the snowy mountain.,2.0016582682728767,0.0,0.306926853954792,0.0
libragrad,/media/crk/vol3/rt/coco/val2017/000000309655.jpg,A woman is posing for a picture on the snowy mountain.,2.7865998446941376,0.0,0.0,0.0
fusion,/media/crk/vol3/rt/coco/val2017/000000309655.jpg,A woman is posing for a picture on the snowy mountain.,1.6617637127637863,0.0,0.01782625913619995,0.0
m2ib,/media/crk/vol3/rt/coco/val2017/000000180878.jpg,A table topped with a smart phone next to a white bag.,0.1632973551750183,0.0,0.026657432317733765,0.0
lciba,/media/crk/vol3/rt/coco/val2017/000000180878.jpg,A table topped with a smart phone next to a white bag.,0.0,100.0,0.2596575766801834,0.0
libragrad,/media/crk/vol3/rt/coco/val2017/000000180878.jpg,A table topped with a smart phone next to a white bag.,0.7245078682899475,0.0,0.0,0.0
fusion,/media/crk/vol3/rt/coco/val2017/000000180878.jpg,A table topped with a smart phone next to a white bag.,2.3328758776187897,0.0,0.05727633833885193,0.0
m2ib,/media/crk/vol3/rt/coco/val2017/000000514376.jpg,A trolley is going down the street while a car passes it.,0.2946380525827408,0.0,0.0794650986790657,0.0
lciba,/media/crk/vol3/rt/coco/val2017/000000514376.jpg,A trolley is going down the street while a car passes it.,1.36923436075449,0.0,1.6026617959141731,0.0
libragrad,/media/crk/vol3/rt/coco/val2017/000000514376.jpg,A trolley is going down the street while a car passes it.,0.1437908038496971,0.0,0.0,0.0
fusion,/media/crk/vol3/rt/coco/val2017/000000514376.jpg,A trolley is going down the street while a car passes it.,0.0,100.0,0.0,0.0
m2ib,/media/crk/vol3/rt/coco/val2017/000000512330.jpg,An open refrigerator filled with lots of food.,0.0,100.0,0.10136663913726807,0.0
lciba,/media/crk/vol3/rt/coco/val2017/000000512330.jpg,An open refrigerator filled with lots of food.,0.0,100.0,0.09111035615205765,0.0
libragrad,/media/crk/vol3/rt/coco/val2017/000000512330.jpg,An open refrigerator filled with lots of food.,0.0,100.0,0.0,100.0
fusion,/media/crk/vol3/rt/coco/val2017/000000512330.jpg,An open refrigerator filled with lots of food.,0.7542498409748077,0.0,0.0393720343708992,0.0
m2ib,/media/crk/vol3/rt/coco/val2017/000000552883.jpg,"A view of a kitchen with cabinets, a sink and a clothes washer.",1.2338414788246155,0.0,0.015944242477416992,0.0
lciba,/media/crk/vol3/rt/coco/val2017/000000552883.jpg,"A view of a kitchen with cabinets, a sink and a clothes washer.",1.4284111559391022,0.0,0.2649877220392227,0.0
libragrad,/media/crk/vol3/rt/coco/val2017/000000552883.jpg,"A view of a kitchen with cabinets, a sink and a clothes washer.",1.902974396944046,0.0,0.0,0.0
fusion,/media/crk/vol3/rt/coco/val2017/000000552883.jpg,"A view of a kitchen with cabinets, a sink and a clothes washer.",3.335212916135788,0.0,0.001341104507446289,0.0
m2ib,/media/crk/vol3/rt/coco/val2017/000000172396.jpg,A pizza being made within the oven ,0.0,100.0,0.0,100.0
lciba,/media/crk/vol3/rt/coco/val2017/000000172396.jpg,A pizza being made within the oven ,0.0,100.0,0.0,100.0
libragrad,/media/crk/vol3/rt/coco/val2017/000000172396.jpg,A pizza being made within the oven ,0.25343820452690125,0.0,0.0,0.0
fusion,/media/crk/vol3/rt/coco/val2017/000000172396.jpg,A pizza being made within the oven ,0.44218599796295166,0.0,0.0,0.0
m2ib,/media/crk/vol3/rt/coco/val2017/000000296222.jpg,A man wearing sunglasses while holding a plate of pizza.,3.7707477807998657,0.0,0.09727254509925842,0.0
lciba,/media/crk/vol3/rt/coco/val2017/000000296222.jpg,A man wearing sunglasses while holding a plate of pizza.,1.120244711637497,0.0,0.21607503294944763,0.0
libragrad,/media/crk/vol3/rt/coco/val2017/000000296222.jpg,A man wearing sunglasses while holding a plate of pizza.,3.7549663335084915,0.0,0.0,0.0
fusion,/media/crk/vol3/rt/coco/val2017/000000296222.jpg,A man wearing sunglasses while holding a plate of pizza.,4.293689504265785,0.0,0.0,0.0
m2ib,/media/crk/vol3/rt/coco/val2017/000000147729.jpg,People gathered taking pictures with a cell phone.,2.2537246346473694,0.0,0.050281547009944916,0.0
lciba,/media/crk/vol3/rt/coco/val2017/000000147729.jpg,People gathered taking pictures with a cell phone.,1.9082069396972656,0.0,0.06401091814041138,0.0
libragrad,/media/crk/vol3/rt/coco/val2017/000000147729.jpg,People gathered taking pictures with a cell phone.,1.8211010843515396,0.0,0.0,0.0
fusion,/media/crk/vol3/rt/coco/val2017/000000147729.jpg,People gathered taking pictures with a cell phone.,2.1179065108299255,0.0,0.0,0.0
m2ib,/media/crk/vol3/rt/coco/val2017/000000261982.jpg,A man flying through the air while riding a skateboard.,1.1534862220287323,0.0,1.7963003367185593,0.0
lciba,/media/crk/vol3/rt/coco/val2017/000000261982.jpg,A man flying through the air while riding a skateboard.,2.193853259086609,0.0,1.8235553056001663,0.0
libragrad,/media/crk/vol3/rt/coco/val2017/000000261982.jpg,A man flying through the air while riding a skateboard.,0.6601044908165932,0.0,0.0,0.0
fusion,/media/crk/vol3/rt/coco/val2017/000000261982.jpg,A man flying through the air while riding a skateboard.,0.0,100.0,1.7424486577510834,0.0
m2ib,/media/crk/vol3/rt/coco/val2017/000000404839.jpg,A couple standing together holding Wii controllers next to a building.,3.4098178148269653,0.0,0.0,100.0
lciba,/media/crk/vol3/rt/coco/val2017/000000404839.jpg,A couple standing together holding Wii controllers next to a building.,1.2274637818336487,0.0,1.32373021915555,0.0
libragrad,/media/crk/vol3/rt/coco/val2017/000000404839.jpg,A couple standing together holding Wii controllers next to a building.,3.908272832632065,0.0,0.0,100.0
fusion,/media/crk/vol3/rt/coco/val2017/000000404839.jpg,A couple standing together holding Wii controllers next to a building.,3.7627771496772766,0.0,0.0,100.0
m2ib,/media/crk/vol3/rt/coco/val2017/000000461036.jpg,Animal in shadows of woods surrounded by foliage. ,3.12487930059433,0.0,0.0,100.0
lciba,/media/crk/vol3/rt/coco/val2017/000000461036.jpg,Animal in shadows of woods surrounded by foliage. ,3.579770028591156,0.0,0.0,100.0
libragrad,/media/crk/vol3/rt/coco/val2017/000000461036.jpg,Animal in shadows of woods surrounded by foliage. ,2.491186186671257,0.0,0.0,0.0
fusion,/media/crk/vol3/rt/coco/val2017/000000461036.jpg,Animal in shadows of woods surrounded by foliage. ,4.838182777166367,0.0,0.0,0.0
m2ib,/media/crk/vol3/rt/coco/val2017/000000156643.jpg,Person cutting cake at a theme restaurant characters in background.,0.0,100.0,0.0,100.0
lciba,/media/crk/vol3/rt/coco/val2017/000000156643.jpg,Person cutting cake at a theme restaurant characters in background.,0.0,100.0,0.0,100.0
libragrad,/media/crk/vol3/rt/coco/val2017/000000156643.jpg,Person cutting cake at a theme restaurant characters in background.,0.0,100.0,0.0,0.0
fusion,/media/crk/vol3/rt/coco/val2017/000000156643.jpg,Person cutting cake at a theme restaurant characters in background.,0.0,100.0,0.024870410561561584,0.0
m2ib,/media/crk/vol3/rt/coco/val2017/000000255965.jpg,A cat pausing as it's picture is taken.,0.0,100.0,0.13555996119976044,0.0
lciba,/media/crk/vol3/rt/coco/val2017/000000255965.jpg,A cat pausing as it's picture is taken.,0.07213251665234566,0.0,0.4956938326358795,0.0
libragrad,/media/crk/vol3/rt/coco/val2017/000000255965.jpg,A cat pausing as it's picture is taken.,0.0,100.0,0.0,0.0
fusion,/media/crk/vol3/rt/coco/val2017/000000255965.jpg,A cat pausing as it's picture is taken.,0.0,100.0,0.0,0.0
m2ib,/media/crk/vol3/rt/coco/val2017/000000554595.jpg,A man laying on top of a sandy beach laying next to a surfboard.,0.0,100.0,0.0,100.0
lciba,/media/crk/vol3/rt/coco/val2017/000000554595.jpg,A man laying on top of a sandy beach laying next to a surfboard.,0.0,100.0,1.0396769270300865,0.0
libragrad,/media/crk/vol3/rt/coco/val2017/000000554595.jpg,A man laying on top of a sandy beach laying next to a surfboard.,1.4763036742806435,0.0,0.0,0.0
fusion,/media/crk/vol3/rt/coco/val2017/000000554595.jpg,A man laying on top of a sandy beach laying next to a surfboard.,2.8277412056922913,0.0,0.0,100.0
m2ib,/media/crk/vol3/rt/coco/val2017/000000384527.jpg,The furniture is posed in the room with a sign that says do not touch. ,0.24813208729028702,0.0,0.0,100.0
lciba,/media/crk/vol3/rt/coco/val2017/000000384527.jpg,The furniture is posed in the room with a sign that says do not touch. ,1.3670049607753754,0.0,0.0,100.0
libragrad,/media/crk/vol3/rt/coco/val2017/000000384527.jpg,The furniture is posed in the room with a sign that says do not touch. ,0.6133275106549263,0.0,0.0,0.0
fusion,/media/crk/vol3/rt/coco/val2017/000000384527.jpg,The furniture is posed in the room with a sign that says do not touch. ,0.0,100.0,0.0,100.0
m2ib,/media/crk/vol3/rt/coco/val2017/000000515266.jpg,A white truck parked next to a white trailer.,5.230886489152908,0.0,0.0763189047574997,0.0
lciba,/media/crk/vol3/rt/coco/val2017/000000515266.jpg,A white truck parked next to a white trailer.,2.3297691717743874,0.0,0.8378356695175171,0.0
libragrad,/media/crk/vol3/rt/coco/val2017/000000515266.jpg,A white truck parked next to a white trailer.,4.515163600444794,0.0,0.0,0.0
fusion,/media/crk/vol3/rt/coco/val2017/000000515266.jpg,A white truck parked next to a white trailer.,5.566569417715073,0.0,0.0,0.0
m2ib,/media/crk/vol3/rt/coco/val2017/000000494188.jpg,A black bird sitting next to a couple of people in chairs.,0.0,100.0,0.06725937128067017,0.0
lciba,/media/crk/vol3/rt/coco/val2017/000000494188.jpg,A black bird sitting next to a couple of people in chairs.,0.0,100.0,1.0647526010870934,0.0
libragrad,/media/crk/vol3/rt/coco/val2017/000000494188.jpg,A black bird sitting next to a couple of people in chairs.,0.0,100.0,0.0,0.0
fusion,/media/crk/vol3/rt/coco/val2017/000000494188.jpg,A black bird sitting next to a couple of people in chairs.,1.2083323672413826,0.0,0.0,100.0
m2ib,/media/crk/vol3/rt/coco/val2017/000000185250.jpg,A woman standing next to a  brown and white dog.,3.070097602903843,0.0,0.0,100.0
lciba,/media/crk/vol3/rt/coco/val2017/000000185250.jpg,A woman standing next to a  brown and white dog.,1.8103111535310745,0.0,1.5347164124250412,0.0
libragrad,/media/crk/vol3/rt/coco/val2017/000000185250.jpg,A woman standing next to a  brown and white dog.,5.044225230813026,0.0,0.0,0.0
fusion,/media/crk/vol3/rt/coco/val2017/000000185250.jpg,A woman standing next to a  brown and white dog.,1.9763372838497162,0.0,0.0,100.0
m2ib,/media/crk/vol3/rt/coco/val2017/000000475064.jpg,The front of a restaurant with someone holding up food ,0.0,100.0,0.040706247091293335,0.0
lciba,/media/crk/vol3/rt/coco/val2017/000000475064.jpg,The front of a restaurant with someone holding up food ,0.5948759615421295,0.0,0.29599443078041077,0.0
libragrad,/media/crk/vol3/rt/coco/val2017/000000475064.jpg,The front of a restaurant with someone holding up food ,0.0,100.0,0.0,0.0
fusion,/media/crk/vol3/rt/coco/val2017/000000475064.jpg,The front of a restaurant with someone holding up food ,0.0,100.0,0.0,0.0
m2ib,/media/crk/vol3/rt/coco/val2017/000000289702.jpg,Large black dog sitting in front of a big mirror. ,0.0,100.0,0.011080130934715271,0.0
lciba,/media/crk/vol3/rt/coco/val2017/000000289702.jpg,Large black dog sitting in front of a big mirror. ,0.0,100.0,0.5038589239120483,0.0
libragrad,/media/crk/vol3/rt/coco/val2017/000000289702.jpg,Large black dog sitting in front of a big mirror. ,0.9233202785253525,0.0,0.0,0.0
fusion,/media/crk/vol3/rt/coco/val2017/000000289702.jpg,Large black dog sitting in front of a big mirror. ,2.4921011179685593,0.0,0.0,0.0
m2ib,/media/crk/vol3/rt/coco/val2017/000000029596.jpg,"A room with a couch, table set with dinnerware and a television. ",0.6249038502573967,0.0,0.14376547187566757,0.0
lciba,/media/crk/vol3/rt/coco/val2017/000000029596.jpg,"A room with a couch, table set with dinnerware and a television. ",0.7552266120910645,0.0,0.32989736646413803,0.0
libragrad,/media/crk/vol3/rt/coco/val2017/000000029596.jpg,"A room with a couch, table set with dinnerware and a television. ",0.45372098684310913,0.0,0.0,0.0
fusion,/media/crk/vol3/rt/coco/val2017/000000029596.jpg,"A room with a couch, table set with dinnerware and a television. ",2.09079347550869,0.0,0.04875492304563522,0.0
m2ib,/media/crk/vol3/rt/coco/val2017/000000462371.jpg,A group of people standing around a white cake.,0.0,100.0,1.493883691728115,0.0
lciba,/media/crk/vol3/rt/coco/val2017/000000462371.jpg,A group of people standing around a white cake.,0.0,100.0,0.0,100.0
libragrad,/media/crk/vol3/rt/coco/val2017/000000462371.jpg,A group of people standing around a white cake.,0.0,100.0,0.0,0.0
fusion,/media/crk/vol3/rt/coco/val2017/000000462371.jpg,A group of people standing around a white cake.,0.0,100.0,1.5619859099388123,0.0
m2ib,/media/crk/vol3/rt/coco/val2017/000000454661.jpg,A street filled with traffic next to a building.,0.0,100.0,0.0,100.0
lciba,/media/crk/vol3/rt/coco/val2017/000000454661.jpg,A street filled with traffic next to a building.,0.7038083858788013,0.0,0.013891421258449554,0.0
libragrad,/media/crk/vol3/rt/coco/val2017/000000454661.jpg,A street filled with traffic next to a building.,0.4413253627717495,0.0,0.0,0.0
fusion,/media/crk/vol3/rt/coco/val2017/000000454661.jpg,A street filled with traffic next to a building.,1.3388226740062237,0.0,0.0,100.0
m2ib,/media/crk/vol3/rt/coco/val2017/000000335450.jpg,Two brown ponies in grassy field next to a fence.,0.0,100.0,0.0,100.0
lciba,/media/crk/vol3/rt/coco/val2017/000000335450.jpg,Two brown ponies in grassy field next to a fence.,1.1376850306987762,0.0,0.1065671443939209,0.0
libragrad,/media/crk/vol3/rt/coco/val2017/000000335450.jpg,Two brown ponies in grassy field next to a fence.,1.253926008939743,0.0,0.0,100.0
fusion,/media/crk/vol3/rt/coco/val2017/000000335450.jpg,Two brown ponies in grassy field next to a fence.,3.16123403608799,0.0,0.0,100.0
m2ib,/media/crk/vol3/rt/coco/val2017/000000221708.jpg,Lights shine on a wooden dining room table.,1.347818598151207,0.0,0.0268545001745224,0.0
lciba,/media/crk/vol3/rt/coco/val2017/000000221708.jpg,Lights shine on a wooden dining room table.,0.9425114840269089,0.0,0.04301276057958603,0.0
libragrad,/media/crk/vol3/rt/coco/val2017/000000221708.jpg,Lights shine on a wooden dining room table.,2.347770519554615,0.0,0.0,0.0
fusion,/media/crk/vol3/rt/coco/val2017/000000221708.jpg,Lights shine on a wooden dining room table.,4.372924193739891,0.0,0.0,0.0
m2ib,/media/crk/vol3/rt/coco/val2017/000000348243.jpg,A chubby black pony in a pasture looking ahead.,0.25841183960437775,0.0,1.3080775737762451,0.0
lciba,/media/crk/vol3/rt/coco/val2017/000000348243.jpg,A chubby black pony in a pasture looking ahead.,0.0,100.0,1.2970615178346634,0.0
libragrad,/media/crk/vol3/rt/coco/val2017/000000348243.jpg,A chubby black pony in a pasture looking ahead.,0.3966599702835083,0.0,0.0,0.0
fusion,/media/crk/vol3/rt/coco/val2017/000000348243.jpg,A chubby black pony in a pasture looking ahead.,0.4111986607313156,0.0,1.1970620602369308,0.0
m2ib,/media/crk/vol3/rt/coco/val2017/000000088250.jpg,Two elephants with their trunks attached to each other,2.2864684462547302,0.0,0.0758294016122818,0.0
lciba,/media/crk/vol3/rt/coco/val2017/000000088250.jpg,Two elephants with their trunks attached to each other,0.926491990685463,0.0,0.07827505469322205,0.0
libragrad,/media/crk/vol3/rt/coco/val2017/000000088250.jpg,Two elephants with their trunks attached to each other,1.5594054013490677,0.0,0.24949032813310623,0.0
fusion,/media/crk/vol3/rt/coco/val2017/000000088250.jpg,Two elephants with their trunks attached to each other,2.957628294825554,0.0,0.24949032813310623,0.0
m2ib,/media/crk/vol3/rt/coco/val2017/000000326128.jpg,The man is posing for a picture with his snowboard.,0.0,100.0,0.21809302270412445,0.0
lciba,/media/crk/vol3/rt/coco/val2017/000000326128.jpg,The man is posing for a picture with his snowboard.,0.0,100.0,0.0009624287486076355,0.0
libragrad,/media/crk/vol3/rt/coco/val2017/000000326128.jpg,The man is posing for a picture with his snowboard.,0.44202301651239395,0.0,0.0,0.0
fusion,/media/crk/vol3/rt/coco/val2017/000000326128.jpg,The man is posing for a picture with his snowboard.,0.3500569611787796,0.0,0.0,0.0
m2ib,/media/crk/vol3/rt/coco/val2017/000000507797.jpg,Two buses parked next to each other in front of a building.,1.618722639977932,0.0,0.03445367328822613,0.0
lciba,/media/crk/vol3/rt/coco/val2017/000000507797.jpg,Two buses parked next to each other in front of a building.,0.0,100.0,0.4570303950458765,0.0
libragrad,/media/crk/vol3/rt/coco/val2017/000000507797.jpg,Two buses parked next to each other in front of a building.,5.486766621470451,0.0,1.2439588084816933,0.0
fusion,/media/crk/vol3/rt/coco/val2017/000000507797.jpg,Two buses parked next to each other in front of a building.,5.108357220888138,0.0,0.0,0.0
m2ib,/media/crk/vol3/rt/coco/val2017/000000522713.jpg, a bench sitting in the grass facing the water and boats ,2.448653429746628,0.0,0.5750706419348717,0.0
lciba,/media/crk/vol3/rt/coco/val2017/000000522713.jpg, a bench sitting in the grass facing the water and boats ,3.206860274076462,0.0,0.5928982049226761,0.0
libragrad,/media/crk/vol3/rt/coco/val2017/000000522713.jpg, a bench sitting in the grass facing the water and boats ,4.184617847204208,0.0,0.0,0.0
fusion,/media/crk/vol3/rt/coco/val2017/000000522713.jpg, a bench sitting in the grass facing the water and boats ,4.832306876778603,0.0,0.04339441657066345,0.0
m2ib,/media/crk/vol3/rt/coco/val2017/000000085157.jpg,A group of people are seated around a dining table.,0.0,100.0,0.0,100.0
lciba,/media/crk/vol3/rt/coco/val2017/000000085157.jpg,A group of people are seated around a dining table.,0.0,100.0,0.0,100.0
libragrad,/media/crk/vol3/rt/coco/val2017/000000085157.jpg,A group of people are seated around a dining table.,0.0,100.0,0.0,0.0
fusion,/media/crk/vol3/rt/coco/val2017/000000085157.jpg,A group of people are seated around a dining table.,0.2958189696073532,0.0,0.0,100.0
m2ib,/media/crk/vol3/rt/coco/val2017/000000514914.jpg,a fancy bathroom with some tile walls ,0.0,100.0,0.008857250213623047,0.0
lciba,/media/crk/vol3/rt/coco/val2017/000000514914.jpg,a fancy bathroom with some tile walls ,0.13010241091251373,0.0,0.0,100.0
libragrad,/media/crk/vol3/rt/coco/val2017/000000514914.jpg,a fancy bathroom with some tile walls ,0.0,100.0,0.0,0.0
fusion,/media/crk/vol3/rt/coco/val2017/000000514914.jpg,a fancy bathroom with some tile walls ,0.0,100.0,0.0,0.0
m2ib,/media/crk/vol3/rt/coco/val2017/000000574297.jpg,A man in a helmet is riding a horse across a dirt road,0.0,100.0,0.0,100.0
lciba,/media/crk/vol3/rt/coco/val2017/000000574297.jpg,A man in a helmet is riding a horse across a dirt road,0.161074660718441,0.0,0.0,100.0
libragrad,/media/crk/vol3/rt/coco/val2017/000000574297.jpg,A man in a helmet is riding a horse across a dirt road,0.0,100.0,0.0,0.0
fusion,/media/crk/vol3/rt/coco/val2017/000000574297.jpg,A man in a helmet is riding a horse across a dirt road,0.0,100.0,0.0,100.0
m2ib,/media/crk/vol3/rt/coco/val2017/000000181796.jpg,A close-up of a plate of food containing meat and beans.,0.0,100.0,0.018883123993873596,0.0
lciba,/media/crk/vol3/rt/coco/val2017/000000181796.jpg,A close-up of a plate of food containing meat and beans.,0.22391080856323242,0.0,0.20523108541965485,0.0
libragrad,/media/crk/vol3/rt/coco/val2017/000000181796.jpg,A close-up of a plate of food containing meat and beans.,0.30495375394821167,0.0,0.07246099412441254,0.0
fusion,/media/crk/vol3/rt/coco/val2017/000000181796.jpg,A close-up of a plate of food containing meat and beans.,1.8891818821430206,0.0,0.07246099412441254,0.0
m2ib,/media/crk/vol3/rt/coco/val2017/000000023272.jpg,A Calico cat laying on the hood of a Mercedes.,0.6518375128507614,0.0,0.044720619916915894,0.0
lciba,/media/crk/vol3/rt/coco/val2017/000000023272.jpg,A Calico cat laying on the hood of a Mercedes.,0.0,100.0,0.05824454128742218,0.0
libragrad,/media/crk/vol3/rt/coco/val2017/000000023272.jpg,A Calico cat laying on the hood of a Mercedes.,1.9659481942653656,0.0,0.0,0.0
fusion,/media/crk/vol3/rt/coco/val2017/000000023272.jpg,A Calico cat laying on the hood of a Mercedes.,1.3140819035470486,0.0,0.0,0.0
m2ib,/media/crk/vol3/rt/coco/val2017/000000562229.jpg,a child riding a skate board on a city street ,1.2390533462166786,0.0,0.5865666083991528,0.0
lciba,/media/crk/vol3/rt/coco/val2017/000000562229.jpg,a child riding a skate board on a city street ,1.863206923007965,0.0,0.27033109217882156,0.0
libragrad,/media/crk/vol3/rt/coco/val2017/000000562229.jpg,a child riding a skate board on a city street ,1.735059730708599,0.0,0.0,0.0
fusion,/media/crk/vol3/rt/coco/val2017/000000562229.jpg,a child riding a skate board on a city street ,0.0,100.0,0.04468783736228943,0.0
m2ib,/media/crk/vol3/rt/coco/val2017/000000135410.jpg,A bike leaning up to a parking meter.,1.7721649259328842,0.0,0.009750574827194214,0.0
lciba,/media/crk/vol3/rt/coco/val2017/000000135410.jpg,A bike leaning up to a parking meter.,3.076358512043953,0.0,0.3414914011955261,0.0
libragrad,/media/crk/vol3/rt/coco/val2017/000000135410.jpg,A bike leaning up to a parking meter.,0.0,100.0,0.0,0.0
fusion,/media/crk/vol3/rt/coco/val2017/000000135410.jpg,A bike leaning up to a parking meter.,0.0,100.0,0.03255903720855713,0.0
m2ib,/media/crk/vol3/rt/coco/val2017/000000145620.jpg,a black and white photo of a person riding a dirt bike,1.0568216443061829,0.0,1.6217801719903946,0.0
lciba,/media/crk/vol3/rt/coco/val2017/000000145620.jpg,a black and white photo of a person riding a dirt bike,0.0,100.0,0.03553284332156181,0.0
libragrad,/media/crk/vol3/rt/coco/val2017/000000145620.jpg,a black and white photo of a person riding a dirt bike,2.565089240670204,0.0,0.0,0.0
fusion,/media/crk/vol3/rt/coco/val2017/000000145620.jpg,a black and white photo of a person riding a dirt bike,1.9415300339460373,0.0,0.0,0.0
m2ib,/media/crk/vol3/rt/coco/val2017/000000541291.jpg,"The old, dilapidated  bathroom has fallen into disrepair.",4.519803822040558,0.0,0.023717433214187622,0.0
lciba,/media/crk/vol3/rt/coco/val2017/000000541291.jpg,"The old, dilapidated  bathroom has fallen into disrepair.",4.8681821674108505,0.0,0.9788364171981812,0.0
libragrad,/media/crk/vol3/rt/coco/val2017/000000541291.jpg,"The old, dilapidated  bathroom has fallen into disrepair.",4.69382181763649,0.0,0.0,0.0
fusion,/media/crk/vol3/rt/coco/val2017/000000541291.jpg,"The old, dilapidated  bathroom has fallen into disrepair.",3.6200672388076782,0.0,0.0,0.0
m2ib,/media/crk/vol3/rt/coco/val2017/000000540932.jpg,Two people standing on a beach next to the ocean.,0.5132241174578667,0.0,0.0,100.0
lciba,/media/crk/vol3/rt/coco/val2017/000000540932.jpg,Two people standing on a beach next to the ocean.,0.0,100.0,0.0,100.0
libragrad,/media/crk/vol3/rt/coco/val2017/000000540932.jpg,Two people standing on a beach next to the ocean.,1.2859610840678215,0.0,0.0,0.0
fusion,/media/crk/vol3/rt/coco/val2017/000000540932.jpg,Two people standing on a beach next to the ocean.,1.4484932646155357,0.0,0.0,100.0
m2ib,/media/crk/vol3/rt/coco/val2017/000000322352.jpg,A dining room with some plants are seen.,0.7405366748571396,0.0,0.0,100.0
lciba,/media/crk/vol3/rt/coco/val2017/000000322352.jpg,A dining room with some plants are seen.,1.2046892195940018,0.0,0.28853826224803925,0.0
libragrad,/media/crk/vol3/rt/coco/val2017/000000322352.jpg,A dining room with some plants are seen.,1.6522353515028954,0.0,0.0,0.0
fusion,/media/crk/vol3/rt/coco/val2017/000000322352.jpg,A dining room with some plants are seen.,0.5336722359061241,0.0,0.0,100.0
m2ib,/media/crk/vol3/rt/coco/val2017/000000134886.jpg,A large jetliner flying over a dry grass field.,0.5800397135317326,0.0,0.043140631169080734,0.0
lciba,/media/crk/vol3/rt/coco/val2017/000000134886.jpg,A large jetliner flying over a dry grass field.,0.0,100.0,0.2794894389808178,0.0
libragrad,/media/crk/vol3/rt/coco/val2017/000000134886.jpg,A large jetliner flying over a dry grass field.,0.5018041469156742,0.0,0.0,0.0
fusion,/media/crk/vol3/rt/coco/val2017/000000134886.jpg,A large jetliner flying over a dry grass field.,0.0,100.0,0.019541289657354355,0.0
m2ib,/media/crk/vol3/rt/coco/val2017/000000284743.jpg,A group of people staring at a woman holding a bat.,2.8427600860595703,0.0,1.686696894466877,0.0
lciba,/media/crk/vol3/rt/coco/val2017/000000284743.jpg,A group of people staring at a woman holding a bat.,2.4838320910930634,0.0,1.8772199749946594,0.0
libragrad,/media/crk/vol3/rt/coco/val2017/000000284743.jpg,A group of people staring at a woman holding a bat.,2.604411542415619,0.0,0.0,0.0
fusion,/media/crk/vol3/rt/coco/val2017/000000284743.jpg,A group of people staring at a woman holding a bat.,3.1595055013895035,0.0,0.0,0.0
m2ib,/media/crk/vol3/rt/coco/val2017/000000312213.jpg,A cat sitting by a laptop but staring at a person. ,0.0,100.0,0.0014800578355789185,0.0
lciba,/media/crk/vol3/rt/coco/val2017/000000312213.jpg,A cat sitting by a laptop but staring at a person. ,0.0,100.0,0.5408173426985741,0.0
libragrad,/media/crk/vol3/rt/coco/val2017/000000312213.jpg,A cat sitting by a laptop but staring at a person. ,0.6855275481939316,0.0,0.0,0.0
fusion,/media/crk/vol3/rt/coco/val2017/000000312213.jpg,A cat sitting by a laptop but staring at a person. ,0.819072499871254,0.0,0.0014800578355789185,0.0
m2ib,/media/crk/vol3/rt/coco/val2017/000000468965.jpg,some people are flying kites and one male has a red tie on ,0.0,100.0,0.0,100.0
lciba,/media/crk/vol3/rt/coco/val2017/000000468965.jpg,some people are flying kites and one male has a red tie on ,0.019145384430885315,0.0,0.39113815873861313,0.0
libragrad,/media/crk/vol3/rt/coco/val2017/000000468965.jpg,some people are flying kites and one male has a red tie on ,0.0,100.0,0.0,0.0
fusion,/media/crk/vol3/rt/coco/val2017/000000468965.jpg,some people are flying kites and one male has a red tie on ,4.982750117778778,0.0,0.4811657592654228,0.0
m2ib,/media/crk/vol3/rt/coco/val2017/000000091779.jpg,A display of various hot dogs in serving platters.,0.0,100.0,0.04156865179538727,0.0
lciba,/media/crk/vol3/rt/coco/val2017/000000091779.jpg,A display of various hot dogs in serving platters.,0.0,100.0,0.4764709621667862,0.0
libragrad,/media/crk/vol3/rt/coco/val2017/000000091779.jpg,A display of various hot dogs in serving platters.,0.0,100.0,0.0,0.0
fusion,/media/crk/vol3/rt/coco/val2017/000000091779.jpg,A display of various hot dogs in serving platters.,3.023492358624935,0.0,0.0,0.0
m2ib,/media/crk/vol3/rt/coco/val2017/000000460841.jpg,a kitten that is sitting down by a  door,1.7762303352355957,0.0,0.027840957045555115,0.0
lciba,/media/crk/vol3/rt/coco/val2017/000000460841.jpg,a kitten that is sitting down by a  door,2.8284024447202682,0.0,0.653206929564476,0.0
libragrad,/media/crk/vol3/rt/coco/val2017/000000460841.jpg,a kitten that is sitting down by a  door,3.5417355597019196,0.0,0.0,0.0
fusion,/media/crk/vol3/rt/coco/val2017/000000460841.jpg,a kitten that is sitting down by a  door,3.851538524031639,0.0,0.0,0.0
m2ib,/media/crk/vol3/rt/coco/val2017/000000027620.jpg,A laptop sitting on a desk next to a chair and another computer.,0.0,100.0,1.6824539750814438,0.0
lciba,/media/crk/vol3/rt/coco/val2017/000000027620.jpg,A laptop sitting on a desk next to a chair and another computer.,0.888838991522789,0.0,1.760585978627205,0.0
libragrad,/media/crk/vol3/rt/coco/val2017/000000027620.jpg,A laptop sitting on a desk next to a chair and another computer.,0.0,100.0,0.0,100.0
fusion,/media/crk/vol3/rt/coco/val2017/000000027620.jpg,A laptop sitting on a desk next to a chair and another computer.,0.6337959319353104,0.0,1.6300970688462257,0.0
m2ib,/media/crk/vol3/rt/coco/val2017/000000122166.jpg,a person riding on a bicycle on the street in front of some cars,0.0,100.0,0.9167851880192757,0.0
lciba,/media/crk/vol3/rt/coco/val2017/000000122166.jpg,a person riding on a bicycle on the street in front of some cars,0.9253932163119316,0.0,0.21011298522353172,0.0
libragrad,/media/crk/vol3/rt/coco/val2017/000000122166.jpg,a person riding on a bicycle on the street in front of some cars,0.49516502767801285,0.0,0.0,0.0
fusion,/media/crk/vol3/rt/coco/val2017/000000122166.jpg,a person riding on a bicycle on the street in front of some cars,1.1912111192941666,0.0,0.0,0.0
m2ib,/media/crk/vol3/rt/coco/val2017/000000054654.jpg,The woman is dipping food out of the pot to eat.,0.0,100.0,0.08626207709312439,0.0
lciba,/media/crk/vol3/rt/coco/val2017/000000054654.jpg,The woman is dipping food out of the pot to eat.,2.141280844807625,0.0,0.025132298469543457,0.0
libragrad,/media/crk/vol3/rt/coco/val2017/000000054654.jpg,The woman is dipping food out of the pot to eat.,0.0,100.0,0.0,0.0
fusion,/media/crk/vol3/rt/coco/val2017/000000054654.jpg,The woman is dipping food out of the pot to eat.,3.857118636369705,0.0,0.08626207709312439,0.0
m2ib,/media/crk/vol3/rt/coco/val2017/000000171757.jpg,a couple of people that are standing up in a room,0.42042993009090424,0.0,1.5392995439469814,0.0
lciba,/media/crk/vol3/rt/coco/val2017/000000171757.jpg,a couple of people that are standing up in a room,0.4813551902770996,0.0,0.06623603403568268,0.0
libragrad,/media/crk/vol3/rt/coco/val2017/000000171757.jpg,a couple of people that are standing up in a room,0.9773022495210171,0.0,0.0,0.0
fusion,/media/crk/vol3/rt/coco/val2017/000000171757.jpg,a couple of people that are standing up in a room,1.9974801689386368,0.0,0.015853717923164368,0.0
m2ib,/media/crk/vol3/rt/coco/val2017/000000565989.jpg,Large clock sitting on the side of a large building. ,3.6797046661376953,0.0,0.0,100.0
lciba,/media/crk/vol3/rt/coco/val2017/000000565989.jpg,Large clock sitting on the side of a large building. ,4.424862563610077,0.0,0.21711457520723343,0.0
libragrad,/media/crk/vol3/rt/coco/val2017/000000565989.jpg,Large clock sitting on the side of a large building. ,4.399453848600388,0.0,0.0,0.0
fusion,/media/crk/vol3/rt/coco/val2017/000000565989.jpg,Large clock sitting on the side of a large building. ,2.042238973081112,0.0,0.0,0.0
m2ib,/media/crk/vol3/rt/coco/val2017/000000460929.jpg,A hot dog with mustard is next to a bottle of soda.,0.0,100.0,0.7514391094446182,0.0
lciba,/media/crk/vol3/rt/coco/val2017/000000460929.jpg,A hot dog with mustard is next to a bottle of soda.,0.0,100.0,0.718345120549202,0.0
libragrad,/media/crk/vol3/rt/coco/val2017/000000460929.jpg,A hot dog with mustard is next to a bottle of soda.,0.0,100.0,0.0,0.0
fusion,/media/crk/vol3/rt/coco/val2017/000000460929.jpg,A hot dog with mustard is next to a bottle of soda.,0.5250915884971619,0.0,0.0,0.0
m2ib,/media/crk/vol3/rt/coco/val2017/000000275791.jpg,A large trains travels past a river that contains several different boats,1.510021649301052,0.0,0.0,100.0
lciba,/media/crk/vol3/rt/coco/val2017/000000275791.jpg,A large trains travels past a river that contains several different boats,1.697240024805069,0.0,0.084669329226017,0.0
libragrad,/media/crk/vol3/rt/coco/val2017/000000275791.jpg,A large trains travels past a river that contains several different boats,1.7299052327871323,0.0,0.0,0.0
fusion,/media/crk/vol3/rt/coco/val2017/000000275791.jpg,A large trains travels past a river that contains several different boats,0.17508789896965027,0.0,0.0,0.0
m2ib,/media/crk/vol3/rt/coco/val2017/000000168337.jpg,Two people outside of a stone building near a red fire hydrant.,4.078581556677818,0.0,0.0319652259349823,0.0
lciba,/media/crk/vol3/rt/coco/val2017/000000168337.jpg,Two people outside of a stone building near a red fire hydrant.,5.649523809552193,0.0,0.41614919900894165,0.0
libragrad,/media/crk/vol3/rt/coco/val2017/000000168337.jpg,Two people outside of a stone building near a red fire hydrant.,4.839103668928146,0.0,0.0,0.0
fusion,/media/crk/vol3/rt/coco/val2017/000000168337.jpg,Two people outside of a stone building near a red fire hydrant.,6.904546916484833,0.0,0.0,0.0
m2ib,/media/crk/vol3/rt/coco/val2017/000000250766.jpg,Meat and a salad with knife and fork on a plate.,0.0,100.0,0.0038970261812210083,0.0
lciba,/media/crk/vol3/rt/coco/val2017/000000250766.jpg,Meat and a salad with knife and fork on a plate.,0.0,100.0,0.0,100.0
libragrad,/media/crk/vol3/rt/coco/val2017/000000250766.jpg,Meat and a salad with knife and fork on a plate.,0.0,100.0,0.0,0.0
fusion,/media/crk/vol3/rt/coco/val2017/000000250766.jpg,Meat and a salad with knife and fork on a plate.,0.6462536752223969,0.0,0.0,0.0
m2ib,/media/crk/vol3/rt/coco/val2017/000000571857.jpg,"In the desert, two people are sitting next to a small propeller plane next to a tent with other planes in the background.",4.432908073067665,0.0,0.10925279930233955,0.0
lciba,/media/crk/vol3/rt/coco/val2017/000000571857.jpg,"In the desert, two people are sitting next to a small propeller plane next to a tent with other planes in the background.",0.7038179785013199,0.0,0.42478544637560844,0.0
libragrad,/media/crk/vol3/rt/coco/val2017/000000571857.jpg,"In the desert, two people are sitting next to a small propeller plane next to a tent with other planes in the background.",4.335421323776245,0.0,0.0,100.0
fusion,/media/crk/vol3/rt/coco/val2017/000000571857.jpg,"In the desert, two people are sitting next to a small propeller plane next to a tent with other planes in the background.",4.588905721902847,0.0,0.01102415844798088,0.0
m2ib,/media/crk/vol3/rt/coco/val2017/000000320706.jpg,A blending mixer sitting on a kitchen counter.,2.278747409582138,0.0,0.00670701265335083,0.0
lciba,/media/crk/vol3/rt/coco/val2017/000000320706.jpg,A blending mixer sitting on a kitchen counter.,4.010593518614769,0.0,0.39298832416534424,0.0
libragrad,/media/crk/vol3/rt/coco/val2017/000000320706.jpg,A blending mixer sitting on a kitchen counter.,4.057561978697777,0.0,0.0,0.0
fusion,/media/crk/vol3/rt/coco/val2017/000000320706.jpg,A blending mixer sitting on a kitchen counter.,6.682902574539185,0.0,0.0,0.0
m2ib,/media/crk/vol3/rt/coco/val2017/000000225946.jpg,A train traveling through the countryside next to a dirt road.,3.7742961198091507,0.0,0.4615906625986099,0.0
lciba,/media/crk/vol3/rt/coco/val2017/000000225946.jpg,A train traveling through the countryside next to a dirt road.,1.0012187063694,0.0,0.4634872078895569,0.0
libragrad,/media/crk/vol3/rt/coco/val2017/000000225946.jpg,A train traveling through the countryside next to a dirt road.,4.449556767940521,0.0,0.0,100.0
fusion,/media/crk/vol3/rt/coco/val2017/000000225946.jpg,A train traveling through the countryside next to a dirt road.,0.09549856185913086,0.0,0.0,0.0
m2ib,/media/crk/vol3/rt/coco/val2017/000000478862.jpg,"Groups of people walk around a huge, multi engine airplane.",4.096453636884689,0.0,0.6405260413885117,0.0
lciba,/media/crk/vol3/rt/coco/val2017/000000478862.jpg,"Groups of people walk around a huge, multi engine airplane.",2.7717020362615585,0.0,0.7579775527119637,0.0
libragrad,/media/crk/vol3/rt/coco/val2017/000000478862.jpg,"Groups of people walk around a huge, multi engine airplane.",4.818323627114296,0.0,0.0,0.0
fusion,/media/crk/vol3/rt/coco/val2017/000000478862.jpg,"Groups of people walk around a huge, multi engine airplane.",6.408694386482239,0.0,0.0,100.0
m2ib,/media/crk/vol3/rt/coco/val2017/000000405691.jpg,"Glasses of wine, salad and french bread on a wooden table. ",0.6041843444108963,0.0,0.018517300486564636,0.0
lciba,/media/crk/vol3/rt/coco/val2017/000000405691.jpg,"Glasses of wine, salad and french bread on a wooden table. ",0.777997262775898,0.0,0.025067105889320374,0.0
libragrad,/media/crk/vol3/rt/coco/val2017/000000405691.jpg,"Glasses of wine, salad and french bread on a wooden table. ",1.0699698701500893,0.0,0.0,0.0
fusion,/media/crk/vol3/rt/coco/val2017/000000405691.jpg,"Glasses of wine, salad and french bread on a wooden table. ",0.009650364518165588,0.0,0.0,0.0
m2ib,/media/crk/vol3/rt/coco/val2017/000000184384.jpg,A bluebery cake is on a plate and is topped with butter.,0.7777664810419083,0.0,1.2341946363449097,0.0
lciba,/media/crk/vol3/rt/coco/val2017/000000184384.jpg,A bluebery cake is on a plate and is topped with butter.,0.617971271276474,0.0,1.4134515076875687,0.0
libragrad,/media/crk/vol3/rt/coco/val2017/000000184384.jpg,A bluebery cake is on a plate and is topped with butter.,1.2812010943889618,0.0,0.0,0.0
fusion,/media/crk/vol3/rt/coco/val2017/000000184384.jpg,A bluebery cake is on a plate and is topped with butter.,4.133925959467888,0.0,0.03413856029510498,0.0
m2ib,/media/crk/vol3/rt/coco/val2017/000000459272.jpg,A woman holding a smart phone next to a group of people.,0.0,100.0,1.4059793204069138,0.0
lciba,/media/crk/vol3/rt/coco/val2017/000000459272.jpg,A woman holding a smart phone next to a group of people.,0.0,100.0,0.3895595669746399,0.0
libragrad,/media/crk/vol3/rt/coco/val2017/000000459272.jpg,A woman holding a smart phone next to a group of people.,0.0,100.0,0.0,0.0
fusion,/media/crk/vol3/rt/coco/val2017/000000459272.jpg,A woman holding a smart phone next to a group of people.,0.0,100.0,1.3189706951379776,0.0
m2ib,/media/crk/vol3/rt/coco/val2017/000000050145.jpg,A shirtless man walking a bike down a rural street.,1.873042806982994,0.0,0.0,0.0
lciba,/media/crk/vol3/rt/coco/val2017/000000050145.jpg,A shirtless man walking a bike down a rural street.,0.6921201944351196,0.0,0.4281751811504364,0.0
libragrad,/media/crk/vol3/rt/coco/val2017/000000050145.jpg,A shirtless man walking a bike down a rural street.,1.6638603061437607,0.0,0.0,0.0
fusion,/media/crk/vol3/rt/coco/val2017/000000050145.jpg,A shirtless man walking a bike down a rural street.,0.0,100.0,0.0,0.0
m2ib,/media/crk/vol3/rt/coco/val2017/000000406417.jpg,three little kids that have different ties on,0.04433095455169678,0.0,0.0,100.0
lciba,/media/crk/vol3/rt/coco/val2017/000000406417.jpg,three little kids that have different ties on,0.7460055872797966,0.0,0.0,100.0
libragrad,/media/crk/vol3/rt/coco/val2017/000000406417.jpg,three little kids that have different ties on,0.47547630965709686,0.0,0.0,0.0
fusion,/media/crk/vol3/rt/coco/val2017/000000406417.jpg,three little kids that have different ties on,0.6588881835341454,0.0,0.0,100.0
m2ib,/media/crk/vol3/rt/coco/val2017/000000370375.jpg,A little boy wearing a baseball hat holding a baseball bat.,0.0,100.0,0.0,100.0
lciba,/media/crk/vol3/rt/coco/val2017/000000370375.jpg,A little boy wearing a baseball hat holding a baseball bat.,0.0,100.0,1.4316407963633537,0.0
libragrad,/media/crk/vol3/rt/coco/val2017/000000370375.jpg,A little boy wearing a baseball hat holding a baseball bat.,0.0,100.0,0.0,0.0
fusion,/media/crk/vol3/rt/coco/val2017/000000370375.jpg,A little boy wearing a baseball hat holding a baseball bat.,0.0,100.0,0.0,0.0
m2ib,/media/crk/vol3/rt/coco/val2017/000000377635.jpg,A person doing skateboard ticks at a skate park,0.0,100.0,0.363660603761673,0.0
lciba,/media/crk/vol3/rt/coco/val2017/000000377635.jpg,A person doing skateboard ticks at a skate park,1.629100739955902,0.0,0.3933880478143692,0.0
libragrad,/media/crk/vol3/rt/coco/val2017/000000377635.jpg,A person doing skateboard ticks at a skate park,0.0,100.0,0.0,0.0
fusion,/media/crk/vol3/rt/coco/val2017/000000377635.jpg,A person doing skateboard ticks at a skate park,1.489732787013054,0.0,0.051201507449150085,0.0
m2ib,/media/crk/vol3/rt/coco/val2017/000000044260.jpg,A collection of apples growing on a tree. ,0.37526655942201614,0.0,1.7382172867655754,0.0
lciba,/media/crk/vol3/rt/coco/val2017/000000044260.jpg,A collection of apples growing on a tree. ,0.7456360384821892,0.0,1.7632652074098587,0.0
libragrad,/media/crk/vol3/rt/coco/val2017/000000044260.jpg,A collection of apples growing on a tree. ,0.9330295026302338,0.0,0.0,0.0
fusion,/media/crk/vol3/rt/coco/val2017/000000044260.jpg,A collection of apples growing on a tree. ,3.4837767481803894,0.0,1.7174270004034042,0.0
m2ib,/media/crk/vol3/rt/coco/val2017/000000423944.jpg,Two headless mannequins display fashionable clothing in front of a pink background.,0.0,100.0,0.0,100.0
lciba,/media/crk/vol3/rt/coco/val2017/000000423944.jpg,Two headless mannequins display fashionable clothing in front of a pink background.,1.7416175454854965,0.0,0.11224411427974701,0.0
libragrad,/media/crk/vol3/rt/coco/val2017/000000423944.jpg,Two headless mannequins display fashionable clothing in front of a pink background.,0.0,100.0,0.0,0.0
fusion,/media/crk/vol3/rt/coco/val2017/000000423944.jpg,Two headless mannequins display fashionable clothing in front of a pink background.,3.22873592376709,0.0,0.011704862117767334,0.0
m2ib,/media/crk/vol3/rt/coco/val2017/000000577932.jpg,A woman walking next to a man riding a pink bike.,3.2715316861867905,0.0,0.07289797067642212,0.0
lciba,/media/crk/vol3/rt/coco/val2017/000000577932.jpg,A woman walking next to a man riding a pink bike.,2.3226968944072723,0.0,2.2849969565868378,0.0
libragrad,/media/crk/vol3/rt/coco/val2017/000000577932.jpg,A woman walking next to a man riding a pink bike.,4.798402264714241,0.0,0.0,0.0
fusion,/media/crk/vol3/rt/coco/val2017/000000577932.jpg,A woman walking next to a man riding a pink bike.,4.626398906111717,0.0,0.010713748633861542,0.0
m2ib,/media/crk/vol3/rt/coco/val2017/000000276434.jpg,Bride and grooms arms cutting the wedding cake with fruit on top.,1.4125727117061615,0.0,0.011724978685379028,0.0
lciba,/media/crk/vol3/rt/coco/val2017/000000276434.jpg,Bride and grooms arms cutting the wedding cake with fruit on top.,2.13578250259161,0.0,0.1582670956850052,0.0
libragrad,/media/crk/vol3/rt/coco/val2017/000000276434.jpg,Bride and grooms arms cutting the wedding cake with fruit on top.,2.1458081901073456,0.0,0.0,0.0
fusion,/media/crk/vol3/rt/coco/val2017/000000276434.jpg,Bride and grooms arms cutting the wedding cake with fruit on top.,2.431268058717251,0.0,0.0,0.0
m2ib,/media/crk/vol3/rt/coco/val2017/000000549220.jpg,A dog on a leash trying to ride a skateboard.,0.0,100.0,0.06838049739599228,0.0
lciba,/media/crk/vol3/rt/coco/val2017/000000549220.jpg,A dog on a leash trying to ride a skateboard.,0.0,100.0,0.18663201481103897,0.0
libragrad,/media/crk/vol3/rt/coco/val2017/000000549220.jpg,A dog on a leash trying to ride a skateboard.,0.0,100.0,0.0,0.0
fusion,/media/crk/vol3/rt/coco/val2017/000000549220.jpg,A dog on a leash trying to ride a skateboard.,0.0,100.0,0.02392418682575226,0.0
m2ib,/media/crk/vol3/rt/coco/val2017/000000371699.jpg,A dog lays in a room with a desk and shelves of files and books.,3.398711234331131,0.0,2.908884175121784,0.0
lciba,/media/crk/vol3/rt/coco/val2017/000000371699.jpg,A dog lays in a room with a desk and shelves of files and books.,1.3841751962900162,0.0,0.3874056041240692,0.0
libragrad,/media/crk/vol3/rt/coco/val2017/000000371699.jpg,A dog lays in a room with a desk and shelves of files and books.,3.8205400109291077,0.0,0.0,0.0
fusion,/media/crk/vol3/rt/coco/val2017/000000371699.jpg,A dog lays in a room with a desk and shelves of files and books.,4.385266825556755,0.0,2.805335819721222,0.0
m2ib,/media/crk/vol3/rt/coco/val2017/000000462643.jpg,A person holding a broken up cell phone.,0.0,100.0,0.040796585381031036,0.0
lciba,/media/crk/vol3/rt/coco/val2017/000000462643.jpg,A person holding a broken up cell phone.,0.5296690389513969,0.0,0.06766486912965775,0.0
libragrad,/media/crk/vol3/rt/coco/val2017/000000462643.jpg,A person holding a broken up cell phone.,0.37483107298612595,0.0,0.0,0.0
fusion,/media/crk/vol3/rt/coco/val2017/000000462643.jpg,A person holding a broken up cell phone.,0.0,100.0,0.0,0.0
m2ib,/media/crk/vol3/rt/coco/val2017/000000437239.jpg,A group of people standing on a field playing disc golf.,2.304594963788986,0.0,0.08447673171758652,0.0
lciba,/media/crk/vol3/rt/coco/val2017/000000437239.jpg,A group of people standing on a field playing disc golf.,2.869761921465397,0.0,0.6053110584616661,0.0
libragrad,/media/crk/vol3/rt/coco/val2017/000000437239.jpg,A group of people standing on a field playing disc golf.,2.3739468306303024,0.0,0.0,0.0
fusion,/media/crk/vol3/rt/coco/val2017/000000437239.jpg,A group of people standing on a field playing disc golf.,1.5112831257283688,0.0,0.0,0.0
m2ib,/media/crk/vol3/rt/coco/val2017/000000513688.jpg,A chair next to a desk with a laptop and phone sitting on it.,0.0,100.0,1.2183835729956627,0.0
lciba,/media/crk/vol3/rt/coco/val2017/000000513688.jpg,A chair next to a desk with a laptop and phone sitting on it.,0.39760973304510117,0.0,0.35104788839817047,0.0
libragrad,/media/crk/vol3/rt/coco/val2017/000000513688.jpg,A chair next to a desk with a laptop and phone sitting on it.,0.0,100.0,0.0,0.0
fusion,/media/crk/vol3/rt/coco/val2017/000000513688.jpg,A chair next to a desk with a laptop and phone sitting on it.,0.0,100.0,1.1271653696894646,0.0
m2ib,/media/crk/vol3/rt/coco/val2017/000000000776.jpg,"Three teddy bears, each a different color, snuggling together.",0.0,100.0,0.07271915674209595,0.0
lciba,/media/crk/vol3/rt/coco/val2017/000000000776.jpg,"Three teddy bears, each a different color, snuggling together.",0.37476569414138794,0.0,0.022414326667785645,0.0
libragrad,/media/crk/vol3/rt/coco/val2017/000000000776.jpg,"Three teddy bears, each a different color, snuggling together.",0.0,100.0,0.0,0.0
fusion,/media/crk/vol3/rt/coco/val2017/000000000776.jpg,"Three teddy bears, each a different color, snuggling together.",0.0,100.0,0.05041584372520447,0.0
m2ib,/media/crk/vol3/rt/coco/val2017/000000323799.jpg,A group of people standing next to each other on a field.,0.0,100.0,0.10365191847085953,0.0
lciba,/media/crk/vol3/rt/coco/val2017/000000323799.jpg,A group of people standing next to each other on a field.,0.3085333853960037,0.0,0.26528406888246536,0.0
libragrad,/media/crk/vol3/rt/coco/val2017/000000323799.jpg,A group of people standing next to each other on a field.,1.6444999724626541,0.0,0.0,0.0
fusion,/media/crk/vol3/rt/coco/val2017/000000323799.jpg,A group of people standing next to each other on a field.,0.0,100.0,0.8786987513303757,0.0
m2ib,/media/crk/vol3/rt/coco/val2017/000000161609.jpg,A brown dog sitting in a mans back pack.,2.170799858868122,0.0,0.0,0.0
lciba,/media/crk/vol3/rt/coco/val2017/000000161609.jpg,A brown dog sitting in a mans back pack.,2.4021662771701813,0.0,1.0018771514296532,0.0
libragrad,/media/crk/vol3/rt/coco/val2017/000000161609.jpg,A brown dog sitting in a mans back pack.,4.050052165985107,0.0,0.0,0.0
fusion,/media/crk/vol3/rt/coco/val2017/000000161609.jpg,A brown dog sitting in a mans back pack.,3.0840251594781876,0.0,0.0,0.0
m2ib,/media/crk/vol3/rt/coco/val2017/000000187585.jpg,a young man is on his skateboard doing a trick ,0.0,100.0,1.5786785632371902,0.0
lciba,/media/crk/vol3/rt/coco/val2017/000000187585.jpg,a young man is on his skateboard doing a trick ,0.0,100.0,0.3657127730548382,0.0
libragrad,/media/crk/vol3/rt/coco/val2017/000000187585.jpg,a young man is on his skateboard doing a trick ,0.0,100.0,0.0,0.0
fusion,/media/crk/vol3/rt/coco/val2017/000000187585.jpg,a young man is on his skateboard doing a trick ,0.22196723148226738,0.0,1.5152325853705406,0.0
m2ib,/media/crk/vol3/rt/coco/val2017/000000348216.jpg,Your guess is as good as mine as to what these objects are.,0.0,100.0,2.74790171533823,0.0
lciba,/media/crk/vol3/rt/coco/val2017/000000348216.jpg,Your guess is as good as mine as to what these objects are.,0.0,100.0,2.733371779322624,0.0
libragrad,/media/crk/vol3/rt/coco/val2017/000000348216.jpg,Your guess is as good as mine as to what these objects are.,1.1439811438322067,0.0,2.287190780043602,0.0
fusion,/media/crk/vol3/rt/coco/val2017/000000348216.jpg,Your guess is as good as mine as to what these objects are.,0.539711257442832,0.0,2.4060772731900215,0.0
m2ib,/media/crk/vol3/rt/coco/val2017/000000043581.jpg,A restaurant table with a plate of vegetable pizza and garnishment,3.1318992376327515,0.0,0.700109452009201,0.0
lciba,/media/crk/vol3/rt/coco/val2017/000000043581.jpg,A restaurant table with a plate of vegetable pizza and garnishment,0.08654706180095673,0.0,0.17229579389095306,0.0
libragrad,/media/crk/vol3/rt/coco/val2017/000000043581.jpg,A restaurant table with a plate of vegetable pizza and garnishment,1.3949330896139145,0.0,0.0,0.0
fusion,/media/crk/vol3/rt/coco/val2017/000000043581.jpg,A restaurant table with a plate of vegetable pizza and garnishment,4.884270578622818,0.0,0.02283034846186638,0.0
m2ib,/media/crk/vol3/rt/coco/val2017/000000148707.jpg,Two yellow fruits hanging on branches full of leaves. ,0.0,100.0,0.10307952761650085,0.0
lciba,/media/crk/vol3/rt/coco/val2017/000000148707.jpg,Two yellow fruits hanging on branches full of leaves. ,0.0,100.0,0.6435118615627289,0.0
libragrad,/media/crk/vol3/rt/coco/val2017/000000148707.jpg,Two yellow fruits hanging on branches full of leaves. ,0.0,100.0,0.0,0.0
fusion,/media/crk/vol3/rt/coco/val2017/000000148707.jpg,Two yellow fruits hanging on branches full of leaves. ,0.0,100.0,0.0311926007270813,0.0
m2ib,/media/crk/vol3/rt/coco/val2017/000000411665.jpg,A cat playing with it's reflection in a mirror.,0.0,100.0,0.0,0.0
lciba,/media/crk/vol3/rt/coco/val2017/000000411665.jpg,A cat playing with it's reflection in a mirror.,0.0,100.0,0.37529878318309784,0.0
libragrad,/media/crk/vol3/rt/coco/val2017/000000411665.jpg,A cat playing with it's reflection in a mirror.,0.0,100.0,0.0,0.0
fusion,/media/crk/vol3/rt/coco/val2017/000000411665.jpg,A cat playing with it's reflection in a mirror.,0.0,100.0,0.0,0.0
m2ib,/media/crk/vol3/rt/coco/val2017/000000463527.jpg,"A blue and black ray holding sandwich, coffee and liquor bottles.",0.0,100.0,0.0,0.0
lciba,/media/crk/vol3/rt/coco/val2017/000000463527.jpg,"A blue and black ray holding sandwich, coffee and liquor bottles.",0.0,100.0,0.0,100.0
libragrad,/media/crk/vol3/rt/coco/val2017/000000463527.jpg,"A blue and black ray holding sandwich, coffee and liquor bottles.",0.0,100.0,0.0,0.0
fusion,/media/crk/vol3/rt/coco/val2017/000000463527.jpg,"A blue and black ray holding sandwich, coffee and liquor bottles.",2.0555347204208374,0.0,0.0,0.0
m2ib,/media/crk/vol3/rt/coco/val2017/000000288685.jpg,a sheep in a field with a dog and people watching ,1.146719977259636,0.0,0.013528577983379364,0.0
lciba,/media/crk/vol3/rt/coco/val2017/000000288685.jpg,a sheep in a field with a dog and people watching ,0.6987746804952621,0.0,2.184082008898258,0.0
libragrad,/media/crk/vol3/rt/coco/val2017/000000288685.jpg,a sheep in a field with a dog and people watching ,2.331015281379223,0.0,0.0,0.0
fusion,/media/crk/vol3/rt/coco/val2017/000000288685.jpg,a sheep in a field with a dog and people watching ,1.5655238181352615,0.0,0.0,100.0
m2ib,/media/crk/vol3/rt/coco/val2017/000000567011.jpg,A person riding a beautiful wave very smooth,1.2738954275846481,0.0,0.8280029520392418,0.0
lciba,/media/crk/vol3/rt/coco/val2017/000000567011.jpg,A person riding a beautiful wave very smooth,0.9083740413188934,0.0,0.8177472278475761,0.0
libragrad,/media/crk/vol3/rt/coco/val2017/000000567011.jpg,A person riding a beautiful wave very smooth,1.7457220703363419,0.0,0.0,0.0
fusion,/media/crk/vol3/rt/coco/val2017/000000567011.jpg,A person riding a beautiful wave very smooth,2.206084132194519,0.0,0.0,0.0
m2ib,/media/crk/vol3/rt/coco/val2017/000000409867.jpg,A tall clear glass window with two cats sitting at the base of it.,0.0,100.0,0.0565849244594574,0.0
lciba,/media/crk/vol3/rt/coco/val2017/000000409867.jpg,A tall clear glass window with two cats sitting at the base of it.,1.9185936078429222,0.0,1.7330246046185493,0.0
libragrad,/media/crk/vol3/rt/coco/val2017/000000409867.jpg,A tall clear glass window with two cats sitting at the base of it.,0.0,100.0,0.0,0.0
fusion,/media/crk/vol3/rt/coco/val2017/000000409867.jpg,A tall clear glass window with two cats sitting at the base of it.,0.0,100.0,0.0,0.0
m2ib,/media/crk/vol3/rt/coco/val2017/000000133244.jpg,A man holding a tennis racquet on a tennis court.,0.0,100.0,0.11228788644075394,0.0
lciba,/media/crk/vol3/rt/coco/val2017/000000133244.jpg,A man holding a tennis racquet on a tennis court.,0.0,100.0,0.432836078107357,0.0
libragrad,/media/crk/vol3/rt/coco/val2017/000000133244.jpg,A man holding a tennis racquet on a tennis court.,2.1109402179718018,0.0,0.0,0.0
fusion,/media/crk/vol3/rt/coco/val2017/000000133244.jpg,A man holding a tennis racquet on a tennis court.,0.3280274569988251,0.0,0.0,0.0
m2ib,/media/crk/vol3/rt/coco/val2017/000000456292.jpg,A cat climbing into a cat door on a wall.,5.453496798872948,0.0,0.15633702278137207,0.0
lciba,/media/crk/vol3/rt/coco/val2017/000000456292.jpg,A cat climbing into a cat door on a wall.,3.760501742362976,0.0,1.975095272064209,0.0
libragrad,/media/crk/vol3/rt/coco/val2017/000000456292.jpg,A cat climbing into a cat door on a wall.,4.579848423600197,0.0,0.0,0.0
fusion,/media/crk/vol3/rt/coco/val2017/000000456292.jpg,A cat climbing into a cat door on a wall.,7.226879894733429,0.0,0.0,0.0
m2ib,/media/crk/vol3/rt/coco/val2017/000000575081.jpg,A boy holding a game controller and playing a video game.,0.0,100.0,0.015213340520858765,0.0
lciba,/media/crk/vol3/rt/coco/val2017/000000575081.jpg,A boy holding a game controller and playing a video game.,0.0,100.0,0.08308030664920807,0.0
libragrad,/media/crk/vol3/rt/coco/val2017/000000575081.jpg,A boy holding a game controller and playing a video game.,1.6308560967445374,0.0,0.0,0.0
fusion,/media/crk/vol3/rt/coco/val2017/000000575081.jpg,A boy holding a game controller and playing a video game.,2.733839675784111,0.0,0.0,0.0
m2ib,/media/crk/vol3/rt/coco/val2017/000000425390.jpg,A large Siamese cat sitting on top of a laptop computer.,0.0,100.0,0.0,100.0
lciba,/media/crk/vol3/rt/coco/val2017/000000425390.jpg,A large Siamese cat sitting on top of a laptop computer.,0.0,100.0,0.04799403250217438,0.0
libragrad,/media/crk/vol3/rt/coco/val2017/000000425390.jpg,A large Siamese cat sitting on top of a laptop computer.,0.0,100.0,0.0,0.0
fusion,/media/crk/vol3/rt/coco/val2017/000000425390.jpg,A large Siamese cat sitting on top of a laptop computer.,1.1285360902547836,0.0,0.0,0.0
m2ib,/media/crk/vol3/rt/coco/val2017/000000455872.jpg,A black and white image of a shipyard with some boats. ,0.0,100.0,2.6810096576809883,0.0
lciba,/media/crk/vol3/rt/coco/val2017/000000455872.jpg,A black and white image of a shipyard with some boats. ,0.3796902019530535,0.0,0.07488075643777847,0.0
libragrad,/media/crk/vol3/rt/coco/val2017/000000455872.jpg,A black and white image of a shipyard with some boats. ,0.0,100.0,0.0,0.0
fusion,/media/crk/vol3/rt/coco/val2017/000000455872.jpg,A black and white image of a shipyard with some boats. ,0.0,100.0,2.636837027966976,0.0
m2ib,/media/crk/vol3/rt/coco/val2017/000000389109.jpg,Pizza on a table at an outdoor restaurant at night,0.0,100.0,1.3364225625991821,0.0
lciba,/media/crk/vol3/rt/coco/val2017/000000389109.jpg,Pizza on a table at an outdoor restaurant at night,0.0,100.0,1.4381753280758858,0.0
libragrad,/media/crk/vol3/rt/coco/val2017/000000389109.jpg,Pizza on a table at an outdoor restaurant at night,0.0,100.0,0.0,0.0
fusion,/media/crk/vol3/rt/coco/val2017/000000389109.jpg,Pizza on a table at an outdoor restaurant at night,0.0,100.0,0.0075019896030426025,0.0
m2ib,/media/crk/vol3/rt/coco/val2017/000000267191.jpg,Two people are riding elephants beside some trees.,0.0,100.0,0.03206469118595123,0.0
lciba,/media/crk/vol3/rt/coco/val2017/000000267191.jpg,Two people are riding elephants beside some trees.,0.0,100.0,0.0,100.0
libragrad,/media/crk/vol3/rt/coco/val2017/000000267191.jpg,Two people are riding elephants beside some trees.,0.0,100.0,0.0,0.0
fusion,/media/crk/vol3/rt/coco/val2017/000000267191.jpg,Two people are riding elephants beside some trees.,0.5679303780198097,0.0,0.0,0.0
m2ib,/media/crk/vol3/rt/coco/val2017/000000461573.jpg,A metal park bench sitting next to a small road.,0.6184704601764679,0.0,0.0,100.0
lciba,/media/crk/vol3/rt/coco/val2017/000000461573.jpg,A metal park bench sitting next to a small road.,0.7716607302427292,0.0,0.0,100.0
libragrad,/media/crk/vol3/rt/coco/val2017/000000461573.jpg,A metal park bench sitting next to a small road.,0.8602607995271683,0.0,0.0,0.0
fusion,/media/crk/vol3/rt/coco/val2017/000000461573.jpg,A metal park bench sitting next to a small road.,0.8784998208284378,0.0,0.0,0.0
m2ib,/media/crk/vol3/rt/coco/val2017/000000218362.jpg,A large digital clock mounted to a wall.,0.15873461961746216,0.0,0.012946873903274536,0.0
lciba,/media/crk/vol3/rt/coco/val2017/000000218362.jpg,A large digital clock mounted to a wall.,0.0,100.0,2.4536224082112312,0.0
libragrad,/media/crk/vol3/rt/coco/val2017/000000218362.jpg,A large digital clock mounted to a wall.,0.1833513379096985,0.0,0.0,0.0
fusion,/media/crk/vol3/rt/coco/val2017/000000218362.jpg,A large digital clock mounted to a wall.,0.7774673402309418,0.0,0.0,0.0
m2ib,/media/crk/vol3/rt/coco/val2017/000000251119.jpg,"The lunchbox has a cold sandwich, strawberry yogurt and orange juice. ",0.0,100.0,0.7643379271030426,0.0
lciba,/media/crk/vol3/rt/coco/val2017/000000251119.jpg,"The lunchbox has a cold sandwich, strawberry yogurt and orange juice. ",0.0,100.0,0.042382627725601196,0.0
libragrad,/media/crk/vol3/rt/coco/val2017/000000251119.jpg,"The lunchbox has a cold sandwich, strawberry yogurt and orange juice. ",0.0,100.0,0.0,0.0
fusion,/media/crk/vol3/rt/coco/val2017/000000251119.jpg,"The lunchbox has a cold sandwich, strawberry yogurt and orange juice. ",1.6435105353593826,0.0,0.0,100.0
m2ib,/media/crk/vol3/rt/coco/val2017/000000177861.jpg,Pedestrians walking on sidewalk with umbrella on rainy day.,0.577600859105587,0.0,0.0,100.0
lciba,/media/crk/vol3/rt/coco/val2017/000000177861.jpg,Pedestrians walking on sidewalk with umbrella on rainy day.,0.0,100.0,0.0,100.0
libragrad,/media/crk/vol3/rt/coco/val2017/000000177861.jpg,Pedestrians walking on sidewalk with umbrella on rainy day.,0.12859655544161797,0.0,0.0,0.0
fusion,/media/crk/vol3/rt/coco/val2017/000000177861.jpg,Pedestrians walking on sidewalk with umbrella on rainy day.,1.796625554561615,0.0,0.0,100.0
m2ib,/media/crk/vol3/rt/coco/val2017/000000065350.jpg,Kids are skateboarding at a skate park and one them has fallen down.,0.49402229487895966,0.0,1.6177531331777573,0.0
lciba,/media/crk/vol3/rt/coco/val2017/000000065350.jpg,Kids are skateboarding at a skate park and one them has fallen down.,2.133954130113125,0.0,1.6126729547977448,0.0
libragrad,/media/crk/vol3/rt/coco/val2017/000000065350.jpg,Kids are skateboarding at a skate park and one them has fallen down.,4.24257293343544,0.0,0.0,0.0
fusion,/media/crk/vol3/rt/coco/val2017/000000065350.jpg,Kids are skateboarding at a skate park and one them has fallen down.,1.3151448220014572,0.0,0.0,100.0
m2ib,/media/crk/vol3/rt/coco/val2017/000000025593.jpg,A stop sign on a post at a public street.,0.13957554474473,0.0,1.872575655579567,0.0
lciba,/media/crk/vol3/rt/coco/val2017/000000025593.jpg,A stop sign on a post at a public street.,0.0,100.0,0.21811388432979584,0.0
libragrad,/media/crk/vol3/rt/coco/val2017/000000025593.jpg,A stop sign on a post at a public street.,0.6716950796544552,0.0,0.0,0.0
fusion,/media/crk/vol3/rt/coco/val2017/000000025593.jpg,A stop sign on a post at a public street.,1.6541413962841034,0.0,0.0,0.0
m2ib,/media/crk/vol3/rt/coco/val2017/000000273198.jpg,A man opening a fire hydrant spewing out rusty water into a street.,0.0,100.0,0.04118550568819046,0.0
lciba,/media/crk/vol3/rt/coco/val2017/000000273198.jpg,A man opening a fire hydrant spewing out rusty water into a street.,0.0,100.0,0.11804718524217606,0.0
libragrad,/media/crk/vol3/rt/coco/val2017/000000273198.jpg,A man opening a fire hydrant spewing out rusty water into a street.,0.0,100.0,0.0,0.0
fusion,/media/crk/vol3/rt/coco/val2017/000000273198.jpg,A man opening a fire hydrant spewing out rusty water into a street.,0.0,100.0,0.0,0.0
m2ib,/media/crk/vol3/rt/coco/val2017/000000184400.jpg,A train as it travels down the tracks over a bridge.,3.5236194729804993,0.0,1.3794917613267899,0.0
lciba,/media/crk/vol3/rt/coco/val2017/000000184400.jpg,A train as it travels down the tracks over a bridge.,1.4954030513763428,0.0,1.4066532254219055,0.0
libragrad,/media/crk/vol3/rt/coco/val2017/000000184400.jpg,A train as it travels down the tracks over a bridge.,3.5728003829717636,0.0,0.047122687101364136,0.0
fusion,/media/crk/vol3/rt/coco/val2017/000000184400.jpg,A train as it travels down the tracks over a bridge.,5.225140228867531,0.0,1.2678613886237144,0.0
m2ib,/media/crk/vol3/rt/coco/val2017/000000425227.jpg,There is no image to describe for this question.,5.122792348265648,0.0,0.6237085908651352,0.0
lciba,/media/crk/vol3/rt/coco/val2017/000000425227.jpg,There is no image to describe for this question.,2.7246955782175064,0.0,0.0,100.0
libragrad,/media/crk/vol3/rt/coco/val2017/000000425227.jpg,There is no image to describe for this question.,4.6330079436302185,0.0,0.626613199710846,0.0
fusion,/media/crk/vol3/rt/coco/val2017/000000425227.jpg,There is no image to describe for this question.,4.067166894674301,0.0,0.6398685276508331,0.0
m2ib,/media/crk/vol3/rt/coco/val2017/000000263474.jpg,"A bathroom area with a toilet, trashcan and dresser.",0.0,100.0,0.0623166561126709,0.0
lciba,/media/crk/vol3/rt/coco/val2017/000000263474.jpg,"A bathroom area with a toilet, trashcan and dresser.",1.8931878730654716,0.0,0.16257502138614655,0.0
libragrad,/media/crk/vol3/rt/coco/val2017/000000263474.jpg,"A bathroom area with a toilet, trashcan and dresser.",0.35372599959373474,0.0,0.0,0.0
fusion,/media/crk/vol3/rt/coco/val2017/000000263474.jpg,"A bathroom area with a toilet, trashcan and dresser.",2.231172099709511,0.0,0.1097269356250763,0.0
m2ib,/media/crk/vol3/rt/coco/val2017/000000054164.jpg,a man that is surfing on some water,0.03494434058666229,0.0,0.8440744131803513,0.0
lciba,/media/crk/vol3/rt/coco/val2017/000000054164.jpg,a man that is surfing on some water,0.41232891380786896,0.0,0.24591200053691864,0.0
libragrad,/media/crk/vol3/rt/coco/val2017/000000054164.jpg,a man that is surfing on some water,1.1861786246299744,0.0,0.0,0.0
fusion,/media/crk/vol3/rt/coco/val2017/000000054164.jpg,a man that is surfing on some water,2.4352828040719032,0.0,0.02414323389530182,0.0
m2ib,/media/crk/vol3/rt/coco/val2017/000000454978.jpg,A motorcycle is sitting on the side of the road next to a sign. ,2.1481234580278397,0.0,1.5147468075156212,0.0
lciba,/media/crk/vol3/rt/coco/val2017/000000454978.jpg,A motorcycle is sitting on the side of the road next to a sign. ,0.7982619106769562,0.0,1.5543632209300995,0.0
libragrad,/media/crk/vol3/rt/coco/val2017/000000454978.jpg,A motorcycle is sitting on the side of the road next to a sign. ,5.797777697443962,0.0,0.0,100.0
fusion,/media/crk/vol3/rt/coco/val2017/000000454978.jpg,A motorcycle is sitting on the side of the road next to a sign. ,3.2887499779462814,0.0,1.288512721657753,0.0
m2ib,/media/crk/vol3/rt/coco/val2017/000000363188.jpg,People dressed as zombies walking down the street.,0.38598813116550446,0.0,0.3804057836532593,0.0
lciba,/media/crk/vol3/rt/coco/val2017/000000363188.jpg,People dressed as zombies walking down the street.,0.2079017460346222,0.0,0.013212859630584717,0.0
libragrad,/media/crk/vol3/rt/coco/val2017/000000363188.jpg,People dressed as zombies walking down the street.,1.606946624815464,0.0,0.0,0.0
fusion,/media/crk/vol3/rt/coco/val2017/000000363188.jpg,People dressed as zombies walking down the street.,1.9795959815382957,0.0,0.0,0.0
m2ib,/media/crk/vol3/rt/coco/val2017/000000162858.jpg,cars setting at traffic light leading to capitol building,1.326320692896843,0.0,0.0,0.0
lciba,/media/crk/vol3/rt/coco/val2017/000000162858.jpg,cars setting at traffic light leading to capitol building,0.654914602637291,0.0,1.2624428607523441,0.0
libragrad,/media/crk/vol3/rt/coco/val2017/000000162858.jpg,cars setting at traffic light leading to capitol building,2.609829604625702,0.0,0.0,0.0
fusion,/media/crk/vol3/rt/coco/val2017/000000162858.jpg,cars setting at traffic light leading to capitol building,3.8170449435710907,0.0,0.0,0.0
m2ib,/media/crk/vol3/rt/coco/val2017/000000570448.jpg,A man sanding on a boat next to a beach.,2.216184139251709,0.0,1.2822452001273632,0.0
lciba,/media/crk/vol3/rt/coco/val2017/000000570448.jpg,A man sanding on a boat next to a beach.,2.753003314137459,0.0,0.06826072931289673,0.0
libragrad,/media/crk/vol3/rt/coco/val2017/000000570448.jpg,A man sanding on a boat next to a beach.,2.4399636313319206,0.0,0.0,0.0
fusion,/media/crk/vol3/rt/coco/val2017/000000570448.jpg,A man sanding on a boat next to a beach.,1.4146775007247925,0.0,0.0,100.0
m2ib,/media/crk/vol3/rt/coco/val2017/000000190753.jpg,There is a group of four men sitting on park benches.,0.0,100.0,0.618265476077795,0.0
lciba,/media/crk/vol3/rt/coco/val2017/000000190753.jpg,There is a group of four men sitting on park benches.,1.7918728291988373,0.0,0.07504653185606003,0.0
libragrad,/media/crk/vol3/rt/coco/val2017/000000190753.jpg,There is a group of four men sitting on park benches.,0.9311972185969353,0.0,0.0,0.0
fusion,/media/crk/vol3/rt/coco/val2017/000000190753.jpg,There is a group of four men sitting on park benches.,0.0,100.0,0.0,0.0
m2ib,/media/crk/vol3/rt/coco/val2017/000000056288.jpg,A tall sandwich with pickle on a white plate.,0.0,100.0,0.0,0.0
lciba,/media/crk/vol3/rt/coco/val2017/000000056288.jpg,A tall sandwich with pickle on a white plate.,0.0,100.0,0.1872435212135315,0.0
libragrad,/media/crk/vol3/rt/coco/val2017/000000056288.jpg,A tall sandwich with pickle on a white plate.,0.46217143535614014,0.0,0.0,0.0
fusion,/media/crk/vol3/rt/coco/val2017/000000056288.jpg,A tall sandwich with pickle on a white plate.,4.8075079917907715,0.0,0.0,0.0
m2ib,/media/crk/vol3/rt/coco/val2017/000000180487.jpg,GUY WITH UMBRELLA HAT SITTING A TABLE WITH ANOTHER PERSON,0.0,100.0,0.023114681243896484,0.0
lciba,/media/crk/vol3/rt/coco/val2017/000000180487.jpg,GUY WITH UMBRELLA HAT SITTING A TABLE WITH ANOTHER PERSON,0.3806860186159611,0.0,0.24188272655010223,0.0
libragrad,/media/crk/vol3/rt/coco/val2017/000000180487.jpg,GUY WITH UMBRELLA HAT SITTING A TABLE WITH ANOTHER PERSON,1.6772668808698654,0.0,0.0,0.0
fusion,/media/crk/vol3/rt/coco/val2017/000000180487.jpg,GUY WITH UMBRELLA HAT SITTING A TABLE WITH ANOTHER PERSON,2.0061828196048737,0.0,0.0,0.0
m2ib,/media/crk/vol3/rt/coco/val2017/000000105014.jpg,a salad that looks like a boat is next to a fork,1.3876087963581085,0.0,0.007791444659233093,0.0
lciba,/media/crk/vol3/rt/coco/val2017/000000105014.jpg,a salad that looks like a boat is next to a fork,2.9536381363868713,0.0,0.08749738335609436,0.0
libragrad,/media/crk/vol3/rt/coco/val2017/000000105014.jpg,a salad that looks like a boat is next to a fork,1.095385104417801,0.0,0.0,100.0
fusion,/media/crk/vol3/rt/coco/val2017/000000105014.jpg,a salad that looks like a boat is next to a fork,1.7322234809398651,0.0,0.0,100.0
m2ib,/media/crk/vol3/rt/coco/val2017/000000318138.jpg,a girl is playing with a video game controller,0.0,100.0,0.006994791328907013,0.0
lciba,/media/crk/vol3/rt/coco/val2017/000000318138.jpg,a girl is playing with a video game controller,0.0,100.0,1.795353926718235,0.0
libragrad,/media/crk/vol3/rt/coco/val2017/000000318138.jpg,a girl is playing with a video game controller,0.0,100.0,0.0,0.0
fusion,/media/crk/vol3/rt/coco/val2017/000000318138.jpg,a girl is playing with a video game controller,0.0,100.0,0.0,0.0
m2ib,/media/crk/vol3/rt/coco/val2017/000000095786.jpg,there are three vases made of clay on a table,0.6585463881492615,0.0,0.03513321280479431,0.0
lciba,/media/crk/vol3/rt/coco/val2017/000000095786.jpg,there are three vases made of clay on a table,1.355186104774475,0.0,0.5518864840269089,0.0
libragrad,/media/crk/vol3/rt/coco/val2017/000000095786.jpg,there are three vases made of clay on a table,1.0419601574540138,0.0,0.0,0.0
fusion,/media/crk/vol3/rt/coco/val2017/000000095786.jpg,there are three vases made of clay on a table,0.9343984536826611,0.0,0.0,100.0
m2ib,/media/crk/vol3/rt/coco/val2017/000000435081.jpg,a collection of various food pictures mostly of desert type items,0.6151258945465088,0.0,0.11101216077804565,0.0
lciba,/media/crk/vol3/rt/coco/val2017/000000435081.jpg,a collection of various food pictures mostly of desert type items,1.341892033815384,0.0,1.1439803056418896,0.0
libragrad,/media/crk/vol3/rt/coco/val2017/000000435081.jpg,a collection of various food pictures mostly of desert type items,0.15040189027786255,0.0,0.0,0.0
fusion,/media/crk/vol3/rt/coco/val2017/000000435081.jpg,a collection of various food pictures mostly of desert type items,1.3790227472782135,0.0,0.0,0.0
m2ib,/media/crk/vol3/rt/coco/val2017/000000048924.jpg,A dirt bike parked near a tent in the woods.,2.2006209939718246,0.0,0.7002979516983032,0.0
lciba,/media/crk/vol3/rt/coco/val2017/000000048924.jpg,A dirt bike parked near a tent in the woods.,0.7965506985783577,0.0,0.4853133112192154,0.0
libragrad,/media/crk/vol3/rt/coco/val2017/000000048924.jpg,A dirt bike parked near a tent in the woods.,4.051174968481064,0.0,0.0,0.0
fusion,/media/crk/vol3/rt/coco/val2017/000000048924.jpg,A dirt bike parked near a tent in the woods.,2.903885394334793,0.0,0.0,0.0
m2ib,/media/crk/vol3/rt/coco/val2017/000000447522.jpg,"Rice, broccoli, onions, and tomatoes sitting on a plate.",0.3234824165701866,0.0,0.012692064046859741,0.0
lciba,/media/crk/vol3/rt/coco/val2017/000000447522.jpg,"Rice, broccoli, onions, and tomatoes sitting on a plate.",0.37990715354681015,0.0,0.03967694938182831,0.0
libragrad,/media/crk/vol3/rt/coco/val2017/000000447522.jpg,"Rice, broccoli, onions, and tomatoes sitting on a plate.",1.5155751258134842,0.0,0.0,0.0
fusion,/media/crk/vol3/rt/coco/val2017/000000447522.jpg,"Rice, broccoli, onions, and tomatoes sitting on a plate.",5.025200545787811,0.0,0.0,0.0
m2ib,/media/crk/vol3/rt/coco/val2017/000000311392.jpg,A black and white cow at market in her stall.,0.0,100.0,0.0,0.0
lciba,/media/crk/vol3/rt/coco/val2017/000000311392.jpg,A black and white cow at market in her stall.,0.1206226646900177,0.0,0.3809712827205658,0.0
libragrad,/media/crk/vol3/rt/coco/val2017/000000311392.jpg,A black and white cow at market in her stall.,0.0,100.0,0.0,0.0
fusion,/media/crk/vol3/rt/coco/val2017/000000311392.jpg,A black and white cow at market in her stall.,3.0668143182992935,0.0,0.0,0.0
m2ib,/media/crk/vol3/rt/coco/val2017/000000468632.jpg,A group of young men standing on top of a soccer field.,4.35527078807354,0.0,0.0,100.0
lciba,/media/crk/vol3/rt/coco/val2017/000000468632.jpg,A group of young men standing on top of a soccer field.,1.4507357031106949,0.0,1.724463701248169,0.0
libragrad,/media/crk/vol3/rt/coco/val2017/000000468632.jpg,A group of young men standing on top of a soccer field.,6.507621705532074,0.0,0.0,0.0
fusion,/media/crk/vol3/rt/coco/val2017/000000468632.jpg,A group of young men standing on top of a soccer field.,6.767988204956055,0.0,0.0,100.0
m2ib,/media/crk/vol3/rt/coco/val2017/000000058636.jpg,A large wooden pole with a green street sign hanging from it.,2.7745872735977173,0.0,2.877303957939148,0.0
lciba,/media/crk/vol3/rt/coco/val2017/000000058636.jpg,A large wooden pole with a green street sign hanging from it.,1.566287875175476,0.0,0.06687268614768982,0.0
libragrad,/media/crk/vol3/rt/coco/val2017/000000058636.jpg,A large wooden pole with a green street sign hanging from it.,1.706559956073761,0.0,0.0,0.0
fusion,/media/crk/vol3/rt/coco/val2017/000000058636.jpg,A large wooden pole with a green street sign hanging from it.,2.2549085319042206,0.0,0.0,0.0
m2ib,/media/crk/vol3/rt/coco/val2017/000000476491.jpg,an alley between two buildings with a sky in the background,0.0,100.0,0.3604568541049957,0.0
lciba,/media/crk/vol3/rt/coco/val2017/000000476491.jpg,an alley between two buildings with a sky in the background,0.861855037510395,0.0,0.05292333662509918,0.0
libragrad,/media/crk/vol3/rt/coco/val2017/000000476491.jpg,an alley between two buildings with a sky in the background,0.0,100.0,0.0,0.0
fusion,/media/crk/vol3/rt/coco/val2017/000000476491.jpg,an alley between two buildings with a sky in the background,1.2905392795801163,0.0,0.0,0.0
m2ib,/media/crk/vol3/rt/coco/val2017/000000157601.jpg,Woman sitting at table with beverages consuming sandwich. ,1.817796751856804,0.0,0.025368481874465942,0.0
lciba,/media/crk/vol3/rt/coco/val2017/000000157601.jpg,Woman sitting at table with beverages consuming sandwich. ,2.865273877978325,0.0,1.3449184596538544,0.0
libragrad,/media/crk/vol3/rt/coco/val2017/000000157601.jpg,Woman sitting at table with beverages consuming sandwich. ,3.092840686440468,0.0,0.0,0.0
fusion,/media/crk/vol3/rt/coco/val2017/000000157601.jpg,Woman sitting at table with beverages consuming sandwich. ,4.749583080410957,0.0,0.025995075702667236,0.0
m2ib,/media/crk/vol3/rt/coco/val2017/000000370478.jpg,some luggage and a back back sitting on teh ground next to a lap top,0.0,100.0,0.0,100.0
lciba,/media/crk/vol3/rt/coco/val2017/000000370478.jpg,some luggage and a back back sitting on teh ground next to a lap top,0.658932514488697,0.0,0.0,100.0
libragrad,/media/crk/vol3/rt/coco/val2017/000000370478.jpg,some luggage and a back back sitting on teh ground next to a lap top,0.0,100.0,0.0,100.0
fusion,/media/crk/vol3/rt/coco/val2017/000000370478.jpg,some luggage and a back back sitting on teh ground next to a lap top,0.3203757107257843,0.0,0.0,100.0
m2ib,/media/crk/vol3/rt/coco/val2017/000000493019.jpg,A herd of giraffe standing next to each other eating.,0.5205764435231686,0.0,1.4982846565544605,0.0
lciba,/media/crk/vol3/rt/coco/val2017/000000493019.jpg,A herd of giraffe standing next to each other eating.,1.0391222313046455,0.0,0.10187886655330658,0.0
libragrad,/media/crk/vol3/rt/coco/val2017/000000493019.jpg,A herd of giraffe standing next to each other eating.,2.312058210372925,0.0,0.0,0.0
fusion,/media/crk/vol3/rt/coco/val2017/000000493019.jpg,A herd of giraffe standing next to each other eating.,0.47680875286459923,0.0,0.0,100.0
m2ib,/media/crk/vol3/rt/coco/val2017/000000097988.jpg,"Man standing under banner that reads ""Run for Rights""",0.0,100.0,0.0,100.0
lciba,/media/crk/vol3/rt/coco/val2017/000000097988.jpg,"Man standing under banner that reads ""Run for Rights""",0.5304820835590363,0.0,0.16610268503427505,0.0
libragrad,/media/crk/vol3/rt/coco/val2017/000000097988.jpg,"Man standing under banner that reads ""Run for Rights""",1.4747733250260353,0.0,0.0,0.0
fusion,/media/crk/vol3/rt/coco/val2017/000000097988.jpg,"Man standing under banner that reads ""Run for Rights""",4.400506615638733,0.0,0.0,0.0
m2ib,/media/crk/vol3/rt/coco/val2017/000000438269.jpg,There is a bird standing in the sand.,2.2008441388607025,0.0,0.018760934472084045,0.0
lciba,/media/crk/vol3/rt/coco/val2017/000000438269.jpg,There is a bird standing in the sand.,2.6713285595178604,0.0,1.966848038136959,0.0
libragrad,/media/crk/vol3/rt/coco/val2017/000000438269.jpg,There is a bird standing in the sand.,3.8481324911117554,0.0,0.0,0.0
fusion,/media/crk/vol3/rt/coco/val2017/000000438269.jpg,There is a bird standing in the sand.,2.836180292069912,0.0,2.005154825747013,0.0
m2ib,/media/crk/vol3/rt/coco/val2017/000000289516.jpg,A clock sits above green bushes under a blue sky.,0.7813217118382454,0.0,1.8758941441774368,0.0
lciba,/media/crk/vol3/rt/coco/val2017/000000289516.jpg,A clock sits above green bushes under a blue sky.,1.9086983054876328,0.0,1.6669820994138718,0.0
libragrad,/media/crk/vol3/rt/coco/val2017/000000289516.jpg,A clock sits above green bushes under a blue sky.,0.5937885493040085,0.0,0.0,0.0
fusion,/media/crk/vol3/rt/coco/val2017/000000289516.jpg,A clock sits above green bushes under a blue sky.,1.644604280591011,0.0,0.0,0.0
m2ib,/media/crk/vol3/rt/coco/val2017/000000545007.jpg,A clock tower with a statue on top of it,0.0,100.0,1.5132557600736618,0.0
lciba,/media/crk/vol3/rt/coco/val2017/000000545007.jpg,A clock tower with a statue on top of it,0.5402235314249992,0.0,1.502084732055664,0.0
libragrad,/media/crk/vol3/rt/coco/val2017/000000545007.jpg,A clock tower with a statue on top of it,0.0,100.0,0.0,0.0
fusion,/media/crk/vol3/rt/coco/val2017/000000545007.jpg,A clock tower with a statue on top of it,1.139899343252182,0.0,0.02871081233024597,0.0
m2ib,/media/crk/vol3/rt/coco/val2017/000000079565.jpg,a pair of giraffe standing in a big open area,1.3605764135718346,0.0,2.740158699452877,0.0
lciba,/media/crk/vol3/rt/coco/val2017/000000079565.jpg,a pair of giraffe standing in a big open area,0.43642520904541016,0.0,2.8185969218611717,0.0
libragrad,/media/crk/vol3/rt/coco/val2017/000000079565.jpg,a pair of giraffe standing in a big open area,1.4772437512874603,0.0,0.0,0.0
fusion,/media/crk/vol3/rt/coco/val2017/000000079565.jpg,a pair of giraffe standing in a big open area,0.1177523285150528,0.0,2.676018141210079,0.0
m2ib,/media/crk/vol3/rt/coco/val2017/000000019402.jpg,A COUPLE WEARING HEAVY COATS LAUGHING WHILE EATING PIZZA.,0.7545830681920052,0.0,0.5453960970044136,0.0
lciba,/media/crk/vol3/rt/coco/val2017/000000019402.jpg,A COUPLE WEARING HEAVY COATS LAUGHING WHILE EATING PIZZA.,2.1496959030628204,0.0,0.7439088076353073,0.0
libragrad,/media/crk/vol3/rt/coco/val2017/000000019402.jpg,A COUPLE WEARING HEAVY COATS LAUGHING WHILE EATING PIZZA.,1.567063108086586,0.0,0.0,0.0
fusion,/media/crk/vol3/rt/coco/val2017/000000019402.jpg,A COUPLE WEARING HEAVY COATS LAUGHING WHILE EATING PIZZA.,2.9758118093013763,0.0,0.0,0.0
m2ib,/media/crk/vol3/rt/coco/val2017/000000506178.jpg,Blurry image of men in living room playing a stand-up video game.,0.0,100.0,0.0,100.0
lciba,/media/crk/vol3/rt/coco/val2017/000000506178.jpg,Blurry image of men in living room playing a stand-up video game.,0.0,100.0,0.0,100.0
libragrad,/media/crk/vol3/rt/coco/val2017/000000506178.jpg,Blurry image of men in living room playing a stand-up video game.,0.0,100.0,0.0,0.0
fusion,/media/crk/vol3/rt/coco/val2017/000000506178.jpg,Blurry image of men in living room playing a stand-up video game.,0.0,100.0,0.03833044320344925,0.0
m2ib,/media/crk/vol3/rt/coco/val2017/000000458410.jpg,A living room with an old fashioned TV and a couch.,2.255813032388687,0.0,1.021897792816162,0.0
lciba,/media/crk/vol3/rt/coco/val2017/000000458410.jpg,A living room with an old fashioned TV and a couch.,2.6396218687295914,0.0,1.0729147121310234,0.0
libragrad,/media/crk/vol3/rt/coco/val2017/000000458410.jpg,A living room with an old fashioned TV and a couch.,1.8927382305264473,0.0,0.0,0.0
fusion,/media/crk/vol3/rt/coco/val2017/000000458410.jpg,A living room with an old fashioned TV and a couch.,3.731955587863922,0.0,0.95195472240448,0.0
m2ib,/media/crk/vol3/rt/coco/val2017/000000369442.jpg,A group of people standing around a herd of animals in a city.,1.4473211020231247,0.0,1.9189510494470596,0.0
lciba,/media/crk/vol3/rt/coco/val2017/000000369442.jpg,A group of people standing around a herd of animals in a city.,2.062378451228142,0.0,2.0066216588020325,0.0
libragrad,/media/crk/vol3/rt/coco/val2017/000000369442.jpg,A group of people standing around a herd of animals in a city.,1.2319665402173996,0.0,0.0,0.0
fusion,/media/crk/vol3/rt/coco/val2017/000000369442.jpg,A group of people standing around a herd of animals in a city.,0.7626460865139961,0.0,0.0,0.0
m2ib,/media/crk/vol3/rt/coco/val2017/000000123480.jpg,A man taking a selfie while brushing his teeth and looking in the mirror ,0.0,100.0,0.05980692803859711,0.0
lciba,/media/crk/vol3/rt/coco/val2017/000000123480.jpg,A man taking a selfie while brushing his teeth and looking in the mirror ,0.0,100.0,0.24438034743070602,0.0
libragrad,/media/crk/vol3/rt/coco/val2017/000000123480.jpg,A man taking a selfie while brushing his teeth and looking in the mirror ,0.0,100.0,0.0,0.0
fusion,/media/crk/vol3/rt/coco/val2017/000000123480.jpg,A man taking a selfie while brushing his teeth and looking in the mirror ,0.0,100.0,0.027110613882541656,0.0
m2ib,/media/crk/vol3/rt/coco/val2017/000000393282.jpg,Two giraffes standing around in the middle of a field.,3.3569268882274628,0.0,0.0,100.0
lciba,/media/crk/vol3/rt/coco/val2017/000000393282.jpg,Two giraffes standing around in the middle of a field.,4.011455178260803,0.0,0.0,100.0
libragrad,/media/crk/vol3/rt/coco/val2017/000000393282.jpg,Two giraffes standing around in the middle of a field.,4.102125018835068,0.0,0.0,0.0
fusion,/media/crk/vol3/rt/coco/val2017/000000393282.jpg,Two giraffes standing around in the middle of a field.,2.424292638897896,0.0,0.0,100.0
m2ib,/media/crk/vol3/rt/coco/val2017/000000248400.jpg,A man opens pizza box and stares at the camera.,1.1531133204698563,0.0,0.02045556902885437,0.0
lciba,/media/crk/vol3/rt/coco/val2017/000000248400.jpg,A man opens pizza box and stares at the camera.,1.0402311570942402,0.0,1.3683471828699112,0.0
libragrad,/media/crk/vol3/rt/coco/val2017/000000248400.jpg,A man opens pizza box and stares at the camera.,2.338806353509426,0.0,0.0,0.0
fusion,/media/crk/vol3/rt/coco/val2017/000000248400.jpg,A man opens pizza box and stares at the camera.,3.7979625165462494,0.0,0.0,0.0
m2ib,/media/crk/vol3/rt/coco/val2017/000000135673.jpg,Two planes are close together in the sky.,2.7293357998132706,0.0,0.4342649132013321,0.0
lciba,/media/crk/vol3/rt/coco/val2017/000000135673.jpg,Two planes are close together in the sky.,4.030704498291016,0.0,0.3499208018183708,0.0
libragrad,/media/crk/vol3/rt/coco/val2017/000000135673.jpg,Two planes are close together in the sky.,2.7237920090556145,0.0,0.0,0.0
fusion,/media/crk/vol3/rt/coco/val2017/000000135673.jpg,Two planes are close together in the sky.,3.2784830778837204,0.0,0.014117546379566193,0.0
m2ib,/media/crk/vol3/rt/coco/val2017/000000473219.jpg,A man and woman look into each others eyes while getting married.,2.411023899912834,0.0,0.03459155559539795,0.0
lciba,/media/crk/vol3/rt/coco/val2017/000000473219.jpg,A man and woman look into each others eyes while getting married.,1.0924413800239563,0.0,2.648365870118141,0.0
libragrad,/media/crk/vol3/rt/coco/val2017/000000473219.jpg,A man and woman look into each others eyes while getting married.,3.2679930329322815,0.0,0.0,0.0
fusion,/media/crk/vol3/rt/coco/val2017/000000473219.jpg,A man and woman look into each others eyes while getting married.,4.009953141212463,0.0,0.0,0.0
m2ib,/media/crk/vol3/rt/coco/val2017/000000078748.jpg,A group of motorcycles on display for a crowd.,0.0,100.0,1.8730994313955307,0.0
lciba,/media/crk/vol3/rt/coco/val2017/000000078748.jpg,A group of motorcycles on display for a crowd.,2.780677005648613,0.0,0.01237429678440094,0.0
libragrad,/media/crk/vol3/rt/coco/val2017/000000078748.jpg,A group of motorcycles on display for a crowd.,0.0,100.0,0.0,0.0
fusion,/media/crk/vol3/rt/coco/val2017/000000078748.jpg,A group of motorcycles on display for a crowd.,0.0,100.0,1.8645655363798141,0.0
m2ib,/media/crk/vol3/rt/coco/val2017/000000078565.jpg,Sail boats sail over a body of water while people stand near the shoreline. ,0.9646020829677582,0.0,0.0,100.0
lciba,/media/crk/vol3/rt/coco/val2017/000000078565.jpg,Sail boats sail over a body of water while people stand near the shoreline. ,0.0,100.0,0.14388645067811012,0.0
libragrad,/media/crk/vol3/rt/coco/val2017/000000078565.jpg,Sail boats sail over a body of water while people stand near the shoreline. ,1.1532235890626907,0.0,0.0,0.0
fusion,/media/crk/vol3/rt/coco/val2017/000000078565.jpg,Sail boats sail over a body of water while people stand near the shoreline. ,1.659015379846096,0.0,0.03256518393754959,0.0
m2ib,/media/crk/vol3/rt/coco/val2017/000000036539.jpg,There is a man and a young girl snowboarding ,1.7768848687410355,0.0,0.38648080080747604,0.0
lciba,/media/crk/vol3/rt/coco/val2017/000000036539.jpg,There is a man and a young girl snowboarding ,3.2014966011047363,0.0,0.49248579889535904,0.0
libragrad,/media/crk/vol3/rt/coco/val2017/000000036539.jpg,There is a man and a young girl snowboarding ,3.1160177662968636,0.0,0.0,0.0
fusion,/media/crk/vol3/rt/coco/val2017/000000036539.jpg,There is a man and a young girl snowboarding ,1.4013800770044327,0.0,0.35668816417455673,0.0
m2ib,/media/crk/vol3/rt/coco/val2017/000000110359.jpg,Commercial jet passing overhead on bright cloudless sky.,0.0,100.0,0.1090221107006073,0.0
lciba,/media/crk/vol3/rt/coco/val2017/000000110359.jpg,Commercial jet passing overhead on bright cloudless sky.,0.04010070115327835,0.0,0.0,100.0
libragrad,/media/crk/vol3/rt/coco/val2017/000000110359.jpg,Commercial jet passing overhead on bright cloudless sky.,0.0,100.0,0.0,0.0
fusion,/media/crk/vol3/rt/coco/val2017/000000110359.jpg,Commercial jet passing overhead on bright cloudless sky.,0.0,100.0,0.0,0.0
m2ib,/media/crk/vol3/rt/coco/val2017/000000060507.jpg,A batter at a game playing in a baseball game.,1.512489840388298,0.0,0.052405521273612976,0.0
lciba,/media/crk/vol3/rt/coco/val2017/000000060507.jpg,A batter at a game playing in a baseball game.,0.0,100.0,0.19490569829940796,0.0
libragrad,/media/crk/vol3/rt/coco/val2017/000000060507.jpg,A batter at a game playing in a baseball game.,1.5171680599451065,0.0,0.0,0.0
fusion,/media/crk/vol3/rt/coco/val2017/000000060507.jpg,A batter at a game playing in a baseball game.,3.038112074136734,0.0,0.0,0.0
m2ib,/media/crk/vol3/rt/coco/val2017/000000303653.jpg,two ladies riding horses there's a reflection of one of them in a mirror,0.0,100.0,0.035208556801080704,0.0
lciba,/media/crk/vol3/rt/coco/val2017/000000303653.jpg,two ladies riding horses there's a reflection of one of them in a mirror,1.097855344414711,0.0,0.03616325557231903,0.0
libragrad,/media/crk/vol3/rt/coco/val2017/000000303653.jpg,two ladies riding horses there's a reflection of one of them in a mirror,3.0923129990696907,0.0,0.0,0.0
fusion,/media/crk/vol3/rt/coco/val2017/000000303653.jpg,two ladies riding horses there's a reflection of one of them in a mirror,0.3664666786789894,0.0,0.0,0.0
m2ib,/media/crk/vol3/rt/coco/val2017/000000176901.jpg,Three people in the snow trying to walk up the hill in skiis.,2.8405796736478806,0.0,0.0,100.0
lciba,/media/crk/vol3/rt/coco/val2017/000000176901.jpg,Three people in the snow trying to walk up the hill in skiis.,0.0,100.0,0.0,100.0
libragrad,/media/crk/vol3/rt/coco/val2017/000000176901.jpg,Three people in the snow trying to walk up the hill in skiis.,2.9388073831796646,0.0,0.0,0.0
fusion,/media/crk/vol3/rt/coco/val2017/000000176901.jpg,Three people in the snow trying to walk up the hill in skiis.,2.5462068617343903,0.0,0.0,100.0
m2ib,/media/crk/vol3/rt/coco/val2017/000000015751.jpg,A few birds are on the roof of a house.,0.601846631616354,0.0,0.9028123691678047,0.0
lciba,/media/crk/vol3/rt/coco/val2017/000000015751.jpg,A few birds are on the roof of a house.,1.0559153743088245,0.0,0.23081768304109573,0.0
libragrad,/media/crk/vol3/rt/coco/val2017/000000015751.jpg,A few birds are on the roof of a house.,1.4814944006502628,0.0,0.0,0.0
fusion,/media/crk/vol3/rt/coco/val2017/000000015751.jpg,A few birds are on the roof of a house.,0.0,100.0,0.8153842762112617,0.0
m2ib,/media/crk/vol3/rt/coco/val2017/000000425226.jpg,A man kneeling down in front of a refrigerator.,0.0,100.0,0.0,100.0
lciba,/media/crk/vol3/rt/coco/val2017/000000425226.jpg,A man kneeling down in front of a refrigerator.,0.0,100.0,0.30355267226696014,0.0
libragrad,/media/crk/vol3/rt/coco/val2017/000000425226.jpg,A man kneeling down in front of a refrigerator.,0.9319234639406204,0.0,0.0,0.0
fusion,/media/crk/vol3/rt/coco/val2017/000000425226.jpg,A man kneeling down in front of a refrigerator.,2.2908493876457214,0.0,0.0,0.0
m2ib,/media/crk/vol3/rt/coco/val2017/000000309495.jpg,A toilet that is in a bathroom with the lid up.,0.9196888655424118,0.0,0.921185314655304,0.0
lciba,/media/crk/vol3/rt/coco/val2017/000000309495.jpg,A toilet that is in a bathroom with the lid up.,1.359672099351883,0.0,0.40200836956501007,0.0
libragrad,/media/crk/vol3/rt/coco/val2017/000000309495.jpg,A toilet that is in a bathroom with the lid up.,1.038954220712185,0.0,0.0,0.0
fusion,/media/crk/vol3/rt/coco/val2017/000000309495.jpg,A toilet that is in a bathroom with the lid up.,1.1159779503941536,0.0,0.01150369644165039,0.0
m2ib,/media/crk/vol3/rt/coco/val2017/000000046463.jpg,A hand holding a sandwich above a plate.,1.7803020775318146,0.0,0.0,100.0
lciba,/media/crk/vol3/rt/coco/val2017/000000046463.jpg,A hand holding a sandwich above a plate.,0.07749497890472412,0.0,0.37286728620529175,0.0
libragrad,/media/crk/vol3/rt/coco/val2017/000000046463.jpg,A hand holding a sandwich above a plate.,2.002333849668503,0.0,0.0,0.0
fusion,/media/crk/vol3/rt/coco/val2017/000000046463.jpg,A hand holding a sandwich above a plate.,4.6112217009067535,0.0,0.0,0.0
m2ib,/media/crk/vol3/rt/coco/val2017/000000182923.jpg,A woman swinging a tennis racquet on a tennis court.,0.0,100.0,0.0,100.0
lciba,/media/crk/vol3/rt/coco/val2017/000000182923.jpg,A woman swinging a tennis racquet on a tennis court.,0.0,100.0,0.0,100.0
libragrad,/media/crk/vol3/rt/coco/val2017/000000182923.jpg,A woman swinging a tennis racquet on a tennis court.,0.8627798408269882,0.0,0.0,0.0
fusion,/media/crk/vol3/rt/coco/val2017/000000182923.jpg,A woman swinging a tennis racquet on a tennis court.,2.6565708220005035,0.0,0.0,0.0
m2ib,/media/crk/vol3/rt/coco/val2017/000000459500.jpg,A clock between two bronze flamingo statues on a black box.,0.0,100.0,7.525086402893066e-05,0.0
lciba,/media/crk/vol3/rt/coco/val2017/000000459500.jpg,A clock between two bronze flamingo statues on a black box.,0.0,100.0,0.276435911655426,0.0
libragrad,/media/crk/vol3/rt/coco/val2017/000000459500.jpg,A clock between two bronze flamingo statues on a black box.,1.0534271597862244,0.0,0.0,0.0
fusion,/media/crk/vol3/rt/coco/val2017/000000459500.jpg,A clock between two bronze flamingo statues on a black box.,0.3258243203163147,0.0,0.0,0.0
m2ib,/media/crk/vol3/rt/coco/val2017/000000287545.jpg,A couple of giraffe standing in a building.,0.5375869572162628,0.0,0.0,0.0
lciba,/media/crk/vol3/rt/coco/val2017/000000287545.jpg,A couple of giraffe standing in a building.,0.0,100.0,0.27874894440174103,0.0
libragrad,/media/crk/vol3/rt/coco/val2017/000000287545.jpg,A couple of giraffe standing in a building.,1.2984659522771835,0.0,0.0,0.0
fusion,/media/crk/vol3/rt/coco/val2017/000000287545.jpg,A couple of giraffe standing in a building.,3.594416379928589,0.0,0.0,0.0
m2ib,/media/crk/vol3/rt/coco/val2017/000000491497.jpg,A fluffy white chair that faces away fro a television.,0.0,100.0,0.5310297477990389,0.0
lciba,/media/crk/vol3/rt/coco/val2017/000000491497.jpg,A fluffy white chair that faces away fro a television.,0.0,100.0,0.0,100.0
libragrad,/media/crk/vol3/rt/coco/val2017/000000491497.jpg,A fluffy white chair that faces away fro a television.,0.0,100.0,0.0,0.0
fusion,/media/crk/vol3/rt/coco/val2017/000000491497.jpg,A fluffy white chair that faces away fro a television.,0.0,100.0,0.0,0.0
m2ib,/media/crk/vol3/rt/coco/val2017/000000021503.jpg,Crackers with spread on table with remote in background,2.050146833062172,0.0,0.138946995139122,0.0
lciba,/media/crk/vol3/rt/coco/val2017/000000021503.jpg,Crackers with spread on table with remote in background,2.091178297996521,0.0,1.6164064407348633,0.0
libragrad,/media/crk/vol3/rt/coco/val2017/000000021503.jpg,Crackers with spread on table with remote in background,2.921011671423912,0.0,0.0,0.0
fusion,/media/crk/vol3/rt/coco/val2017/000000021503.jpg,Crackers with spread on table with remote in background,4.4304512441158295,0.0,0.0,0.0
m2ib,/media/crk/vol3/rt/coco/val2017/000000334483.jpg,A group of women standing around a cake cutting slices.,1.2116027995944023,0.0,0.5485273897647858,0.0
lciba,/media/crk/vol3/rt/coco/val2017/000000334483.jpg,A group of women standing around a cake cutting slices.,0.09912773966789246,0.0,2.1258648484945297,0.0
libragrad,/media/crk/vol3/rt/coco/val2017/000000334483.jpg,A group of women standing around a cake cutting slices.,1.199190691113472,0.0,0.0,0.0
fusion,/media/crk/vol3/rt/coco/val2017/000000334483.jpg,A group of women standing around a cake cutting slices.,0.0,100.0,0.018547289073467255,0.0
m2ib,/media/crk/vol3/rt/coco/val2017/000000070158.jpg,Three adult zebras walk calmly along close together.,0.4693802446126938,0.0,0.0,100.0
lciba,/media/crk/vol3/rt/coco/val2017/000000070158.jpg,Three adult zebras walk calmly along close together.,1.5298092737793922,0.0,0.008794665336608887,0.0
libragrad,/media/crk/vol3/rt/coco/val2017/000000070158.jpg,Three adult zebras walk calmly along close together.,0.6074529141187668,0.0,0.008984655141830444,0.0
fusion,/media/crk/vol3/rt/coco/val2017/000000070158.jpg,Three adult zebras walk calmly along close together.,1.8554206937551498,0.0,0.026129931211471558,0.0
m2ib,/media/crk/vol3/rt/coco/val2017/000000565962.jpg,A cat outside a window looking at a Buddha statue.,1.000652089715004,0.0,0.08203200995922089,0.0
lciba,/media/crk/vol3/rt/coco/val2017/000000565962.jpg,A cat outside a window looking at a Buddha statue.,0.0,100.0,1.6038836911320686,0.0
libragrad,/media/crk/vol3/rt/coco/val2017/000000565962.jpg,A cat outside a window looking at a Buddha statue.,2.419376000761986,0.0,0.0,0.0
fusion,/media/crk/vol3/rt/coco/val2017/000000565962.jpg,A cat outside a window looking at a Buddha statue.,1.5391858294606209,0.0,0.0,0.0
m2ib,/media/crk/vol3/rt/coco/val2017/000000023359.jpg,A man flying through the air while riding a snowboard.,0.0,100.0,0.051220133900642395,0.0
lciba,/media/crk/vol3/rt/coco/val2017/000000023359.jpg,A man flying through the air while riding a snowboard.,0.0,100.0,0.015803053975105286,0.0
libragrad,/media/crk/vol3/rt/coco/val2017/000000023359.jpg,A man flying through the air while riding a snowboard.,0.0,100.0,0.0,0.0
fusion,/media/crk/vol3/rt/coco/val2017/000000023359.jpg,A man flying through the air while riding a snowboard.,0.0,100.0,0.0,0.0
m2ib,/media/crk/vol3/rt/coco/val2017/000000375430.jpg,A stack of pancakes that are sitting on a plate.,0.4815569147467613,0.0,0.5099797621369362,0.0
lciba,/media/crk/vol3/rt/coco/val2017/000000375430.jpg,A stack of pancakes that are sitting on a plate.,1.1704007163643837,0.0,0.5769837647676468,0.0
libragrad,/media/crk/vol3/rt/coco/val2017/000000375430.jpg,A stack of pancakes that are sitting on a plate.,0.45281071215867996,0.0,0.0,0.0
fusion,/media/crk/vol3/rt/coco/val2017/000000375430.jpg,A stack of pancakes that are sitting on a plate.,3.177669644355774,0.0,0.0,0.0
m2ib,/media/crk/vol3/rt/coco/val2017/000000226984.jpg,A kitchen filled with appliances and wooden cabinets.,2.0936980843544006,0.0,0.007337331771850586,0.0
lciba,/media/crk/vol3/rt/coco/val2017/000000226984.jpg,A kitchen filled with appliances and wooden cabinets.,0.7745463401079178,0.0,1.4115318655967712,0.0
libragrad,/media/crk/vol3/rt/coco/val2017/000000226984.jpg,A kitchen filled with appliances and wooden cabinets.,3.7165842950344086,0.0,0.0,0.0
fusion,/media/crk/vol3/rt/coco/val2017/000000226984.jpg,A kitchen filled with appliances and wooden cabinets.,4.0145184844732285,0.0,0.007337331771850586,0.0
m2ib,/media/crk/vol3/rt/coco/val2017/000000377882.jpg,Boats docked on land sitting side by side next to a lake.,3.136201575398445,0.0,0.1109488308429718,0.0
lciba,/media/crk/vol3/rt/coco/val2017/000000377882.jpg,Boats docked on land sitting side by side next to a lake.,2.393067628145218,0.0,0.4428332671523094,0.0
libragrad,/media/crk/vol3/rt/coco/val2017/000000377882.jpg,Boats docked on land sitting side by side next to a lake.,3.9419706910848618,0.0,0.0,0.0
fusion,/media/crk/vol3/rt/coco/val2017/000000377882.jpg,Boats docked on land sitting side by side next to a lake.,3.146377205848694,0.0,0.005831383168697357,0.0
m2ib,/media/crk/vol3/rt/coco/val2017/000000432468.jpg,A cat sleeping on top of a closed suit case.,0.0,100.0,0.08055046200752258,0.0
lciba,/media/crk/vol3/rt/coco/val2017/000000432468.jpg,A cat sleeping on top of a closed suit case.,0.0,100.0,0.6770633161067963,0.0
libragrad,/media/crk/vol3/rt/coco/val2017/000000432468.jpg,A cat sleeping on top of a closed suit case.,0.0,100.0,0.0,0.0
fusion,/media/crk/vol3/rt/coco/val2017/000000432468.jpg,A cat sleeping on top of a closed suit case.,0.0,100.0,0.0009682029485702515,0.0
m2ib,/media/crk/vol3/rt/coco/val2017/000000290081.jpg,A bunch of oranges are sitting in a clear fruit bowl.,2.191186510026455,0.0,0.04230579361319542,0.0
lciba,/media/crk/vol3/rt/coco/val2017/000000290081.jpg,A bunch of oranges are sitting in a clear fruit bowl.,1.2129087932407856,0.0,2.1179892122745514,0.0
libragrad,/media/crk/vol3/rt/coco/val2017/000000290081.jpg,A bunch of oranges are sitting in a clear fruit bowl.,1.676405407488346,0.0,0.0,0.0
fusion,/media/crk/vol3/rt/coco/val2017/000000290081.jpg,A bunch of oranges are sitting in a clear fruit bowl.,1.2942764908075333,0.0,0.0,0.0
m2ib,/media/crk/vol3/rt/coco/val2017/000000164637.jpg,A picture of pink bathroom sink and a mirror.,0.4274706356227398,0.0,0.6914659403264523,0.0
lciba,/media/crk/vol3/rt/coco/val2017/000000164637.jpg,A picture of pink bathroom sink and a mirror.,0.2995670773088932,0.0,0.8545489981770515,0.0
libragrad,/media/crk/vol3/rt/coco/val2017/000000164637.jpg,A picture of pink bathroom sink and a mirror.,0.9100017137825489,0.0,0.0,0.0
fusion,/media/crk/vol3/rt/coco/val2017/000000164637.jpg,A picture of pink bathroom sink and a mirror.,0.36882637068629265,0.0,0.01048259437084198,0.0
m2ib,/media/crk/vol3/rt/coco/val2017/000000363207.jpg,A newly married couple sharing a piece of there wedding cake.,0.0,100.0,0.07315650582313538,0.0
lciba,/media/crk/vol3/rt/coco/val2017/000000363207.jpg,A newly married couple sharing a piece of there wedding cake.,0.9843077510595322,0.0,0.4442226141691208,0.0
libragrad,/media/crk/vol3/rt/coco/val2017/000000363207.jpg,A newly married couple sharing a piece of there wedding cake.,0.8581236004829407,0.0,0.0,0.0
fusion,/media/crk/vol3/rt/coco/val2017/000000363207.jpg,A newly married couple sharing a piece of there wedding cake.,1.7162676900625229,0.0,0.016395747661590576,0.0
m2ib,/media/crk/vol3/rt/coco/val2017/000000239318.jpg,A laptop computer sitting on top of a wooden desk.,2.412004768848419,0.0,0.06571449339389801,0.0
lciba,/media/crk/vol3/rt/coco/val2017/000000239318.jpg,A laptop computer sitting on top of a wooden desk.,0.46602748334407806,0.0,0.04194192588329315,0.0
libragrad,/media/crk/vol3/rt/coco/val2017/000000239318.jpg,A laptop computer sitting on top of a wooden desk.,1.99266467243433,0.0,0.0,0.0
fusion,/media/crk/vol3/rt/coco/val2017/000000239318.jpg,A laptop computer sitting on top of a wooden desk.,1.760617457330227,0.0,0.0,0.0
m2ib,/media/crk/vol3/rt/coco/val2017/000000435003.jpg,A laptop computer sitting on a desk next to a desktop monitor.,2.7420032769441605,0.0,1.8188372254371643,0.0
lciba,/media/crk/vol3/rt/coco/val2017/000000435003.jpg,A laptop computer sitting on a desk next to a desktop monitor.,3.672458603978157,0.0,1.7770420759916306,0.0
libragrad,/media/crk/vol3/rt/coco/val2017/000000435003.jpg,A laptop computer sitting on a desk next to a desktop monitor.,4.693519696593285,0.0,0.0,100.0
fusion,/media/crk/vol3/rt/coco/val2017/000000435003.jpg,A laptop computer sitting on a desk next to a desktop monitor.,6.974468380212784,0.0,0.0,100.0
m2ib,/media/crk/vol3/rt/coco/val2017/000000302882.jpg,a white male taking pictures with his cellphone,0.0,100.0,0.005511194467544556,0.0
lciba,/media/crk/vol3/rt/coco/val2017/000000302882.jpg,a white male taking pictures with his cellphone,0.0,100.0,0.0011146068572998047,0.0
libragrad,/media/crk/vol3/rt/coco/val2017/000000302882.jpg,a white male taking pictures with his cellphone,0.0,100.0,0.0,0.0
fusion,/media/crk/vol3/rt/coco/val2017/000000302882.jpg,a white male taking pictures with his cellphone,0.0,100.0,0.0,0.0
m2ib,/media/crk/vol3/rt/coco/val2017/000000016451.jpg,A bunch of surfboards that are in the sand.,0.7629645988345146,0.0,1.0648434981703758,0.0
lciba,/media/crk/vol3/rt/coco/val2017/000000016451.jpg,A bunch of surfboards that are in the sand.,2.4943122640252113,0.0,1.1159980669617653,0.0
libragrad,/media/crk/vol3/rt/coco/val2017/000000016451.jpg,A bunch of surfboards that are in the sand.,2.1320095285773277,0.0,0.0,0.0
fusion,/media/crk/vol3/rt/coco/val2017/000000016451.jpg,A bunch of surfboards that are in the sand.,3.0853675678372383,0.0,0.04666643217206001,0.0
m2ib,/media/crk/vol3/rt/coco/val2017/000000419096.jpg,A train traveling down tracks net to a  bridge.,5.232229083776474,0.0,2.1612711250782013,0.0
lciba,/media/crk/vol3/rt/coco/val2017/000000419096.jpg,A train traveling down tracks net to a  bridge.,3.6466695368289948,0.0,0.597893912345171,0.0
libragrad,/media/crk/vol3/rt/coco/val2017/000000419096.jpg,A train traveling down tracks net to a  bridge.,8.505532890558243,0.0,0.0,0.0
fusion,/media/crk/vol3/rt/coco/val2017/000000419096.jpg,A train traveling down tracks net to a  bridge.,5.864432081580162,0.0,0.05448022857308388,0.0
m2ib,/media/crk/vol3/rt/coco/val2017/000000245173.jpg,A tall red bricked clock tower with three windows.,3.4061044454574585,0.0,0.0,100.0
lciba,/media/crk/vol3/rt/coco/val2017/000000245173.jpg,A tall red bricked clock tower with three windows.,3.2530412077903748,0.0,0.11387430131435394,0.0
libragrad,/media/crk/vol3/rt/coco/val2017/000000245173.jpg,A tall red bricked clock tower with three windows.,3.4172486513853073,0.0,0.0,0.0
fusion,/media/crk/vol3/rt/coco/val2017/000000245173.jpg,A tall red bricked clock tower with three windows.,2.7984634041786194,0.0,0.0,100.0
m2ib,/media/crk/vol3/rt/coco/val2017/000000183049.jpg,A book shelf filled with lots of colorful books.,0.0,100.0,0.043488759547472,0.0
lciba,/media/crk/vol3/rt/coco/val2017/000000183049.jpg,A book shelf filled with lots of colorful books.,0.0,100.0,0.07624980062246323,0.0
libragrad,/media/crk/vol3/rt/coco/val2017/000000183049.jpg,A book shelf filled with lots of colorful books.,0.0,100.0,0.0,100.0
fusion,/media/crk/vol3/rt/coco/val2017/000000183049.jpg,A book shelf filled with lots of colorful books.,1.8225492909550667,0.0,0.0,100.0
m2ib,/media/crk/vol3/rt/coco/val2017/000000116206.jpg, A wooden cutting board filled with chopped vegetables.,1.2252402491867542,0.0,0.010149553418159485,0.0
lciba,/media/crk/vol3/rt/coco/val2017/000000116206.jpg, A wooden cutting board filled with chopped vegetables.,0.0,100.0,0.14074482023715973,0.0
libragrad,/media/crk/vol3/rt/coco/val2017/000000116206.jpg, A wooden cutting board filled with chopped vegetables.,3.0846748501062393,0.0,0.0,0.0
fusion,/media/crk/vol3/rt/coco/val2017/000000116206.jpg, A wooden cutting board filled with chopped vegetables.,3.242558240890503,0.0,0.010149553418159485,0.0
m2ib,/media/crk/vol3/rt/coco/val2017/000000384350.jpg,a white and red plane parked on a tarmac,1.3989581726491451,0.0,0.05888752639293671,0.0
lciba,/media/crk/vol3/rt/coco/val2017/000000384350.jpg,a white and red plane parked on a tarmac,2.055295556783676,0.0,0.5198757164180279,0.0
libragrad,/media/crk/vol3/rt/coco/val2017/000000384350.jpg,a white and red plane parked on a tarmac,1.7842389643192291,0.0,0.0,0.0
fusion,/media/crk/vol3/rt/coco/val2017/000000384350.jpg,a white and red plane parked on a tarmac,1.1985461227595806,0.0,0.0,0.0
m2ib,/media/crk/vol3/rt/coco/val2017/000000508370.jpg,A bicycle parked on top of a baby dolls head.,1.3868767768144608,0.0,0.0,100.0
lciba,/media/crk/vol3/rt/coco/val2017/000000508370.jpg,A bicycle parked on top of a baby dolls head.,2.4947909638285637,0.0,0.13901721686124802,0.0
libragrad,/media/crk/vol3/rt/coco/val2017/000000508370.jpg,A bicycle parked on top of a baby dolls head.,0.19999612122774124,0.0,0.0,0.0
fusion,/media/crk/vol3/rt/coco/val2017/000000508370.jpg,A bicycle parked on top of a baby dolls head.,0.0,100.0,0.0,100.0
m2ib,/media/crk/vol3/rt/coco/val2017/000000400367.jpg,The car lights are streaking by on the street.,0.3050693776458502,0.0,0.06013736128807068,0.0
lciba,/media/crk/vol3/rt/coco/val2017/000000400367.jpg,The car lights are streaking by on the street.,1.052897423505783,0.0,0.0,100.0
libragrad,/media/crk/vol3/rt/coco/val2017/000000400367.jpg,The car lights are streaking by on the street.,0.0,100.0,0.0,0.0
fusion,/media/crk/vol3/rt/coco/val2017/000000400367.jpg,The car lights are streaking by on the street.,1.2200452387332916,0.0,0.8769936859607697,0.0
m2ib,/media/crk/vol3/rt/coco/val2017/000000224807.jpg,Men sit around a table sharing a meal.,0.0,100.0,0.07225759327411652,0.0
lciba,/media/crk/vol3/rt/coco/val2017/000000224807.jpg,Men sit around a table sharing a meal.,0.0,100.0,1.7431432381272316,0.0
libragrad,/media/crk/vol3/rt/coco/val2017/000000224807.jpg,Men sit around a table sharing a meal.,0.0,100.0,0.0,0.0
fusion,/media/crk/vol3/rt/coco/val2017/000000224807.jpg,Men sit around a table sharing a meal.,0.47335852868855,0.0,0.0,0.0
m2ib,/media/crk/vol3/rt/coco/val2017/000000558213.jpg,A skateboarder doing a trick in a yard surrounded by a chain fence.,2.4611610919237137,0.0,1.556898094713688,0.0
lciba,/media/crk/vol3/rt/coco/val2017/000000558213.jpg,A skateboarder doing a trick in a yard surrounded by a chain fence.,1.9381115213036537,0.0,0.11507272720336914,0.0
libragrad,/media/crk/vol3/rt/coco/val2017/000000558213.jpg,A skateboarder doing a trick in a yard surrounded by a chain fence.,3.592974692583084,0.0,0.0,0.0
fusion,/media/crk/vol3/rt/coco/val2017/000000558213.jpg,A skateboarder doing a trick in a yard surrounded by a chain fence.,4.706596955657005,0.0,0.07386542856693268,0.0
m2ib,/media/crk/vol3/rt/coco/val2017/000000123213.jpg,a baseball player on a field with a bat ,1.5499052591621876,0.0,0.01738700084388256,0.0
lciba,/media/crk/vol3/rt/coco/val2017/000000123213.jpg,a baseball player on a field with a bat ,1.4184328727424145,0.0,0.1367388293147087,0.0
libragrad,/media/crk/vol3/rt/coco/val2017/000000123213.jpg,a baseball player on a field with a bat ,1.1273283511400223,0.0,0.0,0.0
fusion,/media/crk/vol3/rt/coco/val2017/000000123213.jpg,a baseball player on a field with a bat ,0.0,100.0,0.048173172399401665,0.0
m2ib,/media/crk/vol3/rt/coco/val2017/000000139260.jpg,There is a banana split with whipped cream and a cherry.,0.7480643689632416,0.0,0.021399930119514465,0.0
lciba,/media/crk/vol3/rt/coco/val2017/000000139260.jpg,There is a banana split with whipped cream and a cherry.,1.4982335269451141,0.0,1.5911528840661049,0.0
libragrad,/media/crk/vol3/rt/coco/val2017/000000139260.jpg,There is a banana split with whipped cream and a cherry.,1.9742883741855621,0.0,0.0,0.0
fusion,/media/crk/vol3/rt/coco/val2017/000000139260.jpg,There is a banana split with whipped cream and a cherry.,5.684323608875275,0.0,0.0,0.0
m2ib,/media/crk/vol3/rt/coco/val2017/000000180792.jpg,"A bathroom with a toilet, toilet roll and safety rail.",0.0,100.0,0.11031441390514374,0.0
lciba,/media/crk/vol3/rt/coco/val2017/000000180792.jpg,"A bathroom with a toilet, toilet roll and safety rail.",0.0,100.0,0.20801927894353867,0.0
libragrad,/media/crk/vol3/rt/coco/val2017/000000180792.jpg,"A bathroom with a toilet, toilet roll and safety rail.",0.0,100.0,0.0,0.0
fusion,/media/crk/vol3/rt/coco/val2017/000000180792.jpg,"A bathroom with a toilet, toilet roll and safety rail.",0.0,100.0,0.0,100.0
m2ib,/media/crk/vol3/rt/coco/val2017/000000528705.jpg,A brown bear sitting on top of a persons back.,0.010083615779876709,0.0,1.6859719529747963,0.0
lciba,/media/crk/vol3/rt/coco/val2017/000000528705.jpg,A brown bear sitting on top of a persons back.,0.0,100.0,1.7074672505259514,0.0
libragrad,/media/crk/vol3/rt/coco/val2017/000000528705.jpg,A brown bear sitting on top of a persons back.,0.3242122009396553,0.0,0.0,0.0
fusion,/media/crk/vol3/rt/coco/val2017/000000528705.jpg,A brown bear sitting on top of a persons back.,0.4486083984375,0.0,0.0,0.0
m2ib,/media/crk/vol3/rt/coco/val2017/000000446574.jpg,A bathroom has a shower and toilet in it.,0.0,100.0,0.6861718371510506,0.0
lciba,/media/crk/vol3/rt/coco/val2017/000000446574.jpg,A bathroom has a shower and toilet in it.,0.0,100.0,0.09904168546199799,0.0
libragrad,/media/crk/vol3/rt/coco/val2017/000000446574.jpg,A bathroom has a shower and toilet in it.,0.0,100.0,0.0,0.0
fusion,/media/crk/vol3/rt/coco/val2017/000000446574.jpg,A bathroom has a shower and toilet in it.,0.11123446747660637,0.0,0.6722263991832733,0.0
m2ib,/media/crk/vol3/rt/coco/val2017/000000576052.jpg,A female horse rider mounted near a body of water and mountains.,2.1962231025099754,0.0,0.8840512484312057,0.0
lciba,/media/crk/vol3/rt/coco/val2017/000000576052.jpg,A female horse rider mounted near a body of water and mountains.,3.152000531554222,0.0,0.2780212089419365,0.0
libragrad,/media/crk/vol3/rt/coco/val2017/000000576052.jpg,A female horse rider mounted near a body of water and mountains.,2.2051217034459114,0.0,0.0,0.0
fusion,/media/crk/vol3/rt/coco/val2017/000000576052.jpg,A female horse rider mounted near a body of water and mountains.,2.465285547077656,0.0,0.7992287166416645,0.0
m2ib,/media/crk/vol3/rt/coco/val2017/000000163117.jpg,A large group of people in a field with kites.,0.0,100.0,1.4995895326137543,0.0
lciba,/media/crk/vol3/rt/coco/val2017/000000163117.jpg,A large group of people in a field with kites.,0.0,100.0,1.6204364597797394,0.0
libragrad,/media/crk/vol3/rt/coco/val2017/000000163117.jpg,A large group of people in a field with kites.,0.8984960615634918,0.0,0.0,0.0
fusion,/media/crk/vol3/rt/coco/val2017/000000163117.jpg,A large group of people in a field with kites.,0.2536259591579437,0.0,0.0,100.0
m2ib,/media/crk/vol3/rt/coco/val2017/000000054123.jpg,The zebras are standing around and grazing in the pasture.,0.7892712019383907,0.0,0.9371856227517128,0.0
lciba,/media/crk/vol3/rt/coco/val2017/000000054123.jpg,The zebras are standing around and grazing in the pasture.,0.1591539941728115,0.0,0.0,100.0
libragrad,/media/crk/vol3/rt/coco/val2017/000000054123.jpg,The zebras are standing around and grazing in the pasture.,1.908021792769432,0.0,0.0,0.0
fusion,/media/crk/vol3/rt/coco/val2017/000000054123.jpg,The zebras are standing around and grazing in the pasture.,2.4798784404993057,0.0,0.0,0.0
m2ib,/media/crk/vol3/rt/coco/val2017/000000269121.jpg,A white-clad tennis player hurls a ball upward to deliver a serve.,0.0,100.0,0.4351384937763214,0.0
lciba,/media/crk/vol3/rt/coco/val2017/000000269121.jpg,A white-clad tennis player hurls a ball upward to deliver a serve.,0.0,100.0,0.2049323171377182,0.0
libragrad,/media/crk/vol3/rt/coco/val2017/000000269121.jpg,A white-clad tennis player hurls a ball upward to deliver a serve.,0.8208561688661575,0.0,0.0,0.0
fusion,/media/crk/vol3/rt/coco/val2017/000000269121.jpg,A white-clad tennis player hurls a ball upward to deliver a serve.,2.402503788471222,0.0,0.09877383708953857,0.0
m2ib,/media/crk/vol3/rt/coco/val2017/000000313034.jpg,A man in a green shirt stands by a girl holding a piece of cake on a plate.,0.7065883837640285,0.0,0.0464034266769886,0.0
lciba,/media/crk/vol3/rt/coco/val2017/000000313034.jpg,A man in a green shirt stands by a girl holding a piece of cake on a plate.,0.4321400076150894,0.0,2.4576200172305107,0.0
libragrad,/media/crk/vol3/rt/coco/val2017/000000313034.jpg,A man in a green shirt stands by a girl holding a piece of cake on a plate.,0.11519845575094223,0.0,0.0,0.0
fusion,/media/crk/vol3/rt/coco/val2017/000000313034.jpg,A man in a green shirt stands by a girl holding a piece of cake on a plate.,1.211023237556219,0.0,0.0,0.0
m2ib,/media/crk/vol3/rt/coco/val2017/000000117525.jpg,A man in front of a Christmas tree with his dog.,1.317637786269188,0.0,0.15135277062654495,0.0
lciba,/media/crk/vol3/rt/coco/val2017/000000117525.jpg,A man in front of a Christmas tree with his dog.,2.841736190021038,0.0,2.307676523923874,0.0
libragrad,/media/crk/vol3/rt/coco/val2017/000000117525.jpg,A man in front of a Christmas tree with his dog.,1.896056905388832,0.0,0.0,0.0
fusion,/media/crk/vol3/rt/coco/val2017/000000117525.jpg,A man in front of a Christmas tree with his dog.,5.0568751990795135,0.0,0.05536908283829689,0.0
m2ib,/media/crk/vol3/rt/coco/val2017/000000302165.jpg,A herd of cows laying on dry grass.,0.0,100.0,0.0,100.0
lciba,/media/crk/vol3/rt/coco/val2017/000000302165.jpg,A herd of cows laying on dry grass.,0.0,100.0,0.19143670797348022,0.0
libragrad,/media/crk/vol3/rt/coco/val2017/000000302165.jpg,A herd of cows laying on dry grass.,0.0,100.0,0.0,0.0
fusion,/media/crk/vol3/rt/coco/val2017/000000302165.jpg,A herd of cows laying on dry grass.,0.0,100.0,0.0,100.0
m2ib,/media/crk/vol3/rt/coco/val2017/000000426836.jpg,Someone flying a kite right above the trees.,1.6644131392240524,0.0,0.0,100.0
lciba,/media/crk/vol3/rt/coco/val2017/000000426836.jpg,Someone flying a kite right above the trees.,1.2265301309525967,0.0,0.0,100.0
libragrad,/media/crk/vol3/rt/coco/val2017/000000426836.jpg,Someone flying a kite right above the trees.,1.9907381385564804,0.0,0.0,0.0
fusion,/media/crk/vol3/rt/coco/val2017/000000426836.jpg,Someone flying a kite right above the trees.,0.5140283145010471,0.0,0.0,100.0
m2ib,/media/crk/vol3/rt/coco/val2017/000000130579.jpg,A pitcher about to pitch in a baseball game.,0.9407453238964081,0.0,0.10375082492828369,0.0
lciba,/media/crk/vol3/rt/coco/val2017/000000130579.jpg,A pitcher about to pitch in a baseball game.,0.6768852472305298,0.0,0.2828329801559448,0.0
libragrad,/media/crk/vol3/rt/coco/val2017/000000130579.jpg,A pitcher about to pitch in a baseball game.,0.5692388862371445,0.0,0.0,0.0
fusion,/media/crk/vol3/rt/coco/val2017/000000130579.jpg,A pitcher about to pitch in a baseball game.,1.6481880098581314,0.0,0.0,0.0
m2ib,/media/crk/vol3/rt/coco/val2017/000000504000.jpg,An airplane is vintage and is on display.,1.9613828510046005,0.0,0.6138581782579422,0.0
lciba,/media/crk/vol3/rt/coco/val2017/000000504000.jpg,An airplane is vintage and is on display.,3.0817460268735886,0.0,0.5419641733169556,0.0
libragrad,/media/crk/vol3/rt/coco/val2017/000000504000.jpg,An airplane is vintage and is on display.,1.5054043382406235,0.0,0.0,0.0
fusion,/media/crk/vol3/rt/coco/val2017/000000504000.jpg,An airplane is vintage and is on display.,1.6246866434812546,0.0,0.0,100.0
m2ib,/media/crk/vol3/rt/coco/val2017/000000370677.jpg,Three workers stand next to each other with their baked goods behind them.,5.656310170888901,0.0,1.123395562171936,0.0
lciba,/media/crk/vol3/rt/coco/val2017/000000370677.jpg,Three workers stand next to each other with their baked goods behind them.,5.79289048910141,0.0,1.7217569053173065,0.0
libragrad,/media/crk/vol3/rt/coco/val2017/000000370677.jpg,Three workers stand next to each other with their baked goods behind them.,7.288585603237152,0.0,0.0,0.0
fusion,/media/crk/vol3/rt/coco/val2017/000000370677.jpg,Three workers stand next to each other with their baked goods behind them.,9.707775712013245,0.0,1.0288316756486893,0.0
m2ib,/media/crk/vol3/rt/coco/val2017/000000374551.jpg,There is a tiny bird on the branch.,0.0,100.0,0.3389321267604828,0.0
lciba,/media/crk/vol3/rt/coco/val2017/000000374551.jpg,There is a tiny bird on the branch.,0.0,100.0,0.346972793340683,0.0
libragrad,/media/crk/vol3/rt/coco/val2017/000000374551.jpg,There is a tiny bird on the branch.,0.17280280590057373,0.0,0.8066967129707336,0.0
fusion,/media/crk/vol3/rt/coco/val2017/000000374551.jpg,There is a tiny bird on the branch.,0.0,100.0,0.3195628523826599,0.0
m2ib,/media/crk/vol3/rt/coco/val2017/000000198805.jpg,A group of trucks and cars parked in a parking lot.,1.2370558455586433,0.0,0.052749551832675934,0.0
lciba,/media/crk/vol3/rt/coco/val2017/000000198805.jpg,A group of trucks and cars parked in a parking lot.,1.0801821947097778,0.0,3.5368062555789948,0.0
libragrad,/media/crk/vol3/rt/coco/val2017/000000198805.jpg,A group of trucks and cars parked in a parking lot.,2.1634861826896667,0.0,0.0,0.0
fusion,/media/crk/vol3/rt/coco/val2017/000000198805.jpg,A group of trucks and cars parked in a parking lot.,2.2928643971681595,0.0,0.024670641869306564,0.0
m2ib,/media/crk/vol3/rt/coco/val2017/000000452122.jpg,An airplane flying in the air during the day.,1.6116034239530563,0.0,0.7206356152892113,0.0
lciba,/media/crk/vol3/rt/coco/val2017/000000452122.jpg,An airplane flying in the air during the day.,2.8576740995049477,0.0,0.5365749821066856,0.0
libragrad,/media/crk/vol3/rt/coco/val2017/000000452122.jpg,An airplane flying in the air during the day.,2.4186626076698303,0.0,0.0,0.0
fusion,/media/crk/vol3/rt/coco/val2017/000000452122.jpg,An airplane flying in the air during the day.,3.753422200679779,0.0,0.0,0.0
m2ib,/media/crk/vol3/rt/coco/val2017/000000430961.jpg,A baseball player preparing to throw a pitch during a game.,1.3936582952737808,0.0,1.123187504708767,0.0
lciba,/media/crk/vol3/rt/coco/val2017/000000430961.jpg,A baseball player preparing to throw a pitch during a game.,1.1458745226264,0.0,1.197444461286068,0.0
libragrad,/media/crk/vol3/rt/coco/val2017/000000430961.jpg,A baseball player preparing to throw a pitch during a game.,0.6463645026087761,0.0,0.0,0.0
fusion,/media/crk/vol3/rt/coco/val2017/000000430961.jpg,A baseball player preparing to throw a pitch during a game.,0.9977059438824654,0.0,0.0,0.0
m2ib,/media/crk/vol3/rt/coco/val2017/000000130465.jpg,An old church building with clocks built into the tower and an arched doorway. ,0.0,100.0,1.3176217675209045,0.0
lciba,/media/crk/vol3/rt/coco/val2017/000000130465.jpg,An old church building with clocks built into the tower and an arched doorway. ,0.0,100.0,0.2781674265861511,0.0
libragrad,/media/crk/vol3/rt/coco/val2017/000000130465.jpg,An old church building with clocks built into the tower and an arched doorway. ,0.0,100.0,0.0,0.0
fusion,/media/crk/vol3/rt/coco/val2017/000000130465.jpg,An old church building with clocks built into the tower and an arched doorway. ,0.0,100.0,0.0,0.0
m2ib,/media/crk/vol3/rt/coco/val2017/000000285047.jpg,A person sitting at table with a cup looking at a cell phone.,0.0,100.0,0.1499054953455925,0.0
lciba,/media/crk/vol3/rt/coco/val2017/000000285047.jpg,A person sitting at table with a cup looking at a cell phone.,0.0,100.0,0.3481423482298851,0.0
libragrad,/media/crk/vol3/rt/coco/val2017/000000285047.jpg,A person sitting at table with a cup looking at a cell phone.,0.0,100.0,0.0,0.0
fusion,/media/crk/vol3/rt/coco/val2017/000000285047.jpg,A person sitting at table with a cup looking at a cell phone.,0.0,100.0,1.1385278776288033,0.0
m2ib,/media/crk/vol3/rt/coco/val2017/000000024021.jpg,A class picture of the Goodmayes Boys' School in April of 1929.,2.491277828812599,0.0,0.029369816184043884,0.0
lciba,/media/crk/vol3/rt/coco/val2017/000000024021.jpg,A class picture of the Goodmayes Boys' School in April of 1929.,5.8792706578969955,0.0,0.0,100.0
libragrad,/media/crk/vol3/rt/coco/val2017/000000024021.jpg,A class picture of the Goodmayes Boys' School in April of 1929.,2.110482007265091,0.0,0.0,0.0
fusion,/media/crk/vol3/rt/coco/val2017/000000024021.jpg,A class picture of the Goodmayes Boys' School in April of 1929.,1.2317825108766556,0.0,0.0,0.0
m2ib,/media/crk/vol3/rt/coco/val2017/000000301421.jpg,"Computer desk setup with monitor, wireless keyboard, and other electronic devices. ",0.0,100.0,0.03904886543750763,0.0
lciba,/media/crk/vol3/rt/coco/val2017/000000301421.jpg,"Computer desk setup with monitor, wireless keyboard, and other electronic devices. ",0.0,100.0,0.13805092312395573,0.0
libragrad,/media/crk/vol3/rt/coco/val2017/000000301421.jpg,"Computer desk setup with monitor, wireless keyboard, and other electronic devices. ",0.0,100.0,0.0,0.0
fusion,/media/crk/vol3/rt/coco/val2017/000000301421.jpg,"Computer desk setup with monitor, wireless keyboard, and other electronic devices. ",0.36543626338243484,0.0,0.0,100.0
m2ib,/media/crk/vol3/rt/coco/val2017/000000500478.jpg,A baseball player is winding up for the pitch.,0.0,100.0,0.23149270564317703,0.0
lciba,/media/crk/vol3/rt/coco/val2017/000000500478.jpg,A baseball player is winding up for the pitch.,0.0,100.0,0.3327367827296257,0.0
libragrad,/media/crk/vol3/rt/coco/val2017/000000500478.jpg,A baseball player is winding up for the pitch.,0.0,100.0,0.0,0.0
fusion,/media/crk/vol3/rt/coco/val2017/000000500478.jpg,A baseball player is winding up for the pitch.,0.0,100.0,0.2267220988869667,0.0
m2ib,/media/crk/vol3/rt/coco/val2017/000000263463.jpg,A dog hanging out of a back door window.,0.0,100.0,0.07494725286960602,0.0
lciba,/media/crk/vol3/rt/coco/val2017/000000263463.jpg,A dog hanging out of a back door window.,0.0,100.0,0.4542902112007141,0.0
libragrad,/media/crk/vol3/rt/coco/val2017/000000263463.jpg,A dog hanging out of a back door window.,0.0,100.0,0.0,0.0
fusion,/media/crk/vol3/rt/coco/val2017/000000263463.jpg,A dog hanging out of a back door window.,0.0,100.0,0.0,0.0
m2ib,/media/crk/vol3/rt/coco/val2017/000000258388.jpg,A teenager shoots flames at a friend balancing on a skateboard.,0.9179407730698586,0.0,0.0,100.0
lciba,/media/crk/vol3/rt/coco/val2017/000000258388.jpg,A teenager shoots flames at a friend balancing on a skateboard.,0.25166720151901245,0.0,0.22164732217788696,0.0
libragrad,/media/crk/vol3/rt/coco/val2017/000000258388.jpg,A teenager shoots flames at a friend balancing on a skateboard.,1.6823997721076012,0.0,0.0,0.0
fusion,/media/crk/vol3/rt/coco/val2017/000000258388.jpg,A teenager shoots flames at a friend balancing on a skateboard.,3.660699725151062,0.0,0.014610588550567627,0.0
m2ib,/media/crk/vol3/rt/coco/val2017/000000562561.jpg,Two dogs in the backyard with blowup toys.,0.0,100.0,0.0,100.0
lciba,/media/crk/vol3/rt/coco/val2017/000000562561.jpg,Two dogs in the backyard with blowup toys.,0.9227318689227104,0.0,0.0,100.0
libragrad,/media/crk/vol3/rt/coco/val2017/000000562561.jpg,Two dogs in the backyard with blowup toys.,1.8380487337708473,0.0,0.0,0.0
fusion,/media/crk/vol3/rt/coco/val2017/000000562561.jpg,Two dogs in the backyard with blowup toys.,1.2906579300761223,0.0,0.0,100.0
m2ib,/media/crk/vol3/rt/coco/val2017/000000307074.jpg,A traffic light hanging over a road at a cross walk.,0.9758777916431427,0.0,0.06547877565026283,0.0
lciba,/media/crk/vol3/rt/coco/val2017/000000307074.jpg,A traffic light hanging over a road at a cross walk.,0.6717849522829056,0.0,0.14138249680399895,0.0
libragrad,/media/crk/vol3/rt/coco/val2017/000000307074.jpg,A traffic light hanging over a road at a cross walk.,1.1639684438705444,0.0,0.0,0.0
fusion,/media/crk/vol3/rt/coco/val2017/000000307074.jpg,A traffic light hanging over a road at a cross walk.,4.259956255555153,0.0,0.0,0.0
m2ib,/media/crk/vol3/rt/coco/val2017/000000244592.jpg,Three zebras outside with two grazing next to each other.,0.2549106255173683,0.0,0.26029106229543686,0.0
lciba,/media/crk/vol3/rt/coco/val2017/000000244592.jpg,Three zebras outside with two grazing next to each other.,0.5104695446789265,0.0,0.22450294345617294,0.0
libragrad,/media/crk/vol3/rt/coco/val2017/000000244592.jpg,Three zebras outside with two grazing next to each other.,1.4383593574166298,0.0,0.0,0.0
fusion,/media/crk/vol3/rt/coco/val2017/000000244592.jpg,Three zebras outside with two grazing next to each other.,0.0,100.0,0.13896599411964417,0.0
m2ib,/media/crk/vol3/rt/coco/val2017/000000525286.jpg,A large clock  is on the wall where the paint is peeling.,1.2263283133506775,0.0,0.0433141365647316,0.0
lciba,/media/crk/vol3/rt/coco/val2017/000000525286.jpg,A large clock  is on the wall where the paint is peeling.,1.8098635599017143,0.0,2.0212462171912193,0.0
libragrad,/media/crk/vol3/rt/coco/val2017/000000525286.jpg,A large clock  is on the wall where the paint is peeling.,2.3496337234973907,0.0,0.0,0.0
fusion,/media/crk/vol3/rt/coco/val2017/000000525286.jpg,A large clock  is on the wall where the paint is peeling.,3.205256164073944,0.0,0.0036049634218215942,0.0
m2ib,/media/crk/vol3/rt/coco/val2017/000000123480.jpg,A man taking a selfie while brushing his teeth and looking in the mirror ,0.0,100.0,0.027110613882541656,0.0
lciba,/media/crk/vol3/rt/coco/val2017/000000123480.jpg,A man taking a selfie while brushing his teeth and looking in the mirror ,0.0,100.0,0.6686484441161156,0.0
libragrad,/media/crk/vol3/rt/coco/val2017/000000123480.jpg,A man taking a selfie while brushing his teeth and looking in the mirror ,0.0,100.0,0.0,0.0
fusion,/media/crk/vol3/rt/coco/val2017/000000123480.jpg,A man taking a selfie while brushing his teeth and looking in the mirror ,0.0,100.0,0.0,0.0
m2ib,/media/crk/vol3/rt/coco/val2017/000000499031.jpg,A group of two women and an older woman between them.,2.6397768408060074,0.0,1.7619112506508827,0.0
lciba,/media/crk/vol3/rt/coco/val2017/000000499031.jpg,A group of two women and an older woman between them.,1.6933009028434753,0.0,1.5907574445009232,0.0
libragrad,/media/crk/vol3/rt/coco/val2017/000000499031.jpg,A group of two women and an older woman between them.,1.7158418893814087,0.0,0.0,0.0
fusion,/media/crk/vol3/rt/coco/val2017/000000499031.jpg,A group of two women and an older woman between them.,1.7969153821468353,0.0,0.07393471896648407,0.0
m2ib,/media/crk/vol3/rt/coco/val2017/000000447522.jpg,"Rice, broccoli, onions, and tomatoes sitting on a plate.",0.5676474422216415,0.0,0.011959299445152283,0.0
lciba,/media/crk/vol3/rt/coco/val2017/000000447522.jpg,"Rice, broccoli, onions, and tomatoes sitting on a plate.",0.34795254468917847,0.0,0.07718130946159363,0.0
libragrad,/media/crk/vol3/rt/coco/val2017/000000447522.jpg,"Rice, broccoli, onions, and tomatoes sitting on a plate.",1.5155751258134842,0.0,0.0,0.0
fusion,/media/crk/vol3/rt/coco/val2017/000000447522.jpg,"Rice, broccoli, onions, and tomatoes sitting on a plate.",4.843041300773621,0.0,0.0,0.0
m2ib,/media/crk/vol3/rt/coco/val2017/000000240250.jpg,A woman sitting down at a table with pizza.,0.0,100.0,0.0,100.0
lciba,/media/crk/vol3/rt/coco/val2017/000000240250.jpg,A woman sitting down at a table with pizza.,0.0,100.0,0.2903204411268234,0.0
libragrad,/media/crk/vol3/rt/coco/val2017/000000240250.jpg,A woman sitting down at a table with pizza.,0.0,100.0,0.0,0.0
fusion,/media/crk/vol3/rt/coco/val2017/000000240250.jpg,A woman sitting down at a table with pizza.,0.0,100.0,0.0,0.0
m2ib,/media/crk/vol3/rt/coco/val2017/000000552883.jpg,"A view of a kitchen with cabinets, a sink and a clothes washer.",1.2177228927612305,0.0,1.5649259090423584,0.0
lciba,/media/crk/vol3/rt/coco/val2017/000000552883.jpg,"A view of a kitchen with cabinets, a sink and a clothes washer.",1.8775120377540588,0.0,1.543126255273819,0.0
libragrad,/media/crk/vol3/rt/coco/val2017/000000552883.jpg,"A view of a kitchen with cabinets, a sink and a clothes washer.",1.902974396944046,0.0,0.0,0.0
fusion,/media/crk/vol3/rt/coco/val2017/000000552883.jpg,"A view of a kitchen with cabinets, a sink and a clothes washer.",3.673490881919861,0.0,0.0,0.0
m2ib,/media/crk/vol3/rt/coco/val2017/000000524850.jpg,A crowd of people standing around a bus next to a parked jetliner.,0.0,100.0,1.9972477108240128,0.0
lciba,/media/crk/vol3/rt/coco/val2017/000000524850.jpg,A crowd of people standing around a bus next to a parked jetliner.,0.21928679198026657,0.0,0.34446343779563904,0.0
libragrad,/media/crk/vol3/rt/coco/val2017/000000524850.jpg,A crowd of people standing around a bus next to a parked jetliner.,0.3912815824151039,0.0,0.0,0.0
fusion,/media/crk/vol3/rt/coco/val2017/000000524850.jpg,A crowd of people standing around a bus next to a parked jetliner.,0.0,100.0,0.059549883008003235,0.0
m2ib,/media/crk/vol3/rt/coco/val2017/000000012667.jpg,The telephone has a banana where the receiver should be.,0.0,100.0,0.9305000305175781,0.0
lciba,/media/crk/vol3/rt/coco/val2017/000000012667.jpg,The telephone has a banana where the receiver should be.,0.0,100.0,0.6805522367358208,0.0
libragrad,/media/crk/vol3/rt/coco/val2017/000000012667.jpg,The telephone has a banana where the receiver should be.,0.35000666975975037,0.0,0.0,0.0
fusion,/media/crk/vol3/rt/coco/val2017/000000012667.jpg,The telephone has a banana where the receiver should be.,0.0,100.0,0.05266740918159485,0.0
m2ib,/media/crk/vol3/rt/coco/val2017/000000135673.jpg,Two planes are close together in the sky.,2.63056680560112,0.0,0.07549822330474854,0.0
lciba,/media/crk/vol3/rt/coco/val2017/000000135673.jpg,Two planes are close together in the sky.,3.3978182822465897,0.0,0.3119915723800659,0.0
libragrad,/media/crk/vol3/rt/coco/val2017/000000135673.jpg,Two planes are close together in the sky.,2.7237920090556145,0.0,0.0,0.0
fusion,/media/crk/vol3/rt/coco/val2017/000000135673.jpg,Two planes are close together in the sky.,3.280489146709442,0.0,0.009013153612613678,0.0
m2ib,/media/crk/vol3/rt/coco/val2017/000000150638.jpg,A table holding a variety of beverages at an outdoor party.,1.0663529857993126,0.0,2.084970660507679,0.0
lciba,/media/crk/vol3/rt/coco/val2017/000000150638.jpg,A table holding a variety of beverages at an outdoor party.,0.06810054183006287,0.0,0.551731139421463,0.0
libragrad,/media/crk/vol3/rt/coco/val2017/000000150638.jpg,A table holding a variety of beverages at an outdoor party.,0.2925444394350052,0.0,0.0,0.0
fusion,/media/crk/vol3/rt/coco/val2017/000000150638.jpg,A table holding a variety of beverages at an outdoor party.,1.2934379279613495,0.0,0.0,0.0
m2ib,/media/crk/vol3/rt/coco/val2017/000000056350.jpg,A picture of people is on the floor near a urinal.,0.0,100.0,0.07872283458709717,0.0
lciba,/media/crk/vol3/rt/coco/val2017/000000056350.jpg,A picture of people is on the floor near a urinal.,0.0,100.0,0.025262311100959778,0.0
libragrad,/media/crk/vol3/rt/coco/val2017/000000056350.jpg,A picture of people is on the floor near a urinal.,0.8048603311181068,0.0,0.0,0.0
fusion,/media/crk/vol3/rt/coco/val2017/000000056350.jpg,A picture of people is on the floor near a urinal.,1.4602944254875183,0.0,0.04674158990383148,0.0
m2ib,/media/crk/vol3/rt/coco/val2017/000000234526.jpg,A little boy in a yellow shirt feeding a giraffe.  ,1.2891415506601334,0.0,0.07023513317108154,0.0
lciba,/media/crk/vol3/rt/coco/val2017/000000234526.jpg,A little boy in a yellow shirt feeding a giraffe.  ,1.2562260031700134,0.0,0.5805037915706635,0.0
libragrad,/media/crk/vol3/rt/coco/val2017/000000234526.jpg,A little boy in a yellow shirt feeding a giraffe.  ,3.7712201476097107,0.0,0.0,0.0
fusion,/media/crk/vol3/rt/coco/val2017/000000234526.jpg,A little boy in a yellow shirt feeding a giraffe.  ,7.4166953563690186,0.0,0.0,0.0
m2ib,/media/crk/vol3/rt/coco/val2017/000000426836.jpg,Someone flying a kite right above the trees.,1.2788900174200535,0.0,0.0,100.0
lciba,/media/crk/vol3/rt/coco/val2017/000000426836.jpg,Someone flying a kite right above the trees.,1.2387764640152454,0.0,2.771989442408085,0.0
libragrad,/media/crk/vol3/rt/coco/val2017/000000426836.jpg,Someone flying a kite right above the trees.,1.9907381385564804,0.0,0.0,0.0
fusion,/media/crk/vol3/rt/coco/val2017/000000426836.jpg,Someone flying a kite right above the trees.,0.5522745661437511,0.0,0.0,100.0
m2ib,/media/crk/vol3/rt/coco/val2017/000000472298.jpg,a man and a woman sitting on a small boat,2.023323066532612,0.0,2.512439712882042,0.0
lciba,/media/crk/vol3/rt/coco/val2017/000000472298.jpg,a man and a woman sitting on a small boat,1.9138168543577194,0.0,0.18378309905529022,0.0
libragrad,/media/crk/vol3/rt/coco/val2017/000000472298.jpg,a man and a woman sitting on a small boat,1.6271263360977173,0.0,0.0,0.0
fusion,/media/crk/vol3/rt/coco/val2017/000000472298.jpg,a man and a woman sitting on a small boat,0.0,100.0,0.0,0.0
m2ib,/media/crk/vol3/rt/coco/val2017/000000122046.jpg,A woman is sitting in a chair with an umbrella.,0.29107416048645973,0.0,1.6262363642454147,0.0
lciba,/media/crk/vol3/rt/coco/val2017/000000122046.jpg,A woman is sitting in a chair with an umbrella.,0.0,100.0,1.7238344997167587,0.0
libragrad,/media/crk/vol3/rt/coco/val2017/000000122046.jpg,A woman is sitting in a chair with an umbrella.,0.8723719976842403,0.0,0.0,0.0
fusion,/media/crk/vol3/rt/coco/val2017/000000122046.jpg,A woman is sitting in a chair with an umbrella.,0.3858170472085476,0.0,1.6020040959119797,0.0
m2ib,/media/crk/vol3/rt/coco/val2017/000000080274.jpg,Two elephants that are standing next to each other.,0.0,100.0,0.13352632522583008,0.0
lciba,/media/crk/vol3/rt/coco/val2017/000000080274.jpg,Two elephants that are standing next to each other.,0.0,100.0,0.0,100.0
libragrad,/media/crk/vol3/rt/coco/val2017/000000080274.jpg,Two elephants that are standing next to each other.,0.0,100.0,0.0,100.0
fusion,/media/crk/vol3/rt/coco/val2017/000000080274.jpg,Two elephants that are standing next to each other.,0.15913862735033035,0.0,0.0,100.0
m2ib,/media/crk/vol3/rt/coco/val2017/000000384350.jpg,a white and red plane parked on a tarmac,1.357968058437109,0.0,0.08596610277891159,0.0
lciba,/media/crk/vol3/rt/coco/val2017/000000384350.jpg,a white and red plane parked on a tarmac,2.4131648242473602,0.0,0.25840578600764275,0.0
libragrad,/media/crk/vol3/rt/coco/val2017/000000384350.jpg,a white and red plane parked on a tarmac,1.7842389643192291,0.0,0.0,0.0
fusion,/media/crk/vol3/rt/coco/val2017/000000384350.jpg,a white and red plane parked on a tarmac,1.030029822140932,0.0,0.0,0.0
m2ib,/media/crk/vol3/rt/coco/val2017/000000322724.jpg,a man that is skiing down a snowy field,0.0,100.0,0.06210897117853165,0.0
lciba,/media/crk/vol3/rt/coco/val2017/000000322724.jpg,a man that is skiing down a snowy field,0.02303086221218109,0.0,0.26279762387275696,0.0
libragrad,/media/crk/vol3/rt/coco/val2017/000000322724.jpg,a man that is skiing down a snowy field,0.6457073614001274,0.0,0.0,0.0
fusion,/media/crk/vol3/rt/coco/val2017/000000322724.jpg,a man that is skiing down a snowy field,0.26148688048124313,0.0,0.0,100.0
m2ib,/media/crk/vol3/rt/coco/val2017/000000216419.jpg,A clock on a pole on a sidewalk.,1.2157633900642395,0.0,0.0,0.0
lciba,/media/crk/vol3/rt/coco/val2017/000000216419.jpg,A clock on a pole on a sidewalk.,0.3840263932943344,0.0,1.7348408699035645,0.0
libragrad,/media/crk/vol3/rt/coco/val2017/000000216419.jpg,A clock on a pole on a sidewalk.,2.158300392329693,0.0,0.0,0.0
fusion,/media/crk/vol3/rt/coco/val2017/000000216419.jpg,A clock on a pole on a sidewalk.,2.6017462834715843,0.0,0.0,100.0
m2ib,/media/crk/vol3/rt/coco/val2017/000000157767.jpg,A group of men standing around a table of food in wooden room.,0.0,100.0,1.3191544450819492,0.0
lciba,/media/crk/vol3/rt/coco/val2017/000000157767.jpg,A group of men standing around a table of food in wooden room.,0.08554644882678986,0.0,1.3908576220273972,0.0
libragrad,/media/crk/vol3/rt/coco/val2017/000000157767.jpg,A group of men standing around a table of food in wooden room.,0.4685398191213608,0.0,0.0,0.0
fusion,/media/crk/vol3/rt/coco/val2017/000000157767.jpg,A group of men standing around a table of food in wooden room.,0.33636726438999176,0.0,0.0,0.0
m2ib,/media/crk/vol3/rt/coco/val2017/000000289702.jpg,Large black dog sitting in front of a big mirror. ,0.0,100.0,0.03819763660430908,0.0
lciba,/media/crk/vol3/rt/coco/val2017/000000289702.jpg,Large black dog sitting in front of a big mirror. ,0.0,100.0,0.0028137117624282837,0.0
libragrad,/media/crk/vol3/rt/coco/val2017/000000289702.jpg,Large black dog sitting in front of a big mirror. ,0.9233202785253525,0.0,0.0,0.0
fusion,/media/crk/vol3/rt/coco/val2017/000000289702.jpg,Large black dog sitting in front of a big mirror. ,2.665160596370697,0.0,0.0,0.0
m2ib,/media/crk/vol3/rt/coco/val2017/000000260106.jpg,A man jumping a brown horse over an obstacle.,1.4304596930742264,0.0,0.0,100.0
lciba,/media/crk/vol3/rt/coco/val2017/000000260106.jpg,A man jumping a brown horse over an obstacle.,0.5048647522926331,0.0,0.3275487571954727,0.0
libragrad,/media/crk/vol3/rt/coco/val2017/000000260106.jpg,A man jumping a brown horse over an obstacle.,1.8106231465935707,0.0,0.0,0.0
fusion,/media/crk/vol3/rt/coco/val2017/000000260106.jpg,A man jumping a brown horse over an obstacle.,3.1446821987628937,0.0,0.0,0.0
m2ib,/media/crk/vol3/rt/coco/val2017/000000365521.jpg,A skateboarder performing a trick on a skateboard.,0.0,100.0,1.6130801290273666,0.0
lciba,/media/crk/vol3/rt/coco/val2017/000000365521.jpg,A skateboarder performing a trick on a skateboard.,0.0,100.0,0.06477124989032745,0.0
libragrad,/media/crk/vol3/rt/coco/val2017/000000365521.jpg,A skateboarder performing a trick on a skateboard.,0.0,100.0,0.0,0.0
fusion,/media/crk/vol3/rt/coco/val2017/000000365521.jpg,A skateboarder performing a trick on a skateboard.,0.6282741203904152,0.0,0.0,0.0
m2ib,/media/crk/vol3/rt/coco/val2017/000000532901.jpg,A Victorian house looked very much like this model one does.,0.0,100.0,0.05162181332707405,0.0
lciba,/media/crk/vol3/rt/coco/val2017/000000532901.jpg,A Victorian house looked very much like this model one does.,0.0,100.0,0.04430720582604408,0.0
libragrad,/media/crk/vol3/rt/coco/val2017/000000532901.jpg,A Victorian house looked very much like this model one does.,0.0,100.0,0.0,0.0
fusion,/media/crk/vol3/rt/coco/val2017/000000532901.jpg,A Victorian house looked very much like this model one does.,0.11755279265344143,0.0,0.0,0.0
m2ib,/media/crk/vol3/rt/coco/val2017/000000177893.jpg,a red and white passenger bus with a 'final destination 5' billboard on the side of it,4.137441888451576,0.0,2.4591289460659027,0.0
lciba,/media/crk/vol3/rt/coco/val2017/000000177893.jpg,a red and white passenger bus with a 'final destination 5' billboard on the side of it,2.6520416140556335,0.0,2.4112489074468613,0.0
libragrad,/media/crk/vol3/rt/coco/val2017/000000177893.jpg,a red and white passenger bus with a 'final destination 5' billboard on the side of it,4.293486475944519,0.0,0.0,0.0
fusion,/media/crk/vol3/rt/coco/val2017/000000177893.jpg,a red and white passenger bus with a 'final destination 5' billboard on the side of it,2.3174118250608444,0.0,2.292415127158165,0.0
m2ib,/media/crk/vol3/rt/coco/val2017/000000073118.jpg,Two brown teddy bears sitting side by side.,1.7525164410471916,0.0,0.05028285086154938,0.0
lciba,/media/crk/vol3/rt/coco/val2017/000000073118.jpg,Two brown teddy bears sitting side by side.,1.7669865861535072,0.0,0.025797635316848755,0.0
libragrad,/media/crk/vol3/rt/coco/val2017/000000073118.jpg,Two brown teddy bears sitting side by side.,2.351337857544422,0.0,0.0,0.0
fusion,/media/crk/vol3/rt/coco/val2017/000000073118.jpg,Two brown teddy bears sitting side by side.,0.0,100.0,0.0,0.0
m2ib,/media/crk/vol3/rt/coco/val2017/000000016451.jpg,A bunch of surfboards that are in the sand.,1.1161429807543755,0.0,1.1227933689951897,0.0
lciba,/media/crk/vol3/rt/coco/val2017/000000016451.jpg,A bunch of surfboards that are in the sand.,2.706339582800865,0.0,0.9715085849165916,0.0
libragrad,/media/crk/vol3/rt/coco/val2017/000000016451.jpg,A bunch of surfboards that are in the sand.,2.1320095285773277,0.0,0.0,0.0
fusion,/media/crk/vol3/rt/coco/val2017/000000016451.jpg,A bunch of surfboards that are in the sand.,2.938632480800152,0.0,0.9422468021512032,0.0
m2ib,/media/crk/vol3/rt/coco/val2017/000000275791.jpg,A large trains travels past a river that contains several different boats,1.6519246622920036,0.0,0.0,100.0
lciba,/media/crk/vol3/rt/coco/val2017/000000275791.jpg,A large trains travels past a river that contains several different boats,1.8660318106412888,0.0,0.0,100.0
libragrad,/media/crk/vol3/rt/coco/val2017/000000275791.jpg,A large trains travels past a river that contains several different boats,1.7299052327871323,0.0,0.0,0.0
fusion,/media/crk/vol3/rt/coco/val2017/000000275791.jpg,A large trains travels past a river that contains several different boats,0.37248730659484863,0.0,0.0,100.0
m2ib,/media/crk/vol3/rt/coco/val2017/000000499031.jpg,A group of two women and an older woman between them.,2.136346697807312,0.0,1.7369797453284264,0.0
lciba,/media/crk/vol3/rt/coco/val2017/000000499031.jpg,A group of two women and an older woman between them.,1.272827759385109,0.0,0.13016201555728912,0.0
libragrad,/media/crk/vol3/rt/coco/val2017/000000499031.jpg,A group of two women and an older woman between them.,1.7158418893814087,0.0,0.0,0.0
fusion,/media/crk/vol3/rt/coco/val2017/000000499031.jpg,A group of two women and an older woman between them.,1.9079077988862991,0.0,0.012408941984176636,0.0
m2ib,/media/crk/vol3/rt/coco/val2017/000000357501.jpg,A gold colored pair of scissors cutting into a piece of bejeweled fabric with other bejeweled items in the background.,0.48019522801041603,0.0,0.1714731566607952,0.0
lciba,/media/crk/vol3/rt/coco/val2017/000000357501.jpg,A gold colored pair of scissors cutting into a piece of bejeweled fabric with other bejeweled items in the background.,0.6276804953813553,0.0,0.6739598698914051,0.0
libragrad,/media/crk/vol3/rt/coco/val2017/000000357501.jpg,A gold colored pair of scissors cutting into a piece of bejeweled fabric with other bejeweled items in the background.,0.6093194708228111,0.0,0.0,0.0
fusion,/media/crk/vol3/rt/coco/val2017/000000357501.jpg,A gold colored pair of scissors cutting into a piece of bejeweled fabric with other bejeweled items in the background.,0.0,100.0,0.0,100.0
m2ib,/media/crk/vol3/rt/coco/val2017/000000021167.jpg,The couple are dressed up and posing for photos.,0.7656354457139969,0.0,0.00978708267211914,0.0
lciba,/media/crk/vol3/rt/coco/val2017/000000021167.jpg,The couple are dressed up and posing for photos.,1.0730691254138947,0.0,0.4702910780906677,0.0
libragrad,/media/crk/vol3/rt/coco/val2017/000000021167.jpg,The couple are dressed up and posing for photos.,1.324060931801796,0.0,0.0,0.0
fusion,/media/crk/vol3/rt/coco/val2017/000000021167.jpg,The couple are dressed up and posing for photos.,5.081772059202194,0.0,0.00978708267211914,0.0
m2ib,/media/crk/vol3/rt/coco/val2017/000000325306.jpg,A zebra that is bending it's neck backwards to reach it's tail.,0.21480489522218704,0.0,0.0,100.0
lciba,/media/crk/vol3/rt/coco/val2017/000000325306.jpg,A zebra that is bending it's neck backwards to reach it's tail.,2.079560235142708,0.0,0.11095274239778519,0.0
libragrad,/media/crk/vol3/rt/coco/val2017/000000325306.jpg,A zebra that is bending it's neck backwards to reach it's tail.,1.9958702847361565,0.0,0.0,0.0
fusion,/media/crk/vol3/rt/coco/val2017/000000325306.jpg,A zebra that is bending it's neck backwards to reach it's tail.,2.582984045147896,0.0,0.0,0.0
m2ib,/media/crk/vol3/rt/coco/val2017/000000002431.jpg,A plate on a wooden table full of bread.,0.0,100.0,0.08565373718738556,0.0
lciba,/media/crk/vol3/rt/coco/val2017/000000002431.jpg,A plate on a wooden table full of bread.,0.0,100.0,0.14512017369270325,0.0
libragrad,/media/crk/vol3/rt/coco/val2017/000000002431.jpg,A plate on a wooden table full of bread.,0.0,100.0,0.0,0.0
fusion,/media/crk/vol3/rt/coco/val2017/000000002431.jpg,A plate on a wooden table full of bread.,0.0,100.0,0.0,0.0
m2ib,/media/crk/vol3/rt/coco/val2017/000000367228.jpg,Young man flying a kite over a grassy area by water.,1.9599419087171555,0.0,0.047963857650756836,0.0
lciba,/media/crk/vol3/rt/coco/val2017/000000367228.jpg,Young man flying a kite over a grassy area by water.,3.0029969289898872,0.0,0.04565306007862091,0.0
libragrad,/media/crk/vol3/rt/coco/val2017/000000367228.jpg,Young man flying a kite over a grassy area by water.,3.0218496918678284,0.0,0.0,0.0
fusion,/media/crk/vol3/rt/coco/val2017/000000367228.jpg,Young man flying a kite over a grassy area by water.,4.304204508662224,0.0,0.02334974706172943,0.0
m2ib,/media/crk/vol3/rt/coco/val2017/000000440507.jpg,a blue suitcase some shoes and a wooden table,1.3559699058532715,0.0,0.30445344746112823,0.0
lciba,/media/crk/vol3/rt/coco/val2017/000000440507.jpg,a blue suitcase some shoes and a wooden table,0.7410598918795586,0.0,0.3796324133872986,0.0
libragrad,/media/crk/vol3/rt/coco/val2017/000000440507.jpg,a blue suitcase some shoes and a wooden table,0.5067260935902596,0.0,0.0,0.0
fusion,/media/crk/vol3/rt/coco/val2017/000000440507.jpg,a blue suitcase some shoes and a wooden table,0.0,100.0,0.01531895250082016,0.0
m2ib,/media/crk/vol3/rt/coco/val2017/000000036539.jpg,There is a man and a young girl snowboarding ,2.080126106739044,0.0,0.43947678059339523,0.0
lciba,/media/crk/vol3/rt/coco/val2017/000000036539.jpg,There is a man and a young girl snowboarding ,2.312273718416691,0.0,0.5013508722186089,0.0
libragrad,/media/crk/vol3/rt/coco/val2017/000000036539.jpg,There is a man and a young girl snowboarding ,3.1160177662968636,0.0,0.0,0.0
fusion,/media/crk/vol3/rt/coco/val2017/000000036539.jpg,There is a man and a young girl snowboarding ,1.5888053923845291,0.0,0.0,0.0
m2ib,/media/crk/vol3/rt/coco/val2017/000000184384.jpg,A bluebery cake is on a plate and is topped with butter.,0.36317668855190277,0.0,1.2341946363449097,0.0
lciba,/media/crk/vol3/rt/coco/val2017/000000184384.jpg,A bluebery cake is on a plate and is topped with butter.,1.8120668828487396,0.0,1.1543553322553635,0.0
libragrad,/media/crk/vol3/rt/coco/val2017/000000184384.jpg,A bluebery cake is on a plate and is topped with butter.,1.2812010943889618,0.0,0.0,0.0
fusion,/media/crk/vol3/rt/coco/val2017/000000184384.jpg,A bluebery cake is on a plate and is topped with butter.,4.037150740623474,0.0,0.06344839930534363,0.0
m2ib,/media/crk/vol3/rt/coco/val2017/000000084170.jpg,a red and white bus and some cars in the rain,2.5359805673360825,0.0,0.020317640155553818,0.0
lciba,/media/crk/vol3/rt/coco/val2017/000000084170.jpg,a red and white bus and some cars in the rain,3.251849114894867,0.0,0.0,100.0
libragrad,/media/crk/vol3/rt/coco/val2017/000000084170.jpg,a red and white bus and some cars in the rain,3.419528529047966,0.0,0.0,0.0
fusion,/media/crk/vol3/rt/coco/val2017/000000084170.jpg,a red and white bus and some cars in the rain,5.561325326561928,0.0,0.0,0.0
m2ib,/media/crk/vol3/rt/coco/val2017/000000397279.jpg,The tennis player does not know what to expect with the next serve.,0.0,100.0,0.0,100.0
lciba,/media/crk/vol3/rt/coco/val2017/000000397279.jpg,The tennis player does not know what to expect with the next serve.,0.0,100.0,0.0,100.0
libragrad,/media/crk/vol3/rt/coco/val2017/000000397279.jpg,The tennis player does not know what to expect with the next serve.,0.0,100.0,0.0,100.0
fusion,/media/crk/vol3/rt/coco/val2017/000000397279.jpg,The tennis player does not know what to expect with the next serve.,0.39594247937202454,0.0,0.0,100.0
m2ib,/media/crk/vol3/rt/coco/val2017/000000234366.jpg,A clock tower in the middle of a town square.,0.0,100.0,0.0,0.0
lciba,/media/crk/vol3/rt/coco/val2017/000000234366.jpg,A clock tower in the middle of a town square.,0.0,100.0,1.7607960850000381,0.0
libragrad,/media/crk/vol3/rt/coco/val2017/000000234366.jpg,A clock tower in the middle of a town square.,0.0,100.0,0.0,0.0
fusion,/media/crk/vol3/rt/coco/val2017/000000234366.jpg,A clock tower in the middle of a town square.,0.0,100.0,0.0,0.0
m2ib,/media/crk/vol3/rt/coco/val2017/000000458410.jpg,A living room with an old fashioned TV and a couch.,2.417568303644657,0.0,1.0230107232928276,0.0
lciba,/media/crk/vol3/rt/coco/val2017/000000458410.jpg,A living room with an old fashioned TV and a couch.,2.034284733235836,0.0,0.9587455540895462,0.0
libragrad,/media/crk/vol3/rt/coco/val2017/000000458410.jpg,A living room with an old fashioned TV and a couch.,1.8927382305264473,0.0,0.0,0.0
fusion,/media/crk/vol3/rt/coco/val2017/000000458410.jpg,A living room with an old fashioned TV and a couch.,3.4686170518398285,0.0,0.028123706579208374,0.0
m2ib,/media/crk/vol3/rt/coco/val2017/000000189828.jpg,Grey plane taking off above some green vegetation.,0.0,100.0,0.2385302446782589,0.0
lciba,/media/crk/vol3/rt/coco/val2017/000000189828.jpg,Grey plane taking off above some green vegetation.,0.0,100.0,0.0,100.0
libragrad,/media/crk/vol3/rt/coco/val2017/000000189828.jpg,Grey plane taking off above some green vegetation.,0.0,100.0,0.0,0.0
fusion,/media/crk/vol3/rt/coco/val2017/000000189828.jpg,Grey plane taking off above some green vegetation.,0.0,100.0,0.17615342512726784,0.0
m2ib,/media/crk/vol3/rt/coco/val2017/000000210032.jpg,Two birds preparing to eat food off of a plate that was left on a table outside by the ocean.,2.579532563686371,0.0,0.10739080607891083,0.0
lciba,/media/crk/vol3/rt/coco/val2017/000000210032.jpg,Two birds preparing to eat food off of a plate that was left on a table outside by the ocean.,2.7206547558307648,0.0,0.1345902681350708,0.0
libragrad,/media/crk/vol3/rt/coco/val2017/000000210032.jpg,Two birds preparing to eat food off of a plate that was left on a table outside by the ocean.,3.264041990041733,0.0,0.04279874265193939,0.0
fusion,/media/crk/vol3/rt/coco/val2017/000000210032.jpg,Two birds preparing to eat food off of a plate that was left on a table outside by the ocean.,3.180079162120819,0.0,0.0,100.0
m2ib,/media/crk/vol3/rt/coco/val2017/000000512330.jpg,An open refrigerator filled with lots of food.,0.03031771630048752,0.0,1.5082773752510548,0.0
lciba,/media/crk/vol3/rt/coco/val2017/000000512330.jpg,An open refrigerator filled with lots of food.,0.0,100.0,1.792093925178051,0.0
libragrad,/media/crk/vol3/rt/coco/val2017/000000512330.jpg,An open refrigerator filled with lots of food.,0.0,100.0,0.0,100.0
fusion,/media/crk/vol3/rt/coco/val2017/000000512330.jpg,An open refrigerator filled with lots of food.,0.7884468883275986,0.0,0.0,0.0
m2ib,/media/crk/vol3/rt/coco/val2017/000000432468.jpg,A cat sleeping on top of a closed suit case.,0.0,100.0,0.0009682029485702515,0.0
lciba,/media/crk/vol3/rt/coco/val2017/000000432468.jpg,A cat sleeping on top of a closed suit case.,0.0,100.0,0.4490654915571213,0.0
libragrad,/media/crk/vol3/rt/coco/val2017/000000432468.jpg,A cat sleeping on top of a closed suit case.,0.0,100.0,0.0,0.0
fusion,/media/crk/vol3/rt/coco/val2017/000000432468.jpg,A cat sleeping on top of a closed suit case.,0.0,100.0,0.0,0.0
m2ib,/media/crk/vol3/rt/coco/val2017/000000384651.jpg,A bedroom with a bed next to a  night stand with a lamp.,1.5756020322442055,0.0,1.567542739212513,0.0
lciba,/media/crk/vol3/rt/coco/val2017/000000384651.jpg,A bedroom with a bed next to a  night stand with a lamp.,1.354614645242691,0.0,0.39670998230576515,0.0
libragrad,/media/crk/vol3/rt/coco/val2017/000000384651.jpg,A bedroom with a bed next to a  night stand with a lamp.,0.4815010353922844,0.0,0.0,0.0
fusion,/media/crk/vol3/rt/coco/val2017/000000384651.jpg,A bedroom with a bed next to a  night stand with a lamp.,1.077878288924694,0.0,1.501641422510147,0.0
m2ib,/media/crk/vol3/rt/coco/val2017/000000462371.jpg,A group of people standing around a white cake.,0.0,100.0,1.484152115881443,0.0
lciba,/media/crk/vol3/rt/coco/val2017/000000462371.jpg,A group of people standing around a white cake.,0.0,100.0,1.571393571794033,0.0
libragrad,/media/crk/vol3/rt/coco/val2017/000000462371.jpg,A group of people standing around a white cake.,0.0,100.0,0.0,0.0
fusion,/media/crk/vol3/rt/coco/val2017/000000462371.jpg,A group of people standing around a white cake.,0.0,100.0,0.0,100.0
m2ib,/media/crk/vol3/rt/coco/val2017/000000565012.jpg,a digitally manipulated image of cars on a highway at night in the city,0.483709666877985,0.0,3.114129416644573,0.0
lciba,/media/crk/vol3/rt/coco/val2017/000000565012.jpg,a digitally manipulated image of cars on a highway at night in the city,1.394771784543991,0.0,0.19176919013261795,0.0
libragrad,/media/crk/vol3/rt/coco/val2017/000000565012.jpg,a digitally manipulated image of cars on a highway at night in the city,0.9165853261947632,0.0,0.0,0.0
fusion,/media/crk/vol3/rt/coco/val2017/000000565012.jpg,a digitally manipulated image of cars on a highway at night in the city,2.482105791568756,0.0,3.0158981680870056,0.0
m2ib,/media/crk/vol3/rt/coco/val2017/000000213830.jpg,two tennis players in blue shirts playing tennis,2.1977409720420837,0.0,0.012700259685516357,0.0
lciba,/media/crk/vol3/rt/coco/val2017/000000213830.jpg,two tennis players in blue shirts playing tennis,3.4434668719768524,0.0,0.41867755353450775,0.0
libragrad,/media/crk/vol3/rt/coco/val2017/000000213830.jpg,two tennis players in blue shirts playing tennis,4.8743125051259995,0.0,0.0,0.0
fusion,/media/crk/vol3/rt/coco/val2017/000000213830.jpg,two tennis players in blue shirts playing tennis,0.40258560329675674,0.0,0.0,0.0
m2ib,/media/crk/vol3/rt/coco/val2017/000000460841.jpg,a kitten that is sitting down by a  door,1.8837647512555122,0.0,0.0,0.0
lciba,/media/crk/vol3/rt/coco/val2017/000000460841.jpg,a kitten that is sitting down by a  door,3.5599883645772934,0.0,0.658700242638588,0.0
libragrad,/media/crk/vol3/rt/coco/val2017/000000460841.jpg,a kitten that is sitting down by a  door,3.5417355597019196,0.0,0.0,0.0
fusion,/media/crk/vol3/rt/coco/val2017/000000460841.jpg,a kitten that is sitting down by a  door,3.841780498623848,0.0,0.0,0.0
m2ib,/media/crk/vol3/rt/coco/val2017/000000375430.jpg,A stack of pancakes that are sitting on a plate.,0.466952845454216,0.0,0.45615360140800476,0.0
lciba,/media/crk/vol3/rt/coco/val2017/000000375430.jpg,A stack of pancakes that are sitting on a plate.,0.5834793671965599,0.0,0.3938443958759308,0.0
libragrad,/media/crk/vol3/rt/coco/val2017/000000375430.jpg,A stack of pancakes that are sitting on a plate.,0.45281071215867996,0.0,0.0,0.0
fusion,/media/crk/vol3/rt/coco/val2017/000000375430.jpg,A stack of pancakes that are sitting on a plate.,3.2615959644317627,0.0,0.0627545639872551,0.0
m2ib,/media/crk/vol3/rt/coco/val2017/000000180487.jpg,GUY WITH UMBRELLA HAT SITTING A TABLE WITH ANOTHER PERSON,0.0,100.0,0.023205019533634186,0.0
lciba,/media/crk/vol3/rt/coco/val2017/000000180487.jpg,GUY WITH UMBRELLA HAT SITTING A TABLE WITH ANOTHER PERSON,1.1038175784051418,0.0,0.2391355112195015,0.0
libragrad,/media/crk/vol3/rt/coco/val2017/000000180487.jpg,GUY WITH UMBRELLA HAT SITTING A TABLE WITH ANOTHER PERSON,1.6772668808698654,0.0,0.0,0.0
fusion,/media/crk/vol3/rt/coco/val2017/000000180487.jpg,GUY WITH UMBRELLA HAT SITTING A TABLE WITH ANOTHER PERSON,2.0727790892124176,0.0,0.0,0.0
m2ib,/media/crk/vol3/rt/coco/val2017/000000210915.jpg,A man riding a surfboard on a wave in the ocean.,0.0,100.0,0.0,100.0
lciba,/media/crk/vol3/rt/coco/val2017/000000210915.jpg,A man riding a surfboard on a wave in the ocean.,1.9351229071617126,0.0,0.0,100.0
libragrad,/media/crk/vol3/rt/coco/val2017/000000210915.jpg,A man riding a surfboard on a wave in the ocean.,2.0828230306506157,0.0,0.0,0.0
fusion,/media/crk/vol3/rt/coco/val2017/000000210915.jpg,A man riding a surfboard on a wave in the ocean.,0.927882082760334,0.0,0.0,100.0
m2ib,/media/crk/vol3/rt/coco/val2017/000000131556.jpg,a man skiing along a rail on the snowy hill ,3.830143064260483,0.0,0.06901435554027557,0.0
lciba,/media/crk/vol3/rt/coco/val2017/000000131556.jpg,a man skiing along a rail on the snowy hill ,3.2238423824310303,0.0,0.024951249361038208,0.0
libragrad,/media/crk/vol3/rt/coco/val2017/000000131556.jpg,a man skiing along a rail on the snowy hill ,3.2078418880701065,0.0,0.0,0.0
fusion,/media/crk/vol3/rt/coco/val2017/000000131556.jpg,a man skiing along a rail on the snowy hill ,5.102652683854103,0.0,0.0,100.0
m2ib,/media/crk/vol3/rt/coco/val2017/000000100274.jpg,A long train traveling through a train yard.,1.0578343644738197,0.0,2.061990834772587,0.0
lciba,/media/crk/vol3/rt/coco/val2017/000000100274.jpg,A long train traveling through a train yard.,1.7675664275884628,0.0,2.488102950155735,0.0
libragrad,/media/crk/vol3/rt/coco/val2017/000000100274.jpg,A long train traveling through a train yard.,2.7009885758161545,0.0,0.0,0.0
fusion,/media/crk/vol3/rt/coco/val2017/000000100274.jpg,A long train traveling through a train yard.,2.2335749119520187,0.0,0.007794983685016632,0.0
m2ib,/media/crk/vol3/rt/coco/val2017/000000080274.jpg,Two elephants that are standing next to each other.,0.1628536731004715,0.0,0.04676841199398041,0.0
lciba,/media/crk/vol3/rt/coco/val2017/000000080274.jpg,Two elephants that are standing next to each other.,0.0,100.0,0.16496554017066956,0.0
libragrad,/media/crk/vol3/rt/coco/val2017/000000080274.jpg,Two elephants that are standing next to each other.,0.0,100.0,0.0,100.0
fusion,/media/crk/vol3/rt/coco/val2017/000000080274.jpg,Two elephants that are standing next to each other.,0.017638877034187317,0.0,0.0,100.0
m2ib,/media/crk/vol3/rt/coco/val2017/000000423971.jpg,A toilet with an illuminated seat in a restroom.,0.0,100.0,0.9209915995597839,0.0
lciba,/media/crk/vol3/rt/coco/val2017/000000423971.jpg,A toilet with an illuminated seat in a restroom.,0.0,100.0,0.869450718164444,0.0
libragrad,/media/crk/vol3/rt/coco/val2017/000000423971.jpg,A toilet with an illuminated seat in a restroom.,0.0,100.0,0.0,0.0
fusion,/media/crk/vol3/rt/coco/val2017/000000423971.jpg,A toilet with an illuminated seat in a restroom.,0.44507794082164764,0.0,0.0,0.0
m2ib,/media/crk/vol3/rt/coco/val2017/000000404839.jpg,A couple standing together holding Wii controllers next to a building.,3.2369375228881836,0.0,0.0,100.0
lciba,/media/crk/vol3/rt/coco/val2017/000000404839.jpg,A couple standing together holding Wii controllers next to a building.,3.9068765938282013,0.0,0.09990911930799484,0.0
libragrad,/media/crk/vol3/rt/coco/val2017/000000404839.jpg,A couple standing together holding Wii controllers next to a building.,3.908272832632065,0.0,0.0,100.0
fusion,/media/crk/vol3/rt/coco/val2017/000000404839.jpg,A couple standing together holding Wii controllers next to a building.,3.6908745765686035,0.0,0.0,0.0
m2ib,/media/crk/vol3/rt/coco/val2017/000000168337.jpg,Two people outside of a stone building near a red fire hydrant.,4.10248376429081,0.0,0.0319652259349823,0.0
lciba,/media/crk/vol3/rt/coco/val2017/000000168337.jpg,Two people outside of a stone building near a red fire hydrant.,5.710285156965256,0.0,0.6619717925786972,0.0
libragrad,/media/crk/vol3/rt/coco/val2017/000000168337.jpg,Two people outside of a stone building near a red fire hydrant.,4.839103668928146,0.0,0.0,0.0
fusion,/media/crk/vol3/rt/coco/val2017/000000168337.jpg,Two people outside of a stone building near a red fire hydrant.,6.977894157171249,0.0,0.0,0.0
m2ib,/media/crk/vol3/rt/coco/val2017/000000555005.jpg,The large dog is asleep on a couch.,0.0,100.0,0.0,100.0
lciba,/media/crk/vol3/rt/coco/val2017/000000555005.jpg,The large dog is asleep on a couch.,0.9643404744565487,0.0,0.0,100.0
libragrad,/media/crk/vol3/rt/coco/val2017/000000555005.jpg,The large dog is asleep on a couch.,1.2242508120834827,0.0,0.0,0.0
fusion,/media/crk/vol3/rt/coco/val2017/000000555005.jpg,The large dog is asleep on a couch.,0.5032855086028576,0.0,0.023153796792030334,0.0
m2ib,/media/crk/vol3/rt/coco/val2017/000000370478.jpg,some luggage and a back back sitting on teh ground next to a lap top,0.0,100.0,0.0,100.0
lciba,/media/crk/vol3/rt/coco/val2017/000000370478.jpg,some luggage and a back back sitting on teh ground next to a lap top,0.0,100.0,0.012002652511000633,0.0
libragrad,/media/crk/vol3/rt/coco/val2017/000000370478.jpg,some luggage and a back back sitting on teh ground next to a lap top,0.0,100.0,0.0,100.0
fusion,/media/crk/vol3/rt/coco/val2017/000000370478.jpg,some luggage and a back back sitting on teh ground next to a lap top,0.1270819455385208,0.0,0.0,100.0
m2ib,/media/crk/vol3/rt/coco/val2017/000000251119.jpg,"The lunchbox has a cold sandwich, strawberry yogurt and orange juice. ",0.0,100.0,0.06224885582923889,0.0
lciba,/media/crk/vol3/rt/coco/val2017/000000251119.jpg,"The lunchbox has a cold sandwich, strawberry yogurt and orange juice. ",0.0,100.0,0.9419914335012436,0.0
libragrad,/media/crk/vol3/rt/coco/val2017/000000251119.jpg,"The lunchbox has a cold sandwich, strawberry yogurt and orange juice. ",0.0,100.0,0.0,0.0
fusion,/media/crk/vol3/rt/coco/val2017/000000251119.jpg,"The lunchbox has a cold sandwich, strawberry yogurt and orange juice. ",1.6534671187400818,0.0,0.0,100.0
m2ib,/media/crk/vol3/rt/coco/val2017/000000424521.jpg,A shirtless man doing skateboarding tricks near a stream,0.0,100.0,0.6658573634922504,0.0
lciba,/media/crk/vol3/rt/coco/val2017/000000424521.jpg,A shirtless man doing skateboarding tricks near a stream,0.3131306264549494,0.0,0.12218737974762917,0.0
libragrad,/media/crk/vol3/rt/coco/val2017/000000424521.jpg,A shirtless man doing skateboarding tricks near a stream,0.3624195698648691,0.0,0.0,0.0
fusion,/media/crk/vol3/rt/coco/val2017/000000424521.jpg,A shirtless man doing skateboarding tricks near a stream,0.0,100.0,0.02718232572078705,0.0
m2ib,/media/crk/vol3/rt/coco/val2017/000000273712.jpg,a refrigerator in a room next to a wall,2.4099890142679214,0.0,1.2456953525543213,0.0
lciba,/media/crk/vol3/rt/coco/val2017/000000273712.jpg,a refrigerator in a room next to a wall,2.7945606037974358,0.0,0.26470571756362915,0.0
libragrad,/media/crk/vol3/rt/coco/val2017/000000273712.jpg,a refrigerator in a room next to a wall,1.878223568201065,0.0,0.0,100.0
fusion,/media/crk/vol3/rt/coco/val2017/000000273712.jpg,a refrigerator in a room next to a wall,5.4147131741046906,0.0,0.02567693591117859,0.0
m2ib,/media/crk/vol3/rt/coco/val2017/000000384527.jpg,The furniture is posed in the room with a sign that says do not touch. ,0.1581300050020218,0.0,0.0,100.0
lciba,/media/crk/vol3/rt/coco/val2017/000000384527.jpg,The furniture is posed in the room with a sign that says do not touch. ,1.521747000515461,0.0,0.0,100.0
libragrad,/media/crk/vol3/rt/coco/val2017/000000384527.jpg,The furniture is posed in the room with a sign that says do not touch. ,0.6133275106549263,0.0,0.0,0.0
fusion,/media/crk/vol3/rt/coco/val2017/000000384527.jpg,The furniture is posed in the room with a sign that says do not touch. ,0.0,100.0,0.0,100.0
m2ib,/media/crk/vol3/rt/coco/val2017/000000454661.jpg,A street filled with traffic next to a building.,0.0,100.0,0.009129755198955536,0.0
lciba,/media/crk/vol3/rt/coco/val2017/000000454661.jpg,A street filled with traffic next to a building.,0.41817016899585724,0.0,2.57047675549984,0.0
libragrad,/media/crk/vol3/rt/coco/val2017/000000454661.jpg,A street filled with traffic next to a building.,0.4413253627717495,0.0,0.0,0.0
fusion,/media/crk/vol3/rt/coco/val2017/000000454661.jpg,A street filled with traffic next to a building.,0.9349199943244457,0.0,0.0,100.0
m2ib,/media/crk/vol3/rt/coco/val2017/000000529122.jpg,The people are selecting their donuts at the counter.,3.92027385532856,0.0,0.06852596998214722,0.0
lciba,/media/crk/vol3/rt/coco/val2017/000000529122.jpg,The people are selecting their donuts at the counter.,4.693371057510376,0.0,1.2216966599225998,0.0
libragrad,/media/crk/vol3/rt/coco/val2017/000000529122.jpg,The people are selecting their donuts at the counter.,4.4289808720350266,0.0,0.0,0.0
fusion,/media/crk/vol3/rt/coco/val2017/000000529122.jpg,The people are selecting their donuts at the counter.,5.898197740316391,0.0,0.009623914957046509,0.0
m2ib,/media/crk/vol3/rt/coco/val2017/000000322352.jpg,A dining room with some plants are seen.,0.6702881306409836,0.0,0.0,100.0
lciba,/media/crk/vol3/rt/coco/val2017/000000322352.jpg,A dining room with some plants are seen.,0.9952070191502571,0.0,0.03127995878458023,0.0
libragrad,/media/crk/vol3/rt/coco/val2017/000000322352.jpg,A dining room with some plants are seen.,1.6522353515028954,0.0,0.0,0.0
fusion,/media/crk/vol3/rt/coco/val2017/000000322352.jpg,A dining room with some plants are seen.,0.917384959757328,0.0,0.0028816983103752136,0.0
m2ib,/media/crk/vol3/rt/coco/val2017/000000576052.jpg,A female horse rider mounted near a body of water and mountains.,2.2581351920962334,0.0,0.917590968310833,0.0
lciba,/media/crk/vol3/rt/coco/val2017/000000576052.jpg,A female horse rider mounted near a body of water and mountains.,2.741652727127075,0.0,0.3579067066311836,0.0
libragrad,/media/crk/vol3/rt/coco/val2017/000000576052.jpg,A female horse rider mounted near a body of water and mountains.,2.2051217034459114,0.0,0.0,0.0
fusion,/media/crk/vol3/rt/coco/val2017/000000576052.jpg,A female horse rider mounted near a body of water and mountains.,2.5839440524578094,0.0,0.7988057099282742,0.0
m2ib,/media/crk/vol3/rt/coco/val2017/000000504000.jpg,An airplane is vintage and is on display.,1.9304919987916946,0.0,0.6283752620220184,0.0
lciba,/media/crk/vol3/rt/coco/val2017/000000504000.jpg,An airplane is vintage and is on display.,1.6901876777410507,0.0,0.5964864045381546,0.0
libragrad,/media/crk/vol3/rt/coco/val2017/000000504000.jpg,An airplane is vintage and is on display.,1.5054043382406235,0.0,0.0,0.0
fusion,/media/crk/vol3/rt/coco/val2017/000000504000.jpg,An airplane is vintage and is on display.,1.719379797577858,0.0,0.0,100.0
m2ib,/media/crk/vol3/rt/coco/val2017/000000115118.jpg,a train of many colors is coming down the track,0.9602705016732216,0.0,0.2863176167011261,0.0
lciba,/media/crk/vol3/rt/coco/val2017/000000115118.jpg,a train of many colors is coming down the track,2.7139754965901375,0.0,0.7514342665672302,0.0
libragrad,/media/crk/vol3/rt/coco/val2017/000000115118.jpg,a train of many colors is coming down the track,2.3730596527457237,0.0,0.0,0.0
fusion,/media/crk/vol3/rt/coco/val2017/000000115118.jpg,a train of many colors is coming down the track,4.617417603731155,0.0,0.0,100.0
m2ib,/media/crk/vol3/rt/coco/val2017/000000150649.jpg,Different views of a man who is skateboarding.,0.0,100.0,0.0,100.0
lciba,/media/crk/vol3/rt/coco/val2017/000000150649.jpg,Different views of a man who is skateboarding.,0.0,100.0,0.0,100.0
libragrad,/media/crk/vol3/rt/coco/val2017/000000150649.jpg,Different views of a man who is skateboarding.,0.0,100.0,0.0,0.0
fusion,/media/crk/vol3/rt/coco/val2017/000000150649.jpg,Different views of a man who is skateboarding.,1.8080968409776688,0.0,0.0,100.0
m2ib,/media/crk/vol3/rt/coco/val2017/000000264441.jpg,A cat laying on top of a black office chair.,0.0,100.0,0.036218203604221344,0.0
lciba,/media/crk/vol3/rt/coco/val2017/000000264441.jpg,A cat laying on top of a black office chair.,0.0,100.0,0.15707388520240784,0.0
libragrad,/media/crk/vol3/rt/coco/val2017/000000264441.jpg,A cat laying on top of a black office chair.,0.0,100.0,0.0,0.0
fusion,/media/crk/vol3/rt/coco/val2017/000000264441.jpg,A cat laying on top of a black office chair.,1.086137443780899,0.0,0.0,0.0
m2ib,/media/crk/vol3/rt/coco/val2017/000000182021.jpg,A man holding a baseball bat while standing on a baseball field.,0.0,100.0,0.0,100.0
lciba,/media/crk/vol3/rt/coco/val2017/000000182021.jpg,A man holding a baseball bat while standing on a baseball field.,0.5282294005155563,0.0,0.0,100.0
libragrad,/media/crk/vol3/rt/coco/val2017/000000182021.jpg,A man holding a baseball bat while standing on a baseball field.,0.0,100.0,0.0,0.0
fusion,/media/crk/vol3/rt/coco/val2017/000000182021.jpg,A man holding a baseball bat while standing on a baseball field.,0.18971748650074005,0.0,0.0,100.0
m2ib,/media/crk/vol3/rt/coco/val2017/000000319369.jpg,Two women talk at a beach rental kiosk.,0.47161923721432686,0.0,0.059990957379341125,0.0
lciba,/media/crk/vol3/rt/coco/val2017/000000319369.jpg,Two women talk at a beach rental kiosk.,0.8137717843055725,0.0,0.42283162474632263,0.0
libragrad,/media/crk/vol3/rt/coco/val2017/000000319369.jpg,Two women talk at a beach rental kiosk.,2.014610171318054,0.0,0.0,0.0
fusion,/media/crk/vol3/rt/coco/val2017/000000319369.jpg,Two women talk at a beach rental kiosk.,1.6910165548324585,0.0,0.0,0.0
m2ib,/media/crk/vol3/rt/coco/val2017/000000249219.jpg,A double decker bus driving down the road.,1.530471071600914,0.0,0.2589188516139984,0.0
lciba,/media/crk/vol3/rt/coco/val2017/000000249219.jpg,A double decker bus driving down the road.,2.234688773751259,0.0,0.09926855564117432,0.0
libragrad,/media/crk/vol3/rt/coco/val2017/000000249219.jpg,A double decker bus driving down the road.,2.013302966952324,0.0,0.0,0.0
fusion,/media/crk/vol3/rt/coco/val2017/000000249219.jpg,A double decker bus driving down the road.,1.587127149105072,0.0,0.0,0.0
m2ib,/media/crk/vol3/rt/coco/val2017/000000338304.jpg,A bunch of sheep make their way through the crowded city street.,0.0,100.0,0.02288687974214554,0.0
lciba,/media/crk/vol3/rt/coco/val2017/000000338304.jpg,A bunch of sheep make their way through the crowded city street.,0.0,100.0,0.5127273499965668,0.0
libragrad,/media/crk/vol3/rt/coco/val2017/000000338304.jpg,A bunch of sheep make their way through the crowded city street.,0.0,100.0,0.0,0.0
fusion,/media/crk/vol3/rt/coco/val2017/000000338304.jpg,A bunch of sheep make their way through the crowded city street.,0.0,100.0,0.0,0.0
m2ib,/media/crk/vol3/rt/coco/val2017/000000289229.jpg,A man wearing a white lab coat holding a bone saw.,0.0,100.0,1.3349907472729683,0.0
lciba,/media/crk/vol3/rt/coco/val2017/000000289229.jpg,A man wearing a white lab coat holding a bone saw.,0.17028171569108963,0.0,0.3908982500433922,0.0
libragrad,/media/crk/vol3/rt/coco/val2017/000000289229.jpg,A man wearing a white lab coat holding a bone saw.,1.94979477673769,0.0,0.0,0.0
fusion,/media/crk/vol3/rt/coco/val2017/000000289229.jpg,A man wearing a white lab coat holding a bone saw.,3.983129933476448,0.0,0.04109106957912445,0.0
m2ib,/media/crk/vol3/rt/coco/val2017/000000513688.jpg,A chair next to a desk with a laptop and phone sitting on it.,0.0,100.0,1.220235414803028,0.0
lciba,/media/crk/vol3/rt/coco/val2017/000000513688.jpg,A chair next to a desk with a laptop and phone sitting on it.,0.24512875825166702,0.0,1.391542050987482,0.0
libragrad,/media/crk/vol3/rt/coco/val2017/000000513688.jpg,A chair next to a desk with a laptop and phone sitting on it.,0.0,100.0,0.0,0.0
fusion,/media/crk/vol3/rt/coco/val2017/000000513688.jpg,A chair next to a desk with a laptop and phone sitting on it.,0.1190943643450737,0.0,0.021573156118392944,0.0
m2ib,/media/crk/vol3/rt/coco/val2017/000000476119.jpg,a man skating on the road very fast,0.0,100.0,1.4191439375281334,0.0
lciba,/media/crk/vol3/rt/coco/val2017/000000476119.jpg,a man skating on the road very fast,0.36179404705762863,0.0,1.5289818868041039,0.0
libragrad,/media/crk/vol3/rt/coco/val2017/000000476119.jpg,a man skating on the road very fast,0.0,100.0,0.0,0.0
fusion,/media/crk/vol3/rt/coco/val2017/000000476119.jpg,a man skating on the road very fast,0.0,100.0,1.3821249827742577,0.0
m2ib,/media/crk/vol3/rt/coco/val2017/000000384651.jpg,A bedroom with a bed next to a  night stand with a lamp.,1.0603668168187141,0.0,1.6475668177008629,0.0
lciba,/media/crk/vol3/rt/coco/val2017/000000384651.jpg,A bedroom with a bed next to a  night stand with a lamp.,1.2203041464090347,0.0,1.6006933525204659,0.0
libragrad,/media/crk/vol3/rt/coco/val2017/000000384651.jpg,A bedroom with a bed next to a  night stand with a lamp.,0.4815010353922844,0.0,0.0,0.0
fusion,/media/crk/vol3/rt/coco/val2017/000000384651.jpg,A bedroom with a bed next to a  night stand with a lamp.,1.0981332510709763,0.0,0.026541389524936676,0.0
m2ib,/media/crk/vol3/rt/coco/val2017/000000532901.jpg,A Victorian house looked very much like this model one does.,0.0,100.0,0.03435919061303139,0.0
lciba,/media/crk/vol3/rt/coco/val2017/000000532901.jpg,A Victorian house looked very much like this model one does.,0.0,100.0,0.05679735913872719,0.0
libragrad,/media/crk/vol3/rt/coco/val2017/000000532901.jpg,A Victorian house looked very much like this model one does.,0.0,100.0,0.0,0.0
fusion,/media/crk/vol3/rt/coco/val2017/000000532901.jpg,A Victorian house looked very much like this model one does.,0.06353356875479221,0.0,0.0,0.0
m2ib,/media/crk/vol3/rt/coco/val2017/000000036539.jpg,There is a man and a young girl snowboarding ,1.8314562737941742,0.0,0.3770725801587105,0.0
lciba,/media/crk/vol3/rt/coco/val2017/000000036539.jpg,There is a man and a young girl snowboarding ,3.050430864095688,0.0,0.11208616197109222,0.0
libragrad,/media/crk/vol3/rt/coco/val2017/000000036539.jpg,There is a man and a young girl snowboarding ,3.1160177662968636,0.0,0.0,0.0
fusion,/media/crk/vol3/rt/coco/val2017/000000036539.jpg,There is a man and a young girl snowboarding ,1.5641290694475174,0.0,0.0,0.0
m2ib,/media/crk/vol3/rt/coco/val2017/000000263463.jpg,A dog hanging out of a back door window.,0.0,100.0,1.837899535894394,0.0
lciba,/media/crk/vol3/rt/coco/val2017/000000263463.jpg,A dog hanging out of a back door window.,0.0,100.0,0.5488982424139977,0.0
libragrad,/media/crk/vol3/rt/coco/val2017/000000263463.jpg,A dog hanging out of a back door window.,0.0,100.0,0.0,0.0
fusion,/media/crk/vol3/rt/coco/val2017/000000263463.jpg,A dog hanging out of a back door window.,0.0,100.0,0.0,0.0
m2ib,/media/crk/vol3/rt/coco/val2017/000000110884.jpg,A white sink sitting next to a toilet.,0.0,100.0,0.03490522503852844,0.0
lciba,/media/crk/vol3/rt/coco/val2017/000000110884.jpg,A white sink sitting next to a toilet.,0.0,100.0,0.12538619339466095,0.0
libragrad,/media/crk/vol3/rt/coco/val2017/000000110884.jpg,A white sink sitting next to a toilet.,0.0,100.0,0.0,0.0
fusion,/media/crk/vol3/rt/coco/val2017/000000110884.jpg,A white sink sitting next to a toilet.,0.0,100.0,0.008818134665489197,0.0
m2ib,/media/crk/vol3/rt/coco/val2017/000000425925.jpg,A large clock tower in the center of a city.,0.0,100.0,2.178511396050453,0.0
lciba,/media/crk/vol3/rt/coco/val2017/000000425925.jpg,A large clock tower in the center of a city.,0.007261708378791809,0.0,2.369573712348938,0.0
libragrad,/media/crk/vol3/rt/coco/val2017/000000425925.jpg,A large clock tower in the center of a city.,1.2426613830029964,0.0,0.0,0.0
fusion,/media/crk/vol3/rt/coco/val2017/000000425925.jpg,A large clock tower in the center of a city.,1.3021383434534073,0.0,0.018023792654275894,0.0
m2ib,/media/crk/vol3/rt/coco/val2017/000000234526.jpg,A little boy in a yellow shirt feeding a giraffe.  ,1.4789622277021408,0.0,0.32709576189517975,0.0
lciba,/media/crk/vol3/rt/coco/val2017/000000234526.jpg,A little boy in a yellow shirt feeding a giraffe.  ,2.1697182208299637,0.0,0.2626657485961914,0.0
libragrad,/media/crk/vol3/rt/coco/val2017/000000234526.jpg,A little boy in a yellow shirt feeding a giraffe.  ,3.7712201476097107,0.0,0.0,0.0
fusion,/media/crk/vol3/rt/coco/val2017/000000234526.jpg,A little boy in a yellow shirt feeding a giraffe.  ,7.2817400097846985,0.0,0.0,100.0
m2ib,/media/crk/vol3/rt/coco/val2017/000000438269.jpg,There is a bird standing in the sand.,2.1388430148363113,0.0,2.0475056022405624,0.0
lciba,/media/crk/vol3/rt/coco/val2017/000000438269.jpg,There is a bird standing in the sand.,2.8220634907484055,0.0,0.005099177360534668,0.0
libragrad,/media/crk/vol3/rt/coco/val2017/000000438269.jpg,There is a bird standing in the sand.,3.8481324911117554,0.0,0.0,0.0
fusion,/media/crk/vol3/rt/coco/val2017/000000438269.jpg,There is a bird standing in the sand.,2.81236432492733,0.0,0.0,0.0
m2ib,/media/crk/vol3/rt/coco/val2017/000000335450.jpg,Two brown ponies in grassy field next to a fence.,0.0,100.0,0.0,100.0
lciba,/media/crk/vol3/rt/coco/val2017/000000335450.jpg,Two brown ponies in grassy field next to a fence.,1.8931278958916664,0.0,0.008640065789222717,0.0
libragrad,/media/crk/vol3/rt/coco/val2017/000000335450.jpg,Two brown ponies in grassy field next to a fence.,1.253926008939743,0.0,0.0,100.0
fusion,/media/crk/vol3/rt/coco/val2017/000000335450.jpg,Two brown ponies in grassy field next to a fence.,3.4308217465877533,0.0,0.03622919321060181,0.0
m2ib,/media/crk/vol3/rt/coco/val2017/000000223955.jpg,A man holding a red frisbee while standing on lush green field.,0.0,100.0,0.08774958550930023,0.0
lciba,/media/crk/vol3/rt/coco/val2017/000000223955.jpg,A man holding a red frisbee while standing on lush green field.,0.0,100.0,0.1309014856815338,0.0
libragrad,/media/crk/vol3/rt/coco/val2017/000000223955.jpg,A man holding a red frisbee while standing on lush green field.,0.0,100.0,0.0,0.0
fusion,/media/crk/vol3/rt/coco/val2017/000000223955.jpg,A man holding a red frisbee while standing on lush green field.,0.0,100.0,0.0,100.0
m2ib,/media/crk/vol3/rt/coco/val2017/000000245173.jpg,A tall red bricked clock tower with three windows.,3.2248053699731827,0.0,0.0,100.0
lciba,/media/crk/vol3/rt/coco/val2017/000000245173.jpg,A tall red bricked clock tower with three windows.,3.4197140485048294,0.0,0.3755589947104454,0.0
libragrad,/media/crk/vol3/rt/coco/val2017/000000245173.jpg,A tall red bricked clock tower with three windows.,3.4172486513853073,0.0,0.0,0.0
fusion,/media/crk/vol3/rt/coco/val2017/000000245173.jpg,A tall red bricked clock tower with three windows.,2.624712698161602,0.0,0.0,100.0
m2ib,/media/crk/vol3/rt/coco/val2017/000000402473.jpg,there are two cats that are laying with each other,0.0,100.0,0.11998787522315979,0.0
lciba,/media/crk/vol3/rt/coco/val2017/000000402473.jpg,there are two cats that are laying with each other,0.23283809423446655,0.0,0.1409333199262619,0.0
libragrad,/media/crk/vol3/rt/coco/val2017/000000402473.jpg,there are two cats that are laying with each other,0.17672069370746613,0.0,0.0,0.0
fusion,/media/crk/vol3/rt/coco/val2017/000000402473.jpg,there are two cats that are laying with each other,0.0,100.0,0.0,0.0
m2ib,/media/crk/vol3/rt/coco/val2017/000000257370.jpg,two people are playing a baseball video game,0.8094134740531445,0.0,0.0,0.0
lciba,/media/crk/vol3/rt/coco/val2017/000000257370.jpg,two people are playing a baseball video game,0.09636729955673218,0.0,0.1219792291522026,0.0
libragrad,/media/crk/vol3/rt/coco/val2017/000000257370.jpg,two people are playing a baseball video game,0.620706845074892,0.0,0.0,0.0
fusion,/media/crk/vol3/rt/coco/val2017/000000257370.jpg,two people are playing a baseball video game,0.0,100.0,0.0,0.0
m2ib,/media/crk/vol3/rt/coco/val2017/000000248400.jpg,A man opens pizza box and stares at the camera.,1.4982841908931732,0.0,0.02045556902885437,0.0
lciba,/media/crk/vol3/rt/coco/val2017/000000248400.jpg,A man opens pizza box and stares at the camera.,3.1948156654834747,0.0,0.6660833954811096,0.0
libragrad,/media/crk/vol3/rt/coco/val2017/000000248400.jpg,A man opens pizza box and stares at the camera.,2.338806353509426,0.0,0.0,0.0
fusion,/media/crk/vol3/rt/coco/val2017/000000248400.jpg,A man opens pizza box and stares at the camera.,3.4547992050647736,0.0,0.0,0.0
m2ib,/media/crk/vol3/rt/coco/val2017/000000465836.jpg,A group of men standing next to each other.,0.677885115146637,0.0,0.12547746300697327,0.0
lciba,/media/crk/vol3/rt/coco/val2017/000000465836.jpg,A group of men standing next to each other.,0.9110674262046814,0.0,0.24403445422649384,0.0
libragrad,/media/crk/vol3/rt/coco/val2017/000000465836.jpg,A group of men standing next to each other.,1.1771075427532196,0.0,0.0,0.0
fusion,/media/crk/vol3/rt/coco/val2017/000000465836.jpg,A group of men standing next to each other.,1.664506457746029,0.0,0.022915564477443695,0.0
m2ib,/media/crk/vol3/rt/coco/val2017/000000183049.jpg,A book shelf filled with lots of colorful books.,0.0,100.0,0.05658548325300217,0.0
lciba,/media/crk/vol3/rt/coco/val2017/000000183049.jpg,A book shelf filled with lots of colorful books.,0.5194357596337795,0.0,0.1067163422703743,0.0
libragrad,/media/crk/vol3/rt/coco/val2017/000000183049.jpg,A book shelf filled with lots of colorful books.,0.0,100.0,0.0,100.0
fusion,/media/crk/vol3/rt/coco/val2017/000000183049.jpg,A book shelf filled with lots of colorful books.,1.9161367788910866,0.0,0.009374693036079407,0.0
m2ib,/media/crk/vol3/rt/coco/val2017/000000060102.jpg,Two opponents are playing during a soccor game.,2.1693432703614235,0.0,0.32061338424682617,0.0
lciba,/media/crk/vol3/rt/coco/val2017/000000060102.jpg,Two opponents are playing during a soccor game.,2.637314982712269,0.0,0.6542650982737541,0.0
libragrad,/media/crk/vol3/rt/coco/val2017/000000060102.jpg,Two opponents are playing during a soccor game.,1.8655428662896156,0.0,0.0,0.0
fusion,/media/crk/vol3/rt/coco/val2017/000000060102.jpg,Two opponents are playing during a soccor game.,0.9988736361265182,0.0,0.0,0.0
m2ib,/media/crk/vol3/rt/coco/val2017/000000260106.jpg,A man jumping a brown horse over an obstacle.,1.2525888159871101,0.0,0.0,100.0
lciba,/media/crk/vol3/rt/coco/val2017/000000260106.jpg,A man jumping a brown horse over an obstacle.,2.17423215508461,0.0,0.0,100.0
libragrad,/media/crk/vol3/rt/coco/val2017/000000260106.jpg,A man jumping a brown horse over an obstacle.,1.8106231465935707,0.0,0.0,0.0
fusion,/media/crk/vol3/rt/coco/val2017/000000260106.jpg,A man jumping a brown horse over an obstacle.,2.8158430010080338,0.0,0.0,100.0
m2ib,/media/crk/vol3/rt/coco/val2017/000000012667.jpg,The telephone has a banana where the receiver should be.,0.0,100.0,0.5697306245565414,0.0
lciba,/media/crk/vol3/rt/coco/val2017/000000012667.jpg,The telephone has a banana where the receiver should be.,0.0,100.0,0.9560991078615189,0.0
libragrad,/media/crk/vol3/rt/coco/val2017/000000012667.jpg,The telephone has a banana where the receiver should be.,0.35000666975975037,0.0,0.0,0.0
fusion,/media/crk/vol3/rt/coco/val2017/000000012667.jpg,The telephone has a banana where the receiver should be.,0.0,100.0,0.054945237934589386,0.0
m2ib,/media/crk/vol3/rt/coco/val2017/000000105264.jpg,A group of young men standing on top of a sandy beach.,0.20001046359539032,0.0,0.13896338641643524,0.0
lciba,/media/crk/vol3/rt/coco/val2017/000000105264.jpg,A group of young men standing on top of a sandy beach.,0.7325120270252228,0.0,0.23076888173818588,0.0
libragrad,/media/crk/vol3/rt/coco/val2017/000000105264.jpg,A group of young men standing on top of a sandy beach.,0.7468568161129951,0.0,0.0,0.0
fusion,/media/crk/vol3/rt/coco/val2017/000000105264.jpg,A group of young men standing on top of a sandy beach.,4.967799037694931,0.0,0.0,100.0
m2ib,/media/crk/vol3/rt/coco/val2017/000000070158.jpg,Three adult zebras walk calmly along close together.,0.8107678033411503,0.0,0.0,100.0
lciba,/media/crk/vol3/rt/coco/val2017/000000070158.jpg,Three adult zebras walk calmly along close together.,0.86724404245615,0.0,0.0,100.0
libragrad,/media/crk/vol3/rt/coco/val2017/000000070158.jpg,Three adult zebras walk calmly along close together.,0.6074529141187668,0.0,0.008984655141830444,0.0
fusion,/media/crk/vol3/rt/coco/val2017/000000070158.jpg,Three adult zebras walk calmly along close together.,1.948779635131359,0.0,0.0,100.0
m2ib,/media/crk/vol3/rt/coco/val2017/000000429623.jpg,A very large pizza on top of a pan on a table.,1.4171846210956573,0.0,0.8067561313509941,0.0
lciba,/media/crk/vol3/rt/coco/val2017/000000429623.jpg,A very large pizza on top of a pan on a table.,0.6509199738502502,0.0,0.29962267726659775,0.0
libragrad,/media/crk/vol3/rt/coco/val2017/000000429623.jpg,A very large pizza on top of a pan on a table.,0.20591653883457184,0.0,0.0,0.0
fusion,/media/crk/vol3/rt/coco/val2017/000000429623.jpg,A very large pizza on top of a pan on a table.,1.3182871043682098,0.0,0.763293169438839,0.0
m2ib,/media/crk/vol3/rt/coco/val2017/000000365642.jpg,A young attractive woman sitting on a toilette on the side of a street.,0.0,100.0,0.0,100.0
lciba,/media/crk/vol3/rt/coco/val2017/000000365642.jpg,A young attractive woman sitting on a toilette on the side of a street.,2.0026596263051033,0.0,0.14199987053871155,0.0
libragrad,/media/crk/vol3/rt/coco/val2017/000000365642.jpg,A young attractive woman sitting on a toilette on the side of a street.,2.507767267525196,0.0,0.0,0.0
fusion,/media/crk/vol3/rt/coco/val2017/000000365642.jpg,A young attractive woman sitting on a toilette on the side of a street.,1.6160855069756508,0.0,0.011936388909816742,0.0
m2ib,/media/crk/vol3/rt/coco/val2017/000000013348.jpg,a large air plane on a terminal ,2.1203532814979553,0.0,1.218356005847454,0.0
lciba,/media/crk/vol3/rt/coco/val2017/000000013348.jpg,a large air plane on a terminal ,2.81799528747797,0.0,0.07756128907203674,0.0
libragrad,/media/crk/vol3/rt/coco/val2017/000000013348.jpg,a large air plane on a terminal ,3.1859684735536575,0.0,0.0,0.0
fusion,/media/crk/vol3/rt/coco/val2017/000000013348.jpg,a large air plane on a terminal ,1.4596572145819664,0.0,0.0,0.0
m2ib,/media/crk/vol3/rt/coco/val2017/000000288685.jpg,a sheep in a field with a dog and people watching ,1.4872005209326744,0.0,0.004949141293764114,0.0
lciba,/media/crk/vol3/rt/coco/val2017/000000288685.jpg,a sheep in a field with a dog and people watching ,2.1919816732406616,0.0,2.164844423532486,0.0
libragrad,/media/crk/vol3/rt/coco/val2017/000000288685.jpg,a sheep in a field with a dog and people watching ,2.331015281379223,0.0,0.0,0.0
fusion,/media/crk/vol3/rt/coco/val2017/000000288685.jpg,a sheep in a field with a dog and people watching ,2.54311952739954,0.0,0.0,0.0
m2ib,/media/crk/vol3/rt/coco/val2017/000000425227.jpg,There is no image to describe for this question.,5.046121031045914,0.0,0.6488241255283356,0.0
lciba,/media/crk/vol3/rt/coco/val2017/000000425227.jpg,There is no image to describe for this question.,5.9643954038619995,0.0,0.017750263214111328,0.0
libragrad,/media/crk/vol3/rt/coco/val2017/000000425227.jpg,There is no image to describe for this question.,4.6330079436302185,0.0,0.626613199710846,0.0
fusion,/media/crk/vol3/rt/coco/val2017/000000425227.jpg,There is no image to describe for this question.,3.982539474964142,0.0,0.6325427442789078,0.0
m2ib,/media/crk/vol3/rt/coco/val2017/000000460929.jpg,A hot dog with mustard is next to a bottle of soda.,0.0,100.0,0.07760785520076752,0.0
lciba,/media/crk/vol3/rt/coco/val2017/000000460929.jpg,A hot dog with mustard is next to a bottle of soda.,0.0,100.0,0.4532596096396446,0.0
libragrad,/media/crk/vol3/rt/coco/val2017/000000460929.jpg,A hot dog with mustard is next to a bottle of soda.,0.0,100.0,0.0,0.0
fusion,/media/crk/vol3/rt/coco/val2017/000000460929.jpg,A hot dog with mustard is next to a bottle of soda.,0.7428668439388275,0.0,0.0,0.0
m2ib,/media/crk/vol3/rt/coco/val2017/000000302882.jpg,a white male taking pictures with his cellphone,0.0,100.0,0.005511194467544556,0.0
lciba,/media/crk/vol3/rt/coco/val2017/000000302882.jpg,a white male taking pictures with his cellphone,0.0,100.0,1.6070816665887833,0.0
libragrad,/media/crk/vol3/rt/coco/val2017/000000302882.jpg,a white male taking pictures with his cellphone,0.0,100.0,0.0,0.0
fusion,/media/crk/vol3/rt/coco/val2017/000000302882.jpg,a white male taking pictures with his cellphone,0.0,100.0,0.0,0.0
m2ib,/media/crk/vol3/rt/coco/val2017/000000400367.jpg,The car lights are streaking by on the street.,0.5732493940740824,0.0,0.03310441970825195,0.0
lciba,/media/crk/vol3/rt/coco/val2017/000000400367.jpg,The car lights are streaking by on the street.,0.24328813888132572,0.0,0.06883703172206879,0.0
libragrad,/media/crk/vol3/rt/coco/val2017/000000400367.jpg,The car lights are streaking by on the street.,0.0,100.0,0.0,0.0
fusion,/media/crk/vol3/rt/coco/val2017/000000400367.jpg,The car lights are streaking by on the street.,1.5053344890475273,0.0,0.0,0.0
m2ib,/media/crk/vol3/rt/coco/val2017/000000171757.jpg,a couple of people that are standing up in a room,0.0,100.0,0.12439433485269547,0.0
lciba,/media/crk/vol3/rt/coco/val2017/000000171757.jpg,a couple of people that are standing up in a room,2.6317089796066284,0.0,1.7719557508826256,0.0
libragrad,/media/crk/vol3/rt/coco/val2017/000000171757.jpg,a couple of people that are standing up in a room,0.9773022495210171,0.0,0.0,0.0
fusion,/media/crk/vol3/rt/coco/val2017/000000171757.jpg,a couple of people that are standing up in a room,1.9573602825403214,0.0,0.0,0.0
m2ib,/media/crk/vol3/rt/coco/val2017/000000500270.jpg,A woman in black shirt riding a skateboard.,0.0,100.0,1.8850632011890411,0.0
lciba,/media/crk/vol3/rt/coco/val2017/000000500270.jpg,A woman in black shirt riding a skateboard.,1.8228493630886078,0.0,0.18483418971300125,0.0
libragrad,/media/crk/vol3/rt/coco/val2017/000000500270.jpg,A woman in black shirt riding a skateboard.,1.1813572607934475,0.0,0.0,0.0
fusion,/media/crk/vol3/rt/coco/val2017/000000500270.jpg,A woman in black shirt riding a skateboard.,0.76600038446486,0.0,0.014403276145458221,0.0
m2ib,/media/crk/vol3/rt/coco/val2017/000000505573.jpg,A dog wears a tie while on the steps,0.0,100.0,0.0,100.0
lciba,/media/crk/vol3/rt/coco/val2017/000000505573.jpg,A dog wears a tie while on the steps,0.546194426715374,0.0,0.2469044178724289,0.0
libragrad,/media/crk/vol3/rt/coco/val2017/000000505573.jpg,A dog wears a tie while on the steps,0.9697504341602325,0.0,0.0,0.0
fusion,/media/crk/vol3/rt/coco/val2017/000000505573.jpg,A dog wears a tie while on the steps,1.221153885126114,0.0,0.0,0.0
m2ib,/media/crk/vol3/rt/coco/val2017/000000267191.jpg,Two people are riding elephants beside some trees.,0.0,100.0,0.0,0.0
lciba,/media/crk/vol3/rt/coco/val2017/000000267191.jpg,Two people are riding elephants beside some trees.,0.13829972594976425,0.0,0.05836114287376404,0.0
libragrad,/media/crk/vol3/rt/coco/val2017/000000267191.jpg,Two people are riding elephants beside some trees.,0.0,100.0,0.0,0.0
fusion,/media/crk/vol3/rt/coco/val2017/000000267191.jpg,Two people are riding elephants beside some trees.,0.5736187100410461,0.0,0.0,0.0
m2ib,/media/crk/vol3/rt/coco/val2017/000000191672.jpg,a person riding a skate board on a wave,2.9686078429222107,0.0,1.2669295072555542,0.0
lciba,/media/crk/vol3/rt/coco/val2017/000000191672.jpg,a person riding a skate board on a wave,3.0764061957597733,0.0,1.2365389615297318,0.0
libragrad,/media/crk/vol3/rt/coco/val2017/000000191672.jpg,a person riding a skate board on a wave,3.2918598502874374,0.0,0.0,0.0
fusion,/media/crk/vol3/rt/coco/val2017/000000191672.jpg,a person riding a skate board on a wave,4.678750783205032,0.0,1.2754552066326141,0.0
m2ib,/media/crk/vol3/rt/coco/val2017/000000134886.jpg,A large jetliner flying over a dry grass field.,0.39483094587922096,0.0,1.722698099911213,0.0
lciba,/media/crk/vol3/rt/coco/val2017/000000134886.jpg,A large jetliner flying over a dry grass field.,0.9415820240974426,0.0,0.27161333709955215,0.0
libragrad,/media/crk/vol3/rt/coco/val2017/000000134886.jpg,A large jetliner flying over a dry grass field.,0.5018041469156742,0.0,0.0,0.0
fusion,/media/crk/vol3/rt/coco/val2017/000000134886.jpg,A large jetliner flying over a dry grass field.,0.0,100.0,0.04156995564699173,0.0
m2ib,/media/crk/vol3/rt/coco/val2017/000000440171.jpg,A man is sitting on the back of an elephant. ,0.4025844857096672,0.0,0.07058903574943542,0.0
lciba,/media/crk/vol3/rt/coco/val2017/000000440171.jpg,A man is sitting on the back of an elephant. ,1.785232499241829,0.0,0.3328133374452591,0.0
libragrad,/media/crk/vol3/rt/coco/val2017/000000440171.jpg,A man is sitting on the back of an elephant. ,0.8548939600586891,0.0,0.0,0.0
fusion,/media/crk/vol3/rt/coco/val2017/000000440171.jpg,A man is sitting on the back of an elephant. ,0.0,100.0,0.0,0.0
m2ib,/media/crk/vol3/rt/coco/val2017/000000259640.jpg,people walking around a tamale truck and a building ,0.3053968772292137,0.0,0.046034157276153564,0.0
lciba,/media/crk/vol3/rt/coco/val2017/000000259640.jpg,people walking around a tamale truck and a building ,0.9981455281376839,0.0,0.4001867026090622,0.0
libragrad,/media/crk/vol3/rt/coco/val2017/000000259640.jpg,people walking around a tamale truck and a building ,0.8073469623923302,0.0,0.0,0.0
fusion,/media/crk/vol3/rt/coco/val2017/000000259640.jpg,people walking around a tamale truck and a building ,1.5871556475758553,0.0,0.0,0.0
m2ib,/media/crk/vol3/rt/coco/val2017/000000035326.jpg,A stove back splash with a granite design.,0.0,100.0,0.08346922695636749,0.0
lciba,/media/crk/vol3/rt/coco/val2017/000000035326.jpg,A stove back splash with a granite design.,0.0,100.0,0.2506040036678314,0.0
libragrad,/media/crk/vol3/rt/coco/val2017/000000035326.jpg,A stove back splash with a granite design.,0.0,100.0,0.0,0.0
fusion,/media/crk/vol3/rt/coco/val2017/000000035326.jpg,A stove back splash with a granite design.,0.24926494807004929,0.0,0.006632693111896515,0.0
m2ib,/media/crk/vol3/rt/coco/val2017/000000449603.jpg,a person parachute surfing on a large body of water,0.0,100.0,0.08996035903692245,0.0
lciba,/media/crk/vol3/rt/coco/val2017/000000449603.jpg,a person parachute surfing on a large body of water,0.0,100.0,0.24351254105567932,0.0
libragrad,/media/crk/vol3/rt/coco/val2017/000000449603.jpg,a person parachute surfing on a large body of water,0.0,100.0,0.0,0.0
fusion,/media/crk/vol3/rt/coco/val2017/000000449603.jpg,a person parachute surfing on a large body of water,0.8525442332029343,0.0,0.006660260260105133,0.0
m2ib,/media/crk/vol3/rt/coco/val2017/000000135410.jpg,A bike leaning up to a parking meter.,1.505578774958849,0.0,0.03215409815311432,0.0
lciba,/media/crk/vol3/rt/coco/val2017/000000135410.jpg,A bike leaning up to a parking meter.,0.0,100.0,1.8508166074752808,0.0
libragrad,/media/crk/vol3/rt/coco/val2017/000000135410.jpg,A bike leaning up to a parking meter.,0.0,100.0,0.0,0.0
fusion,/media/crk/vol3/rt/coco/val2017/000000135410.jpg,A bike leaning up to a parking meter.,0.0,100.0,0.0,0.0
m2ib,/media/crk/vol3/rt/coco/val2017/000000187585.jpg,a young man is on his skateboard doing a trick ,0.0,100.0,1.74761563539505,0.0
lciba,/media/crk/vol3/rt/coco/val2017/000000187585.jpg,a young man is on his skateboard doing a trick ,0.0,100.0,1.694679632782936,0.0
libragrad,/media/crk/vol3/rt/coco/val2017/000000187585.jpg,a young man is on his skateboard doing a trick ,0.0,100.0,0.0,0.0
fusion,/media/crk/vol3/rt/coco/val2017/000000187585.jpg,a young man is on his skateboard doing a trick ,0.12816330417990685,0.0,0.033770594745874405,0.0
m2ib,/media/crk/vol3/rt/coco/val2017/000000329542.jpg,A hand adding a cherry to some small tarts.,1.1913735419511795,0.0,0.11678021401166916,0.0
lciba,/media/crk/vol3/rt/coco/val2017/000000329542.jpg,A hand adding a cherry to some small tarts.,1.5311097726225853,0.0,0.028204917907714844,0.0
libragrad,/media/crk/vol3/rt/coco/val2017/000000329542.jpg,A hand adding a cherry to some small tarts.,2.3616285994648933,0.0,0.0,0.0
fusion,/media/crk/vol3/rt/coco/val2017/000000329542.jpg,A hand adding a cherry to some small tarts.,0.9463967755436897,0.0,0.03590285778045654,0.0
m2ib,/media/crk/vol3/rt/coco/val2017/000000514376.jpg,A trolley is going down the street while a car passes it.,0.0947359949350357,0.0,0.04200730472803116,0.0
lciba,/media/crk/vol3/rt/coco/val2017/000000514376.jpg,A trolley is going down the street while a car passes it.,0.19584987312555313,0.0,0.41827429085969925,0.0
libragrad,/media/crk/vol3/rt/coco/val2017/000000514376.jpg,A trolley is going down the street while a car passes it.,0.1437908038496971,0.0,0.0,0.0
fusion,/media/crk/vol3/rt/coco/val2017/000000514376.jpg,A trolley is going down the street while a car passes it.,0.274009071290493,0.0,0.0,0.0
m2ib,/media/crk/vol3/rt/coco/val2017/000000270122.jpg,Waves crashing on the shore with a surfer in the midst,1.2347880750894547,0.0,0.026988238096237183,0.0
lciba,/media/crk/vol3/rt/coco/val2017/000000270122.jpg,Waves crashing on the shore with a surfer in the midst,2.295970916748047,0.0,0.3984689712524414,0.0
libragrad,/media/crk/vol3/rt/coco/val2017/000000270122.jpg,Waves crashing on the shore with a surfer in the midst,4.358641803264618,0.0,0.0,0.0
fusion,/media/crk/vol3/rt/coco/val2017/000000270122.jpg,Waves crashing on the shore with a surfer in the midst,5.0291310995817184,0.0,0.016020983457565308,0.0
m2ib,/media/crk/vol3/rt/coco/val2017/000000258388.jpg,A teenager shoots flames at a friend balancing on a skateboard.,0.9350428357720375,0.0,0.05611293017864227,0.0
lciba,/media/crk/vol3/rt/coco/val2017/000000258388.jpg,A teenager shoots flames at a friend balancing on a skateboard.,1.4423955231904984,0.0,0.17248690128326416,0.0
libragrad,/media/crk/vol3/rt/coco/val2017/000000258388.jpg,A teenager shoots flames at a friend balancing on a skateboard.,1.6823997721076012,0.0,0.0,0.0
fusion,/media/crk/vol3/rt/coco/val2017/000000258388.jpg,A teenager shoots flames at a friend balancing on a skateboard.,3.6803677678108215,0.0,0.0,0.0
m2ib,/media/crk/vol3/rt/coco/val2017/000000507667.jpg,A map of the Boston subway printed on a statue of a cow.,0.0,100.0,0.2025129273533821,0.0
lciba,/media/crk/vol3/rt/coco/val2017/000000507667.jpg,A map of the Boston subway printed on a statue of a cow.,0.7627725601196289,0.0,3.1884539872407913,0.0
libragrad,/media/crk/vol3/rt/coco/val2017/000000507667.jpg,A map of the Boston subway printed on a statue of a cow.,0.0,100.0,0.0,0.0
fusion,/media/crk/vol3/rt/coco/val2017/000000507667.jpg,A map of the Boston subway printed on a statue of a cow.,1.1833617463707924,0.0,0.18198182806372643,0.0
m2ib,/media/crk/vol3/rt/coco/val2017/000000255965.jpg,A cat pausing as it's picture is taken.,0.0,100.0,0.23402515798807144,0.0
lciba,/media/crk/vol3/rt/coco/val2017/000000255965.jpg,A cat pausing as it's picture is taken.,0.0,100.0,0.3364522010087967,0.0
libragrad,/media/crk/vol3/rt/coco/val2017/000000255965.jpg,A cat pausing as it's picture is taken.,0.0,100.0,0.0,0.0
fusion,/media/crk/vol3/rt/coco/val2017/000000255965.jpg,A cat pausing as it's picture is taken.,0.0,100.0,0.11686626821756363,0.0
m2ib,/media/crk/vol3/rt/coco/val2017/000000127987.jpg,A baseball player bobble head next to two computer monitors on a desk.,0.8028768002986908,0.0,0.9928658604621887,0.0
lciba,/media/crk/vol3/rt/coco/val2017/000000127987.jpg,A baseball player bobble head next to two computer monitors on a desk.,1.0542407631874084,0.0,0.26887357234954834,0.0
libragrad,/media/crk/vol3/rt/coco/val2017/000000127987.jpg,A baseball player bobble head next to two computer monitors on a desk.,1.4252524822950363,0.0,0.0,0.0
fusion,/media/crk/vol3/rt/coco/val2017/000000127987.jpg,A baseball player bobble head next to two computer monitors on a desk.,3.411339968442917,0.0,0.05539730191230774,0.0
m2ib,/media/crk/vol3/rt/coco/val2017/000000078748.jpg,A group of motorcycles on display for a crowd.,0.0,100.0,1.902831718325615,0.0
lciba,/media/crk/vol3/rt/coco/val2017/000000078748.jpg,A group of motorcycles on display for a crowd.,0.0,100.0,0.37433281540870667,0.0
libragrad,/media/crk/vol3/rt/coco/val2017/000000078748.jpg,A group of motorcycles on display for a crowd.,0.0,100.0,0.0,0.0
fusion,/media/crk/vol3/rt/coco/val2017/000000078748.jpg,A group of motorcycles on display for a crowd.,0.0,100.0,0.0,100.0
m2ib,/media/crk/vol3/rt/coco/val2017/000000309495.jpg,A toilet that is in a bathroom with the lid up.,0.9065108373761177,0.0,0.9029299020767212,0.0
lciba,/media/crk/vol3/rt/coco/val2017/000000309495.jpg,A toilet that is in a bathroom with the lid up.,1.0338135063648224,0.0,0.3930050879716873,0.0
libragrad,/media/crk/vol3/rt/coco/val2017/000000309495.jpg,A toilet that is in a bathroom with the lid up.,1.038954220712185,0.0,0.0,0.0
fusion,/media/crk/vol3/rt/coco/val2017/000000309495.jpg,A toilet that is in a bathroom with the lid up.,0.9216174483299255,0.0,0.8549429476261139,0.0
m2ib,/media/crk/vol3/rt/coco/val2017/000000368752.jpg,A young boy sitting in front of a plate of food.,0.0,100.0,0.0,100.0
lciba,/media/crk/vol3/rt/coco/val2017/000000368752.jpg,A young boy sitting in front of a plate of food.,0.0,100.0,1.582995057106018,0.0
libragrad,/media/crk/vol3/rt/coco/val2017/000000368752.jpg,A young boy sitting in front of a plate of food.,0.0,100.0,0.0,0.0
fusion,/media/crk/vol3/rt/coco/val2017/000000368752.jpg,A young boy sitting in front of a plate of food.,0.0,100.0,0.0,0.0
m2ib,/media/crk/vol3/rt/coco/val2017/000000222825.jpg,A kitchen with a stove top oven next to a white fridge.,1.6999080777168274,0.0,1.5144363045692444,0.0
lciba,/media/crk/vol3/rt/coco/val2017/000000222825.jpg,A kitchen with a stove top oven next to a white fridge.,2.3020248860120773,0.0,1.7824210226535797,0.0
libragrad,/media/crk/vol3/rt/coco/val2017/000000222825.jpg,A kitchen with a stove top oven next to a white fridge.,3.195580840110779,0.0,0.0,100.0
fusion,/media/crk/vol3/rt/coco/val2017/000000222825.jpg,A kitchen with a stove top oven next to a white fridge.,5.6684814393520355,0.0,0.0,100.0
m2ib,/media/crk/vol3/rt/coco/val2017/000000552883.jpg,"A view of a kitchen with cabinets, a sink and a clothes washer.",1.3142306357622147,0.0,1.5615440905094147,0.0
lciba,/media/crk/vol3/rt/coco/val2017/000000552883.jpg,"A view of a kitchen with cabinets, a sink and a clothes washer.",1.675008237361908,0.0,0.25543197989463806,0.0
libragrad,/media/crk/vol3/rt/coco/val2017/000000552883.jpg,"A view of a kitchen with cabinets, a sink and a clothes washer.",1.902974396944046,0.0,0.0,0.0
fusion,/media/crk/vol3/rt/coco/val2017/000000552883.jpg,"A view of a kitchen with cabinets, a sink and a clothes washer.",3.869231417775154,0.0,0.0,0.0
m2ib,/media/crk/vol3/rt/coco/val2017/000000370900.jpg,A group of white teddy bears on a white table.,0.0,100.0,0.0,100.0
lciba,/media/crk/vol3/rt/coco/val2017/000000370900.jpg,A group of white teddy bears on a white table.,0.0,100.0,0.010887905955314636,0.0
libragrad,/media/crk/vol3/rt/coco/val2017/000000370900.jpg,A group of white teddy bears on a white table.,0.0,100.0,0.0,0.0
fusion,/media/crk/vol3/rt/coco/val2017/000000370900.jpg,A group of white teddy bears on a white table.,0.0,100.0,0.0,0.0
m2ib,/media/crk/vol3/rt/coco/val2017/000000429761.jpg,Two men shaking hands while standing on a tennis court.,1.3651542365550995,0.0,0.0,100.0
lciba,/media/crk/vol3/rt/coco/val2017/000000429761.jpg,Two men shaking hands while standing on a tennis court.,2.2420890629291534,0.0,0.0,100.0
libragrad,/media/crk/vol3/rt/coco/val2017/000000429761.jpg,Two men shaking hands while standing on a tennis court.,1.8881220370531082,0.0,0.0,0.0
fusion,/media/crk/vol3/rt/coco/val2017/000000429761.jpg,Two men shaking hands while standing on a tennis court.,2.208912745118141,0.0,0.0,100.0
m2ib,/media/crk/vol3/rt/coco/val2017/000000446574.jpg,A bathroom has a shower and toilet in it.,0.0,100.0,0.6905267015099525,0.0
lciba,/media/crk/vol3/rt/coco/val2017/000000446574.jpg,A bathroom has a shower and toilet in it.,0.0,100.0,0.7468796335160732,0.0
libragrad,/media/crk/vol3/rt/coco/val2017/000000446574.jpg,A bathroom has a shower and toilet in it.,0.0,100.0,0.0,0.0
fusion,/media/crk/vol3/rt/coco/val2017/000000446574.jpg,A bathroom has a shower and toilet in it.,0.06850957870483398,0.0,0.6640272215008736,0.0
m2ib,/media/crk/vol3/rt/coco/val2017/000000097988.jpg,"Man standing under banner that reads ""Run for Rights""",0.0,100.0,0.3769930452108383,0.0
lciba,/media/crk/vol3/rt/coco/val2017/000000097988.jpg,"Man standing under banner that reads ""Run for Rights""",0.7020067423582077,0.0,0.1710476353764534,0.0
libragrad,/media/crk/vol3/rt/coco/val2017/000000097988.jpg,"Man standing under banner that reads ""Run for Rights""",1.4747733250260353,0.0,0.0,0.0
fusion,/media/crk/vol3/rt/coco/val2017/000000097988.jpg,"Man standing under banner that reads ""Run for Rights""",4.080008715391159,0.0,0.0,0.0
m2ib,/media/crk/vol3/rt/coco/val2017/000000273760.jpg,A man standing on top of a tennis court holding a racquet.,0.125778466463089,0.0,0.0,100.0
lciba,/media/crk/vol3/rt/coco/val2017/000000273760.jpg,A man standing on top of a tennis court holding a racquet.,0.7513843476772308,0.0,0.0,100.0
libragrad,/media/crk/vol3/rt/coco/val2017/000000273760.jpg,A man standing on top of a tennis court holding a racquet.,1.459953933954239,0.0,0.0,0.0
fusion,/media/crk/vol3/rt/coco/val2017/000000273760.jpg,A man standing on top of a tennis court holding a racquet.,2.4598028510808945,0.0,0.0,0.0
m2ib,/media/crk/vol3/rt/coco/val2017/000000211042.jpg,there is a cat that is drinking out of the toilet,3.200719505548477,0.0,0.0,100.0
lciba,/media/crk/vol3/rt/coco/val2017/000000211042.jpg,there is a cat that is drinking out of the toilet,2.6299040764570236,0.0,1.3469014316797256,0.0
libragrad,/media/crk/vol3/rt/coco/val2017/000000211042.jpg,there is a cat that is drinking out of the toilet,1.6744669526815414,0.0,0.020642578601837158,0.0
fusion,/media/crk/vol3/rt/coco/val2017/000000211042.jpg,there is a cat that is drinking out of the toilet,0.5233395844697952,0.0,0.020642578601837158,0.0
m2ib,/media/crk/vol3/rt/coco/val2017/000000235778.jpg,A little kid that is playing with stuff.,0.0,100.0,0.9028622880578041,0.0
lciba,/media/crk/vol3/rt/coco/val2017/000000235778.jpg,A little kid that is playing with stuff.,0.0,100.0,1.1112326756119728,0.0
libragrad,/media/crk/vol3/rt/coco/val2017/000000235778.jpg,A little kid that is playing with stuff.,0.0,100.0,0.0,0.0
fusion,/media/crk/vol3/rt/coco/val2017/000000235778.jpg,A little kid that is playing with stuff.,0.0,100.0,0.056207552552223206,0.0
m2ib,/media/crk/vol3/rt/coco/val2017/000000549674.jpg,Two computer monitors are turned on on a computer desk.,0.18276795744895935,0.0,0.1305856741964817,0.0
lciba,/media/crk/vol3/rt/coco/val2017/000000549674.jpg,Two computer monitors are turned on on a computer desk.,1.1574756354093552,0.0,0.13131918385624886,0.0
libragrad,/media/crk/vol3/rt/coco/val2017/000000549674.jpg,Two computer monitors are turned on on a computer desk.,0.4249177873134613,0.0,0.0,0.0
fusion,/media/crk/vol3/rt/coco/val2017/000000549674.jpg,Two computer monitors are turned on on a computer desk.,1.6941417008638382,0.0,0.0,100.0
m2ib,/media/crk/vol3/rt/coco/val2017/000000263474.jpg,"A bathroom area with a toilet, trashcan and dresser.",0.10799597948789597,0.0,1.490221731364727,0.0
lciba,/media/crk/vol3/rt/coco/val2017/000000263474.jpg,"A bathroom area with a toilet, trashcan and dresser.",0.5215412937104702,0.0,0.05146004259586334,0.0
libragrad,/media/crk/vol3/rt/coco/val2017/000000263474.jpg,"A bathroom area with a toilet, trashcan and dresser.",0.35372599959373474,0.0,0.0,0.0
fusion,/media/crk/vol3/rt/coco/val2017/000000263474.jpg,"A bathroom area with a toilet, trashcan and dresser.",2.290102280676365,0.0,0.013250485062599182,0.0
m2ib,/media/crk/vol3/rt/coco/val2017/000000109827.jpg,A teddy bear leaning against a tree next to the road.,0.5263872444629669,0.0,0.012439116835594177,0.0
lciba,/media/crk/vol3/rt/coco/val2017/000000109827.jpg,A teddy bear leaning against a tree next to the road.,2.781284973025322,0.0,0.08101724088191986,0.0
libragrad,/media/crk/vol3/rt/coco/val2017/000000109827.jpg,A teddy bear leaning against a tree next to the road.,2.1724600344896317,0.0,0.0,0.0
fusion,/media/crk/vol3/rt/coco/val2017/000000109827.jpg,A teddy bear leaning against a tree next to the road.,0.2193313091993332,0.0,0.025871768593788147,0.0
m2ib,/media/crk/vol3/rt/coco/val2017/000000462643.jpg,A person holding a broken up cell phone.,0.0,100.0,0.03576688468456268,0.0
lciba,/media/crk/vol3/rt/coco/val2017/000000462643.jpg,A person holding a broken up cell phone.,0.0,100.0,1.5789519995450974,0.0
libragrad,/media/crk/vol3/rt/coco/val2017/000000462643.jpg,A person holding a broken up cell phone.,0.37483107298612595,0.0,0.0,0.0
fusion,/media/crk/vol3/rt/coco/val2017/000000462643.jpg,A person holding a broken up cell phone.,0.0,100.0,0.019115768373012543,0.0
m2ib,/media/crk/vol3/rt/coco/val2017/000000400044.jpg,A person riding a snowboard into the air next to a tall building.,1.2664969079196453,0.0,0.0,100.0
lciba,/media/crk/vol3/rt/coco/val2017/000000400044.jpg,A person riding a snowboard into the air next to a tall building.,2.313743159174919,0.0,0.06050644442439079,0.0
libragrad,/media/crk/vol3/rt/coco/val2017/000000400044.jpg,A person riding a snowboard into the air next to a tall building.,2.6372049003839493,0.0,0.0,100.0
fusion,/media/crk/vol3/rt/coco/val2017/000000400044.jpg,A person riding a snowboard into the air next to a tall building.,2.831415832042694,0.0,0.0,100.0
m2ib,/media/crk/vol3/rt/coco/val2017/000000484978.jpg,A woman sitting at a table while eating food.,0.0,100.0,0.6035447120666504,0.0
lciba,/media/crk/vol3/rt/coco/val2017/000000484978.jpg,A woman sitting at a table while eating food.,1.1352498084306717,0.0,0.06397655233740807,0.0
libragrad,/media/crk/vol3/rt/coco/val2017/000000484978.jpg,A woman sitting at a table while eating food.,0.2718108706176281,0.0,0.0,0.0
fusion,/media/crk/vol3/rt/coco/val2017/000000484978.jpg,A woman sitting at a table while eating food.,0.7117067463696003,0.0,0.0,0.0
m2ib,/media/crk/vol3/rt/coco/val2017/000000042102.jpg,A young man is dressed in a school skirt outfit.,2.032940275967121,0.0,0.5845669656991959,0.0
lciba,/media/crk/vol3/rt/coco/val2017/000000042102.jpg,A young man is dressed in a school skirt outfit.,1.3661149889230728,0.0,0.0,100.0
libragrad,/media/crk/vol3/rt/coco/val2017/000000042102.jpg,A young man is dressed in a school skirt outfit.,1.0538635775446892,0.0,0.0,0.0
fusion,/media/crk/vol3/rt/coco/val2017/000000042102.jpg,A young man is dressed in a school skirt outfit.,2.4749090895056725,0.0,0.0,0.0
m2ib,/media/crk/vol3/rt/coco/val2017/000000421455.jpg,Guy takes a picture  of his dog in the backseat through his side mirror. ,0.0,100.0,0.0,100.0
lciba,/media/crk/vol3/rt/coco/val2017/000000421455.jpg,Guy takes a picture  of his dog in the backseat through his side mirror. ,0.0,100.0,0.48572681844234467,0.0
libragrad,/media/crk/vol3/rt/coco/val2017/000000421455.jpg,Guy takes a picture  of his dog in the backseat through his side mirror. ,0.0,100.0,0.0,0.0
fusion,/media/crk/vol3/rt/coco/val2017/000000421455.jpg,Guy takes a picture  of his dog in the backseat through his side mirror. ,0.0,100.0,0.0,0.0
m2ib,/media/crk/vol3/rt/coco/val2017/000000130465.jpg,An old church building with clocks built into the tower and an arched doorway. ,0.0,100.0,1.3406388461589813,0.0
lciba,/media/crk/vol3/rt/coco/val2017/000000130465.jpg,An old church building with clocks built into the tower and an arched doorway. ,0.0,100.0,1.3469904661178589,0.0
libragrad,/media/crk/vol3/rt/coco/val2017/000000130465.jpg,An old church building with clocks built into the tower and an arched doorway. ,0.0,100.0,0.0,0.0
fusion,/media/crk/vol3/rt/coco/val2017/000000130465.jpg,An old church building with clocks built into the tower and an arched doorway. ,0.0,100.0,0.0,100.0
m2ib,/media/crk/vol3/rt/coco/val2017/000000577932.jpg,A woman walking next to a man riding a pink bike.,3.413638472557068,0.0,0.11862143874168396,0.0
lciba,/media/crk/vol3/rt/coco/val2017/000000577932.jpg,A woman walking next to a man riding a pink bike.,4.254002869129181,0.0,0.301886722445488,0.0
libragrad,/media/crk/vol3/rt/coco/val2017/000000577932.jpg,A woman walking next to a man riding a pink bike.,4.798402264714241,0.0,0.0,0.0
fusion,/media/crk/vol3/rt/coco/val2017/000000577932.jpg,A woman walking next to a man riding a pink bike.,4.5248232781887054,0.0,0.0,0.0
m2ib,/media/crk/vol3/rt/coco/val2017/000000541291.jpg,"The old, dilapidated  bathroom has fallen into disrepair.",4.5403853058815,0.0,0.019316747784614563,0.0
lciba,/media/crk/vol3/rt/coco/val2017/000000541291.jpg,"The old, dilapidated  bathroom has fallen into disrepair.",4.828834533691406,0.0,0.6230778992176056,0.0
libragrad,/media/crk/vol3/rt/coco/val2017/000000541291.jpg,"The old, dilapidated  bathroom has fallen into disrepair.",4.69382181763649,0.0,0.0,0.0
fusion,/media/crk/vol3/rt/coco/val2017/000000541291.jpg,"The old, dilapidated  bathroom has fallen into disrepair.",3.682602196931839,0.0,0.0,0.0
m2ib,/media/crk/vol3/rt/coco/val2017/000000022892.jpg,A cats sits on the table with a dog outside.,0.49157682806253433,0.0,0.023641809821128845,0.0
lciba,/media/crk/vol3/rt/coco/val2017/000000022892.jpg,A cats sits on the table with a dog outside.,0.4550691694021225,0.0,1.2668566778302193,0.0
libragrad,/media/crk/vol3/rt/coco/val2017/000000022892.jpg,A cats sits on the table with a dog outside.,0.995166040956974,0.0,0.0,0.0
fusion,/media/crk/vol3/rt/coco/val2017/000000022892.jpg,A cats sits on the table with a dog outside.,0.4740670323371887,0.0,0.0,0.0
m2ib,/media/crk/vol3/rt/coco/val2017/000000319935.jpg,A hotel suite with balcony overlooking the scenery ,0.0,100.0,0.43431296944618225,0.0
lciba,/media/crk/vol3/rt/coco/val2017/000000319935.jpg,A hotel suite with balcony overlooking the scenery ,0.2979462966322899,0.0,0.49115512520074844,0.0
libragrad,/media/crk/vol3/rt/coco/val2017/000000319935.jpg,A hotel suite with balcony overlooking the scenery ,1.0190963745117188,0.0,0.0,0.0
fusion,/media/crk/vol3/rt/coco/val2017/000000319935.jpg,A hotel suite with balcony overlooking the scenery ,0.7126780226826668,0.0,0.0,0.0
m2ib,/media/crk/vol3/rt/coco/val2017/000000309964.jpg,The people are sitting outside under a large umbrella.,0.0,100.0,0.31416118144989014,0.0
lciba,/media/crk/vol3/rt/coco/val2017/000000309964.jpg,The people are sitting outside under a large umbrella.,0.35860463976860046,0.0,0.6922174245119095,0.0
libragrad,/media/crk/vol3/rt/coco/val2017/000000309964.jpg,The people are sitting outside under a large umbrella.,0.9567147120833397,0.0,0.0,0.0
fusion,/media/crk/vol3/rt/coco/val2017/000000309964.jpg,The people are sitting outside under a large umbrella.,0.4406644031405449,0.0,0.04910677671432495,0.0
m2ib,/media/crk/vol3/rt/coco/val2017/000000055022.jpg,A bunch of different bikes on a wooden floor.,0.0,100.0,0.9666774421930313,0.0
lciba,/media/crk/vol3/rt/coco/val2017/000000055022.jpg,A bunch of different bikes on a wooden floor.,0.0,100.0,1.0350991040468216,0.0
libragrad,/media/crk/vol3/rt/coco/val2017/000000055022.jpg,A bunch of different bikes on a wooden floor.,0.0,100.0,0.0,0.0
fusion,/media/crk/vol3/rt/coco/val2017/000000055022.jpg,A bunch of different bikes on a wooden floor.,0.0,100.0,0.0,0.0
m2ib,/media/crk/vol3/rt/coco/val2017/000000105014.jpg,a salad that looks like a boat is next to a fork,1.2415407225489616,0.0,0.224975124001503,0.0
lciba,/media/crk/vol3/rt/coco/val2017/000000105014.jpg,a salad that looks like a boat is next to a fork,1.1981680989265442,0.0,0.21315738558769226,0.0
libragrad,/media/crk/vol3/rt/coco/val2017/000000105014.jpg,a salad that looks like a boat is next to a fork,1.095385104417801,0.0,0.0,100.0
fusion,/media/crk/vol3/rt/coco/val2017/000000105014.jpg,a salad that looks like a boat is next to a fork,1.5516385436058044,0.0,0.0,100.0
m2ib,/media/crk/vol3/rt/coco/val2017/000000221708.jpg,Lights shine on a wooden dining room table.,1.1418495327234268,0.0,0.06275121122598648,0.0
lciba,/media/crk/vol3/rt/coco/val2017/000000221708.jpg,Lights shine on a wooden dining room table.,1.3924859464168549,0.0,0.2130923792719841,0.0
libragrad,/media/crk/vol3/rt/coco/val2017/000000221708.jpg,Lights shine on a wooden dining room table.,2.347770519554615,0.0,0.0,0.0
fusion,/media/crk/vol3/rt/coco/val2017/000000221708.jpg,Lights shine on a wooden dining room table.,4.218854755163193,0.0,0.0,0.0
m2ib,/media/crk/vol3/rt/coco/val2017/000000259597.jpg,A little kid pointing his camera at a stage where people are dressed up.,1.9147979095578194,0.0,0.0,100.0
lciba,/media/crk/vol3/rt/coco/val2017/000000259597.jpg,A little kid pointing his camera at a stage where people are dressed up.,1.3486437499523163,0.0,0.052182748913764954,0.0
libragrad,/media/crk/vol3/rt/coco/val2017/000000259597.jpg,A little kid pointing his camera at a stage where people are dressed up.,0.6226319819688797,0.0,0.0,0.0
fusion,/media/crk/vol3/rt/coco/val2017/000000259597.jpg,A little kid pointing his camera at a stage where people are dressed up.,0.0,100.0,0.0,0.0
m2ib,/media/crk/vol3/rt/coco/val2017/000000289702.jpg,Large black dog sitting in front of a big mirror. ,0.0,100.0,0.03819763660430908,0.0
lciba,/media/crk/vol3/rt/coco/val2017/000000289702.jpg,Large black dog sitting in front of a big mirror. ,0.5156379193067551,0.0,0.4805624485015869,0.0
libragrad,/media/crk/vol3/rt/coco/val2017/000000289702.jpg,Large black dog sitting in front of a big mirror. ,0.9233202785253525,0.0,0.0,0.0
fusion,/media/crk/vol3/rt/coco/val2017/000000289702.jpg,Large black dog sitting in front of a big mirror. ,2.4552345275878906,0.0,0.0,0.0
m2ib,/media/crk/vol3/rt/coco/val2017/000000475064.jpg,The front of a restaurant with someone holding up food ,0.0,100.0,0.01336950808763504,0.0
lciba,/media/crk/vol3/rt/coco/val2017/000000475064.jpg,The front of a restaurant with someone holding up food ,0.0,100.0,0.1492489129304886,0.0
libragrad,/media/crk/vol3/rt/coco/val2017/000000475064.jpg,The front of a restaurant with someone holding up food ,0.0,100.0,0.0,0.0
fusion,/media/crk/vol3/rt/coco/val2017/000000475064.jpg,The front of a restaurant with someone holding up food ,0.0,100.0,0.0018190592527389526,0.0
m2ib,/media/crk/vol3/rt/coco/val2017/000000320706.jpg,A blending mixer sitting on a kitchen counter.,2.5987904518842697,0.0,0.02028346061706543,0.0
lciba,/media/crk/vol3/rt/coco/val2017/000000320706.jpg,A blending mixer sitting on a kitchen counter.,3.713466599583626,0.0,0.08963942527770996,0.0
libragrad,/media/crk/vol3/rt/coco/val2017/000000320706.jpg,A blending mixer sitting on a kitchen counter.,4.057561978697777,0.0,0.0,0.0
fusion,/media/crk/vol3/rt/coco/val2017/000000320706.jpg,A blending mixer sitting on a kitchen counter.,6.764563173055649,0.0,0.0,0.0
m2ib,/media/crk/vol3/rt/coco/val2017/000000396274.jpg,A plant in a garden near a white building.,0.3084082156419754,0.0,0.7304806262254715,0.0
lciba,/media/crk/vol3/rt/coco/val2017/000000396274.jpg,A plant in a garden near a white building.,1.5115650370717049,0.0,0.6760250777006149,0.0
libragrad,/media/crk/vol3/rt/coco/val2017/000000396274.jpg,A plant in a garden near a white building.,1.4029672369360924,0.0,0.0,0.0
fusion,/media/crk/vol3/rt/coco/val2017/000000396274.jpg,A plant in a garden near a white building.,2.3256808519363403,0.0,0.0,0.0
m2ib,/media/crk/vol3/rt/coco/val2017/000000468965.jpg,some people are flying kites and one male has a red tie on ,0.0,100.0,0.45641567558050156,0.0
lciba,/media/crk/vol3/rt/coco/val2017/000000468965.jpg,some people are flying kites and one male has a red tie on ,0.0,100.0,0.3785671666264534,0.0
libragrad,/media/crk/vol3/rt/coco/val2017/000000468965.jpg,some people are flying kites and one male has a red tie on ,0.0,100.0,0.0,0.0
fusion,/media/crk/vol3/rt/coco/val2017/000000468965.jpg,some people are flying kites and one male has a red tie on ,4.349703341722488,0.0,0.0,0.0
m2ib,/media/crk/vol3/rt/coco/val2017/000000308165.jpg,A man jumps as he skates on a pavement,0.0,100.0,1.3315694406628609,0.0
lciba,/media/crk/vol3/rt/coco/val2017/000000308165.jpg,A man jumps as he skates on a pavement,1.1944716796278954,0.0,0.3984980285167694,0.0
libragrad,/media/crk/vol3/rt/coco/val2017/000000308165.jpg,A man jumps as he skates on a pavement,0.5177376791834831,0.0,0.0,0.0
fusion,/media/crk/vol3/rt/coco/val2017/000000308165.jpg,A man jumps as he skates on a pavement,0.0,100.0,1.2718087062239647,0.0
m2ib,/media/crk/vol3/rt/coco/val2017/000000122166.jpg,a person riding on a bicycle on the street in front of some cars,0.18823659047484398,0.0,0.9109696373343468,0.0
lciba,/media/crk/vol3/rt/coco/val2017/000000122166.jpg,a person riding on a bicycle on the street in front of some cars,0.037656910717487335,0.0,0.265343114733696,0.0
libragrad,/media/crk/vol3/rt/coco/val2017/000000122166.jpg,a person riding on a bicycle on the street in front of some cars,0.49516502767801285,0.0,0.0,0.0
fusion,/media/crk/vol3/rt/coco/val2017/000000122166.jpg,a person riding on a bicycle on the street in front of some cars,1.2953057885169983,0.0,0.022467784583568573,0.0
m2ib,/media/crk/vol3/rt/coco/val2017/000000046463.jpg,A hand holding a sandwich above a plate.,1.1672228574752808,0.0,0.0,100.0
lciba,/media/crk/vol3/rt/coco/val2017/000000046463.jpg,A hand holding a sandwich above a plate.,1.7379388213157654,0.0,0.3838609904050827,0.0
libragrad,/media/crk/vol3/rt/coco/val2017/000000046463.jpg,A hand holding a sandwich above a plate.,2.002333849668503,0.0,0.0,0.0
fusion,/media/crk/vol3/rt/coco/val2017/000000046463.jpg,A hand holding a sandwich above a plate.,4.7149211168289185,0.0,0.0034851953387260437,0.0
m2ib,/media/crk/vol3/rt/coco/val2017/000000033759.jpg,A boy swinging a baseball bat at a game.,0.9506672620773315,0.0,0.0,100.0
lciba,/media/crk/vol3/rt/coco/val2017/000000033759.jpg,A boy swinging a baseball bat at a game.,1.0181505233049393,0.0,0.04866644740104675,0.0
libragrad,/media/crk/vol3/rt/coco/val2017/000000033759.jpg,A boy swinging a baseball bat at a game.,0.7592197507619858,0.0,0.0,0.0
fusion,/media/crk/vol3/rt/coco/val2017/000000033759.jpg,A boy swinging a baseball bat at a game.,0.8283605799078941,0.0,0.0,0.0
m2ib,/media/crk/vol3/rt/coco/val2017/000000562229.jpg,a child riding a skate board on a city street ,1.1175669729709625,0.0,0.6210697814822197,0.0
lciba,/media/crk/vol3/rt/coco/val2017/000000562229.jpg,a child riding a skate board on a city street ,2.1331503987312317,0.0,0.19617043435573578,0.0
libragrad,/media/crk/vol3/rt/coco/val2017/000000562229.jpg,a child riding a skate board on a city street ,1.735059730708599,0.0,0.0,0.0
fusion,/media/crk/vol3/rt/coco/val2017/000000562229.jpg,a child riding a skate board on a city street ,0.0,100.0,0.01116245985031128,0.0
m2ib,/media/crk/vol3/rt/coco/val2017/000000567011.jpg,A person riding a beautiful wave very smooth,1.2633249163627625,0.0,0.8044075220823288,0.0
lciba,/media/crk/vol3/rt/coco/val2017/000000567011.jpg,A person riding a beautiful wave very smooth,1.8467260524630547,0.0,0.0,100.0
libragrad,/media/crk/vol3/rt/coco/val2017/000000567011.jpg,A person riding a beautiful wave very smooth,1.7457220703363419,0.0,0.0,0.0
fusion,/media/crk/vol3/rt/coco/val2017/000000567011.jpg,A person riding a beautiful wave very smooth,2.08879467099905,0.0,0.0,100.0
m2ib,/media/crk/vol3/rt/coco/val2017/000000393115.jpg,Nan or woman is enjoying a day of surfboarding on a brown/orange board.,0.5294404923915863,0.0,0.09122733026742935,0.0
lciba,/media/crk/vol3/rt/coco/val2017/000000393115.jpg,Nan or woman is enjoying a day of surfboarding on a brown/orange board.,1.5773922204971313,0.0,0.0,100.0
libragrad,/media/crk/vol3/rt/coco/val2017/000000393115.jpg,Nan or woman is enjoying a day of surfboarding on a brown/orange board.,0.9473542682826519,0.0,0.0,0.0
fusion,/media/crk/vol3/rt/coco/val2017/000000393115.jpg,Nan or woman is enjoying a day of surfboarding on a brown/orange board.,2.397606149315834,0.0,0.026525557041168213,0.0
m2ib,/media/crk/vol3/rt/coco/val2017/000000411530.jpg,A crowd of people standing on snow covered ground.,0.0,100.0,1.3525595888495445,0.0
lciba,/media/crk/vol3/rt/coco/val2017/000000411530.jpg,A crowd of people standing on snow covered ground.,0.0,100.0,1.3265191577374935,0.0
libragrad,/media/crk/vol3/rt/coco/val2017/000000411530.jpg,A crowd of people standing on snow covered ground.,0.5981441587209702,0.0,0.0,0.0
fusion,/media/crk/vol3/rt/coco/val2017/000000411530.jpg,A crowd of people standing on snow covered ground.,0.34337863326072693,0.0,0.0,0.0
m2ib,/media/crk/vol3/rt/coco/val2017/000000368038.jpg,A colorful train sits on the tracks in the sunshine.,1.8493212759494781,0.0,0.0,0.0
lciba,/media/crk/vol3/rt/coco/val2017/000000368038.jpg,A colorful train sits on the tracks in the sunshine.,3.777194395661354,0.0,2.549506723880768,0.0
libragrad,/media/crk/vol3/rt/coco/val2017/000000368038.jpg,A colorful train sits on the tracks in the sunshine.,3.134586662054062,0.0,0.0,0.0
fusion,/media/crk/vol3/rt/coco/val2017/000000368038.jpg,A colorful train sits on the tracks in the sunshine.,4.471370577812195,0.0,0.0,0.0
m2ib,/media/crk/vol3/rt/coco/val2017/000000287545.jpg,A couple of giraffe standing in a building.,0.491979718208313,0.0,0.16568638384342194,0.0
lciba,/media/crk/vol3/rt/coco/val2017/000000287545.jpg,A couple of giraffe standing in a building.,1.0070331394672394,0.0,1.538800448179245,0.0
libragrad,/media/crk/vol3/rt/coco/val2017/000000287545.jpg,A couple of giraffe standing in a building.,1.2984659522771835,0.0,0.0,0.0
fusion,/media/crk/vol3/rt/coco/val2017/000000287545.jpg,A couple of giraffe standing in a building.,3.592798113822937,0.0,0.0,0.0
m2ib,/media/crk/vol3/rt/coco/val2017/000000239318.jpg,A laptop computer sitting on top of a wooden desk.,1.8398193642497063,0.0,0.08907578885555267,0.0
lciba,/media/crk/vol3/rt/coco/val2017/000000239318.jpg,A laptop computer sitting on top of a wooden desk.,1.6292648389935493,0.0,0.0,100.0
libragrad,/media/crk/vol3/rt/coco/val2017/000000239318.jpg,A laptop computer sitting on top of a wooden desk.,1.99266467243433,0.0,0.0,0.0
fusion,/media/crk/vol3/rt/coco/val2017/000000239318.jpg,A laptop computer sitting on top of a wooden desk.,1.6551744192838669,0.0,0.0,0.0
m2ib,/media/crk/vol3/rt/coco/val2017/000000425390.jpg,A large Siamese cat sitting on top of a laptop computer.,0.0,100.0,0.019750557839870453,0.0
lciba,/media/crk/vol3/rt/coco/val2017/000000425390.jpg,A large Siamese cat sitting on top of a laptop computer.,0.0,100.0,0.4875894635915756,0.0
libragrad,/media/crk/vol3/rt/coco/val2017/000000425390.jpg,A large Siamese cat sitting on top of a laptop computer.,0.0,100.0,0.0,0.0
fusion,/media/crk/vol3/rt/coco/val2017/000000425390.jpg,A large Siamese cat sitting on top of a laptop computer.,1.6456829383969307,0.0,0.0,0.0
m2ib,/media/crk/vol3/rt/coco/val2017/000000023272.jpg,A Calico cat laying on the hood of a Mercedes.,0.24469196796417236,0.0,0.01694224774837494,0.0
lciba,/media/crk/vol3/rt/coco/val2017/000000023272.jpg,A Calico cat laying on the hood of a Mercedes.,1.8504776060581207,0.0,3.201509267091751,0.0
libragrad,/media/crk/vol3/rt/coco/val2017/000000023272.jpg,A Calico cat laying on the hood of a Mercedes.,1.9659481942653656,0.0,0.0,0.0
fusion,/media/crk/vol3/rt/coco/val2017/000000023272.jpg,A Calico cat laying on the hood of a Mercedes.,1.5361624769866467,0.0,0.0,0.0
m2ib,/media/crk/vol3/rt/coco/val2017/000000116206.jpg, A wooden cutting board filled with chopped vegetables.,2.224988304078579,0.0,0.03207642585039139,0.0
lciba,/media/crk/vol3/rt/coco/val2017/000000116206.jpg, A wooden cutting board filled with chopped vegetables.,3.1105920672416687,0.0,0.1631012186408043,0.0
libragrad,/media/crk/vol3/rt/coco/val2017/000000116206.jpg, A wooden cutting board filled with chopped vegetables.,3.0846748501062393,0.0,0.0,0.0
fusion,/media/crk/vol3/rt/coco/val2017/000000116206.jpg, A wooden cutting board filled with chopped vegetables.,3.0053243041038513,0.0,0.015718862414360046,0.0
m2ib,/media/crk/vol3/rt/coco/val2017/000000359833.jpg,A young boy reaching up to grab a red apple.,0.0,100.0,0.0,0.0
lciba,/media/crk/vol3/rt/coco/val2017/000000359833.jpg,A young boy reaching up to grab a red apple.,0.11135898530483246,0.0,0.4601983353495598,0.0
libragrad,/media/crk/vol3/rt/coco/val2017/000000359833.jpg,A young boy reaching up to grab a red apple.,1.2830999679863453,0.0,0.0,0.0
fusion,/media/crk/vol3/rt/coco/val2017/000000359833.jpg,A young boy reaching up to grab a red apple.,0.0,100.0,0.0,0.0
m2ib,/media/crk/vol3/rt/coco/val2017/000000015278.jpg,A white plate topped with broccoli and a dumpling.,1.1864244937896729,0.0,0.12616515159606934,0.0
lciba,/media/crk/vol3/rt/coco/val2017/000000015278.jpg,A white plate topped with broccoli and a dumpling.,1.3883359730243683,0.0,0.26879459619522095,0.0
libragrad,/media/crk/vol3/rt/coco/val2017/000000015278.jpg,A white plate topped with broccoli and a dumpling.,1.9995227456092834,0.0,0.0,0.0
fusion,/media/crk/vol3/rt/coco/val2017/000000015278.jpg,A white plate topped with broccoli and a dumpling.,6.474266946315765,0.0,0.2078622579574585,0.0
m2ib,/media/crk/vol3/rt/coco/val2017/000000531771.jpg,This is a nice black over and under washer and dryer set.,0.0,100.0,0.0,100.0
lciba,/media/crk/vol3/rt/coco/val2017/000000531771.jpg,This is a nice black over and under washer and dryer set.,0.8316412568092346,0.0,0.3940548747777939,0.0
libragrad,/media/crk/vol3/rt/coco/val2017/000000531771.jpg,This is a nice black over and under washer and dryer set.,0.7479693740606308,0.0,0.0,100.0
fusion,/media/crk/vol3/rt/coco/val2017/000000531771.jpg,This is a nice black over and under washer and dryer set.,1.8271300941705704,0.0,0.0,0.0
m2ib,/media/crk/vol3/rt/coco/val2017/000000189752.jpg,That salad and pizza make a filling lunch.,0.0,100.0,0.07531959563493729,0.0
lciba,/media/crk/vol3/rt/coco/val2017/000000189752.jpg,That salad and pizza make a filling lunch.,0.0,100.0,0.47138500958681107,0.0
libragrad,/media/crk/vol3/rt/coco/val2017/000000189752.jpg,That salad and pizza make a filling lunch.,0.0,100.0,0.0,0.0
fusion,/media/crk/vol3/rt/coco/val2017/000000189752.jpg,That salad and pizza make a filling lunch.,0.0,100.0,0.0,0.0
m2ib,/media/crk/vol3/rt/coco/val2017/000000190637.jpg,a small child laying in bed playing nintendo wii,2.1189482882618904,0.0,0.0,100.0
lciba,/media/crk/vol3/rt/coco/val2017/000000190637.jpg,a small child laying in bed playing nintendo wii,2.709835022687912,0.0,0.165548175573349,0.0
libragrad,/media/crk/vol3/rt/coco/val2017/000000190637.jpg,a small child laying in bed playing nintendo wii,2.258085086941719,0.0,0.0,0.0
fusion,/media/crk/vol3/rt/coco/val2017/000000190637.jpg,a small child laying in bed playing nintendo wii,1.056181639432907,0.0,0.0,0.0
m2ib,/media/crk/vol3/rt/coco/val2017/000000166768.jpg,An elderly woman is holding onto the arm of an elderly man.,0.729086808860302,0.0,0.0,0.0
lciba,/media/crk/vol3/rt/coco/val2017/000000166768.jpg,An elderly woman is holding onto the arm of an elderly man.,0.873369537293911,0.0,0.5635146051645279,0.0
libragrad,/media/crk/vol3/rt/coco/val2017/000000166768.jpg,An elderly woman is holding onto the arm of an elderly man.,1.0760555043816566,0.0,0.0,0.0
fusion,/media/crk/vol3/rt/coco/val2017/000000166768.jpg,An elderly woman is holding onto the arm of an elderly man.,2.1864263340830803,0.0,0.026487745344638824,0.0
m2ib,/media/crk/vol3/rt/coco/val2017/000000286553.jpg,A copse of men sitting next to each other at a table.,0.4646413028240204,0.0,0.4945427179336548,0.0
lciba,/media/crk/vol3/rt/coco/val2017/000000286553.jpg,A copse of men sitting next to each other at a table.,1.8530681729316711,0.0,0.6231091916561127,0.0
libragrad,/media/crk/vol3/rt/coco/val2017/000000286553.jpg,A copse of men sitting next to each other at a table.,2.6546981185674667,0.0,0.0,0.0
fusion,/media/crk/vol3/rt/coco/val2017/000000286553.jpg,A copse of men sitting next to each other at a table.,3.198752924799919,0.0,0.3294646739959717,0.0
m2ib,/media/crk/vol3/rt/coco/val2017/000000493905.jpg,A male Tennis player is trying to secure the ball. ,0.6484467536211014,0.0,0.18875617533922195,0.0
lciba,/media/crk/vol3/rt/coco/val2017/000000493905.jpg,A male Tennis player is trying to secure the ball. ,0.8261978626251221,0.0,0.21287649869918823,0.0
libragrad,/media/crk/vol3/rt/coco/val2017/000000493905.jpg,A male Tennis player is trying to secure the ball. ,1.3249404728412628,0.0,0.0,0.0
fusion,/media/crk/vol3/rt/coco/val2017/000000493905.jpg,A male Tennis player is trying to secure the ball. ,0.0,100.0,0.009238719940185547,0.0
m2ib,/media/crk/vol3/rt/coco/val2017/000000502737.jpg,A person holding up a chocolate doughnut with a face drawn on it.,0.02018660306930542,0.0,1.844245195388794,0.0
lciba,/media/crk/vol3/rt/coco/val2017/000000502737.jpg,A person holding up a chocolate doughnut with a face drawn on it.,1.2262780219316483,0.0,0.49294307827949524,0.0
libragrad,/media/crk/vol3/rt/coco/val2017/000000502737.jpg,A person holding up a chocolate doughnut with a face drawn on it.,2.0004969090223312,0.0,0.0,0.0
fusion,/media/crk/vol3/rt/coco/val2017/000000502737.jpg,A person holding up a chocolate doughnut with a face drawn on it.,6.864834576845169,0.0,0.04593059420585632,0.0
m2ib,/media/crk/vol3/rt/coco/val2017/000000175387.jpg,Bathroom stall with green door in commercial business.,2.7461811900138855,0.0,1.3698507100343704,0.0
lciba,/media/crk/vol3/rt/coco/val2017/000000175387.jpg,Bathroom stall with green door in commercial business.,3.3952124416828156,0.0,0.07868967950344086,0.0
libragrad,/media/crk/vol3/rt/coco/val2017/000000175387.jpg,Bathroom stall with green door in commercial business.,3.7614651024341583,0.0,0.0,0.0
fusion,/media/crk/vol3/rt/coco/val2017/000000175387.jpg,Bathroom stall with green door in commercial business.,3.1348615884780884,0.0,0.0,0.0
m2ib,/media/crk/vol3/rt/coco/val2017/000000426166.jpg,A light blue bicycle chained to a pole on the sidewalk in front of a red building.,1.532728224992752,0.0,0.013992376625537872,0.0
lciba,/media/crk/vol3/rt/coco/val2017/000000426166.jpg,A light blue bicycle chained to a pole on the sidewalk in front of a red building.,2.2903937846422195,0.0,0.3880331292748451,0.0
libragrad,/media/crk/vol3/rt/coco/val2017/000000426166.jpg,A light blue bicycle chained to a pole on the sidewalk in front of a red building.,1.885301060974598,0.0,0.0,0.0
fusion,/media/crk/vol3/rt/coco/val2017/000000426166.jpg,A light blue bicycle chained to a pole on the sidewalk in front of a red building.,1.2669377028942108,0.0,0.004466623067855835,0.0
m2ib,/media/crk/vol3/rt/coco/val2017/000000079565.jpg,a pair of giraffe standing in a big open area,1.1188596487045288,0.0,2.7518222108483315,0.0
lciba,/media/crk/vol3/rt/coco/val2017/000000079565.jpg,a pair of giraffe standing in a big open area,1.5278328210115433,0.0,2.7834491804242134,0.0
libragrad,/media/crk/vol3/rt/coco/val2017/000000079565.jpg,a pair of giraffe standing in a big open area,1.4772437512874603,0.0,0.0,0.0
fusion,/media/crk/vol3/rt/coco/val2017/000000079565.jpg,a pair of giraffe standing in a big open area,0.2252493053674698,0.0,0.0,100.0
m2ib,/media/crk/vol3/rt/coco/val2017/000000296222.jpg,A man wearing sunglasses while holding a plate of pizza.,3.2614216208457947,0.0,0.07363930344581604,0.0
lciba,/media/crk/vol3/rt/coco/val2017/000000296222.jpg,A man wearing sunglasses while holding a plate of pizza.,3.4518402069807053,0.0,0.22934600710868835,0.0
libragrad,/media/crk/vol3/rt/coco/val2017/000000296222.jpg,A man wearing sunglasses while holding a plate of pizza.,3.7549663335084915,0.0,0.0,0.0
fusion,/media/crk/vol3/rt/coco/val2017/000000296222.jpg,A man wearing sunglasses while holding a plate of pizza.,4.289321601390839,0.0,0.0,0.0
m2ib,/media/crk/vol3/rt/coco/val2017/000000273198.jpg,A man opening a fire hydrant spewing out rusty water into a street.,0.0,100.0,0.04055686295032501,0.0
lciba,/media/crk/vol3/rt/coco/val2017/000000273198.jpg,A man opening a fire hydrant spewing out rusty water into a street.,0.0,100.0,0.015723612159490585,0.0
libragrad,/media/crk/vol3/rt/coco/val2017/000000273198.jpg,A man opening a fire hydrant spewing out rusty water into a street.,0.0,100.0,0.0,0.0
fusion,/media/crk/vol3/rt/coco/val2017/000000273198.jpg,A man opening a fire hydrant spewing out rusty water into a street.,0.0,100.0,0.0,0.0
m2ib,/media/crk/vol3/rt/coco/val2017/000000565962.jpg,A cat outside a window looking at a Buddha statue.,0.8200168609619141,0.0,0.11703670024871826,0.0
lciba,/media/crk/vol3/rt/coco/val2017/000000565962.jpg,A cat outside a window looking at a Buddha statue.,2.446204237639904,0.0,0.5298104137182236,0.0
libragrad,/media/crk/vol3/rt/coco/val2017/000000565962.jpg,A cat outside a window looking at a Buddha statue.,2.419376000761986,0.0,0.0,0.0
fusion,/media/crk/vol3/rt/coco/val2017/000000565962.jpg,A cat outside a window looking at a Buddha statue.,1.2808965519070625,0.0,0.0,0.0
m2ib,/media/crk/vol3/rt/coco/val2017/000000125936.jpg,People in a grocery story that sells fruit and drinks.,0.7877141237258911,0.0,0.07585249841213226,0.0
lciba,/media/crk/vol3/rt/coco/val2017/000000125936.jpg,People in a grocery story that sells fruit and drinks.,1.6495609655976295,0.0,0.028732046484947205,0.0
libragrad,/media/crk/vol3/rt/coco/val2017/000000125936.jpg,People in a grocery story that sells fruit and drinks.,1.7275262624025345,0.0,0.0,0.0
fusion,/media/crk/vol3/rt/coco/val2017/000000125936.jpg,People in a grocery story that sells fruit and drinks.,1.589745283126831,0.0,0.017061829566955566,0.0
m2ib,/media/crk/vol3/rt/coco/val2017/000000365521.jpg,A skateboarder performing a trick on a skateboard.,0.0,100.0,0.06077820435166359,0.0
lciba,/media/crk/vol3/rt/coco/val2017/000000365521.jpg,A skateboarder performing a trick on a skateboard.,0.0,100.0,1.7969045788049698,0.0
libragrad,/media/crk/vol3/rt/coco/val2017/000000365521.jpg,A skateboarder performing a trick on a skateboard.,0.0,100.0,0.0,0.0
fusion,/media/crk/vol3/rt/coco/val2017/000000365521.jpg,A skateboarder performing a trick on a skateboard.,0.5822399631142616,0.0,0.0,0.0
m2ib,/media/crk/vol3/rt/coco/val2017/000000161609.jpg,A brown dog sitting in a mans back pack.,2.659730240702629,0.0,0.9728331118822098,0.0
lciba,/media/crk/vol3/rt/coco/val2017/000000161609.jpg,A brown dog sitting in a mans back pack.,1.6314338892698288,0.0,0.0017918646335601807,0.0
libragrad,/media/crk/vol3/rt/coco/val2017/000000161609.jpg,A brown dog sitting in a mans back pack.,4.050052165985107,0.0,0.0,0.0
fusion,/media/crk/vol3/rt/coco/val2017/000000161609.jpg,A brown dog sitting in a mans back pack.,3.3149056136608124,0.0,0.0,0.0
m2ib,/media/crk/vol3/rt/coco/val2017/000000176901.jpg,Three people in the snow trying to walk up the hill in skiis.,2.693270519375801,0.0,0.10588057339191437,0.0
lciba,/media/crk/vol3/rt/coco/val2017/000000176901.jpg,Three people in the snow trying to walk up the hill in skiis.,3.6456968635320663,0.0,0.18888451159000397,0.0
libragrad,/media/crk/vol3/rt/coco/val2017/000000176901.jpg,Three people in the snow trying to walk up the hill in skiis.,2.9388073831796646,0.0,0.0,0.0
fusion,/media/crk/vol3/rt/coco/val2017/000000176901.jpg,Three people in the snow trying to walk up the hill in skiis.,2.805422991514206,0.0,0.0,100.0
m2ib,/media/crk/vol3/rt/coco/val2017/000000461036.jpg,Animal in shadows of woods surrounded by foliage. ,2.9744401574134827,0.0,0.0,100.0
lciba,/media/crk/vol3/rt/coco/val2017/000000461036.jpg,Animal in shadows of woods surrounded by foliage. ,3.767336532473564,0.0,0.06184130907058716,0.0
libragrad,/media/crk/vol3/rt/coco/val2017/000000461036.jpg,Animal in shadows of woods surrounded by foliage. ,2.491186186671257,0.0,0.0,0.0
fusion,/media/crk/vol3/rt/coco/val2017/000000461036.jpg,Animal in shadows of woods surrounded by foliage. ,4.836494475603104,0.0,0.0,0.0
m2ib,/media/crk/vol3/rt/coco/val2017/000000323151.jpg,A pizza sitting on top of a white plate next to a glass of beer.,0.36269770935177803,0.0,0.20242147147655487,0.0
lciba,/media/crk/vol3/rt/coco/val2017/000000323151.jpg,A pizza sitting on top of a white plate next to a glass of beer.,0.0,100.0,0.5002784542739391,0.0
libragrad,/media/crk/vol3/rt/coco/val2017/000000323151.jpg,A pizza sitting on top of a white plate next to a glass of beer.,0.0,100.0,0.0,100.0
fusion,/media/crk/vol3/rt/coco/val2017/000000323151.jpg,A pizza sitting on top of a white plate next to a glass of beer.,0.21862685680389404,0.0,0.0,100.0
m2ib,/media/crk/vol3/rt/coco/val2017/000000377882.jpg,Boats docked on land sitting side by side next to a lake.,2.866618148982525,0.0,0.08103232830762863,0.0
lciba,/media/crk/vol3/rt/coco/val2017/000000377882.jpg,Boats docked on land sitting side by side next to a lake.,3.8701288402080536,0.0,1.630847156047821,0.0
libragrad,/media/crk/vol3/rt/coco/val2017/000000377882.jpg,Boats docked on land sitting side by side next to a lake.,3.9419706910848618,0.0,0.0,0.0
fusion,/media/crk/vol3/rt/coco/val2017/000000377882.jpg,Boats docked on land sitting side by side next to a lake.,3.457188606262207,0.0,0.006552785634994507,0.0
m2ib,/media/crk/vol3/rt/coco/val2017/000000505451.jpg,A person riding the waves on a surf board.,0.0,100.0,0.18336046487092972,0.0
lciba,/media/crk/vol3/rt/coco/val2017/000000505451.jpg,A person riding the waves on a surf board.,0.0,100.0,0.0,100.0
libragrad,/media/crk/vol3/rt/coco/val2017/000000505451.jpg,A person riding the waves on a surf board.,0.0,100.0,0.0,0.0
fusion,/media/crk/vol3/rt/coco/val2017/000000505451.jpg,A person riding the waves on a surf board.,3.0070245265960693,0.0,0.0,100.0
m2ib,/media/crk/vol3/rt/coco/val2017/000000454978.jpg,A motorcycle is sitting on the side of the road next to a sign. ,2.2545386105775833,0.0,1.392434537410736,0.0
lciba,/media/crk/vol3/rt/coco/val2017/000000454978.jpg,A motorcycle is sitting on the side of the road next to a sign. ,3.6612123250961304,0.0,0.679742731153965,0.0
libragrad,/media/crk/vol3/rt/coco/val2017/000000454978.jpg,A motorcycle is sitting on the side of the road next to a sign. ,5.797777697443962,0.0,0.0,100.0
fusion,/media/crk/vol3/rt/coco/val2017/000000454978.jpg,A motorcycle is sitting on the side of the road next to a sign. ,3.353750705718994,0.0,1.3193635269999504,0.0
m2ib,/media/crk/vol3/rt/coco/val2017/000000206135.jpg,A herd of cattle sitting in front of a church with a steeple.,2.088993787765503,0.0,0.09788181632757187,0.0
lciba,/media/crk/vol3/rt/coco/val2017/000000206135.jpg,A herd of cattle sitting in front of a church with a steeple.,1.988648809492588,0.0,1.6398392617702484,0.0
libragrad,/media/crk/vol3/rt/coco/val2017/000000206135.jpg,A herd of cattle sitting in front of a church with a steeple.,1.3590047135949135,0.0,0.0,0.0
fusion,/media/crk/vol3/rt/coco/val2017/000000206135.jpg,A herd of cattle sitting in front of a church with a steeple.,1.4737718738615513,0.0,0.0,0.0
m2ib,/media/crk/vol3/rt/coco/val2017/000000300659.jpg,A formation of airplanes flying through a  blue sky.,0.6370065733790398,0.0,0.08235536515712738,0.0
lciba,/media/crk/vol3/rt/coco/val2017/000000300659.jpg,A formation of airplanes flying through a  blue sky.,1.1093506589531898,0.0,0.4078324884176254,0.0
libragrad,/media/crk/vol3/rt/coco/val2017/000000300659.jpg,A formation of airplanes flying through a  blue sky.,1.061970554292202,0.0,0.0,0.0
fusion,/media/crk/vol3/rt/coco/val2017/000000300659.jpg,A formation of airplanes flying through a  blue sky.,0.05534328520298004,0.0,0.0,0.0
m2ib,/media/crk/vol3/rt/coco/val2017/000000023359.jpg,A man flying through the air while riding a snowboard.,0.0,100.0,0.0,100.0
lciba,/media/crk/vol3/rt/coco/val2017/000000023359.jpg,A man flying through the air while riding a snowboard.,0.0,100.0,0.3723837435245514,0.0
libragrad,/media/crk/vol3/rt/coco/val2017/000000023359.jpg,A man flying through the air while riding a snowboard.,0.0,100.0,0.0,0.0
fusion,/media/crk/vol3/rt/coco/val2017/000000023359.jpg,A man flying through the air while riding a snowboard.,0.0,100.0,0.0,0.0
m2ib,/media/crk/vol3/rt/coco/val2017/000000435003.jpg,A laptop computer sitting on a desk next to a desktop monitor.,2.942568063735962,0.0,0.5084406584501266,0.0
lciba,/media/crk/vol3/rt/coco/val2017/000000435003.jpg,A laptop computer sitting on a desk next to a desktop monitor.,4.147179424762726,0.0,0.5003295838832855,0.0
libragrad,/media/crk/vol3/rt/coco/val2017/000000435003.jpg,A laptop computer sitting on a desk next to a desktop monitor.,4.693519696593285,0.0,0.0,100.0
fusion,/media/crk/vol3/rt/coco/val2017/000000435003.jpg,A laptop computer sitting on a desk next to a desktop monitor.,6.930156052112579,0.0,0.07111877202987671,0.0
m2ib,/media/crk/vol3/rt/coco/val2017/000000023230.jpg,A family of swans swimming on top of a lake.,1.013852283358574,0.0,0.024536624550819397,0.0
lciba,/media/crk/vol3/rt/coco/val2017/000000023230.jpg,A family of swans swimming on top of a lake.,0.6040085107088089,0.0,0.06605759263038635,0.0
libragrad,/media/crk/vol3/rt/coco/val2017/000000023230.jpg,A family of swans swimming on top of a lake.,1.0147076100111008,0.0,0.0,0.0
fusion,/media/crk/vol3/rt/coco/val2017/000000023230.jpg,A family of swans swimming on top of a lake.,0.0,100.0,0.0,0.0
m2ib,/media/crk/vol3/rt/coco/val2017/000000250205.jpg,Couple of Seagulls stand next to each other watching the same thing,0.4505624994635582,0.0,0.07455740123987198,0.0
lciba,/media/crk/vol3/rt/coco/val2017/000000250205.jpg,Couple of Seagulls stand next to each other watching the same thing,3.2082583755254745,0.0,0.1319829374551773,0.0
libragrad,/media/crk/vol3/rt/coco/val2017/000000250205.jpg,Couple of Seagulls stand next to each other watching the same thing,2.90971826761961,0.0,0.0,0.0
fusion,/media/crk/vol3/rt/coco/val2017/000000250205.jpg,Couple of Seagulls stand next to each other watching the same thing,2.4875104427337646,0.0,1.1408871039748192,0.0
m2ib,/media/crk/vol3/rt/coco/val2017/000000177861.jpg,Pedestrians walking on sidewalk with umbrella on rainy day.,0.8260441944003105,0.0,0.0,100.0
lciba,/media/crk/vol3/rt/coco/val2017/000000177861.jpg,Pedestrians walking on sidewalk with umbrella on rainy day.,0.29022209346294403,0.0,0.0,100.0
libragrad,/media/crk/vol3/rt/coco/val2017/000000177861.jpg,Pedestrians walking on sidewalk with umbrella on rainy day.,0.12859655544161797,0.0,0.0,0.0
fusion,/media/crk/vol3/rt/coco/val2017/000000177861.jpg,Pedestrians walking on sidewalk with umbrella on rainy day.,1.6918141394853592,0.0,0.00044349581003189087,0.0
m2ib,/media/crk/vol3/rt/coco/val2017/000000423123.jpg,A woman bending over and looking inside of a mini fridge.,2.846737951040268,0.0,1.3051582500338554,0.0
lciba,/media/crk/vol3/rt/coco/val2017/000000423123.jpg,A woman bending over and looking inside of a mini fridge.,3.535495325922966,0.0,1.5485486015677452,0.0
libragrad,/media/crk/vol3/rt/coco/val2017/000000423123.jpg,A woman bending over and looking inside of a mini fridge.,3.6576710641384125,0.0,0.0,0.0
fusion,/media/crk/vol3/rt/coco/val2017/000000423123.jpg,A woman bending over and looking inside of a mini fridge.,4.105580598115921,0.0,1.2556996196508408,0.0
m2ib,/media/crk/vol3/rt/coco/val2017/000000559099.jpg,Several cows are seen grazing in a field.,4.028874635696411,0.0,1.9405629485845566,0.0
lciba,/media/crk/vol3/rt/coco/val2017/000000559099.jpg,Several cows are seen grazing in a field.,4.70258891582489,0.0,2.0895741879940033,0.0
libragrad,/media/crk/vol3/rt/coco/val2017/000000559099.jpg,Several cows are seen grazing in a field.,5.505345389246941,0.0,0.0,0.0
fusion,/media/crk/vol3/rt/coco/val2017/000000559099.jpg,Several cows are seen grazing in a field.,5.261491239070892,0.0,2.016298845410347,0.0
m2ib,/media/crk/vol3/rt/coco/val2017/000000303499.jpg,Two people riding on the back of horses near a tall building.,1.178508996963501,0.0,0.0,100.0
lciba,/media/crk/vol3/rt/coco/val2017/000000303499.jpg,Two people riding on the back of horses near a tall building.,0.05355440080165863,0.0,0.15075281262397766,0.0
libragrad,/media/crk/vol3/rt/coco/val2017/000000303499.jpg,Two people riding on the back of horses near a tall building.,0.36291778087615967,0.0,0.0,0.0
fusion,/media/crk/vol3/rt/coco/val2017/000000303499.jpg,Two people riding on the back of horses near a tall building.,0.0,100.0,0.029053539037704468,0.0
m2ib,/media/crk/vol3/rt/coco/val2017/000000530146.jpg,A white plate topped with a sandwich and sliced veggies.,0.0,100.0,0.04124566912651062,0.0
lciba,/media/crk/vol3/rt/coco/val2017/000000530146.jpg,A white plate topped with a sandwich and sliced veggies.,0.0,100.0,0.5293388850986958,0.0
libragrad,/media/crk/vol3/rt/coco/val2017/000000530146.jpg,A white plate topped with a sandwich and sliced veggies.,0.0,100.0,0.0,0.0
fusion,/media/crk/vol3/rt/coco/val2017/000000530146.jpg,A white plate topped with a sandwich and sliced veggies.,1.3078481890261173,0.0,0.0,0.0
m2ib,/media/crk/vol3/rt/coco/val2017/000000130579.jpg,A pitcher about to pitch in a baseball game.,0.9486280381679535,0.0,0.0,100.0
lciba,/media/crk/vol3/rt/coco/val2017/000000130579.jpg,A pitcher about to pitch in a baseball game.,0.15244223177433014,0.0,0.17182603478431702,0.0
libragrad,/media/crk/vol3/rt/coco/val2017/000000130579.jpg,A pitcher about to pitch in a baseball game.,0.5692388862371445,0.0,0.0,0.0
fusion,/media/crk/vol3/rt/coco/val2017/000000130579.jpg,A pitcher about to pitch in a baseball game.,1.2026142328977585,0.0,0.0,0.0
m2ib,/media/crk/vol3/rt/coco/val2017/000000516916.jpg,A desk with five computers in a row on it. ,0.23462288081645966,0.0,1.80145762860775,0.0
lciba,/media/crk/vol3/rt/coco/val2017/000000516916.jpg,A desk with five computers in a row on it. ,1.531226933002472,0.0,1.676071621477604,0.0
libragrad,/media/crk/vol3/rt/coco/val2017/000000516916.jpg,A desk with five computers in a row on it. ,1.7233308404684067,0.0,0.0,0.0
fusion,/media/crk/vol3/rt/coco/val2017/000000516916.jpg,A desk with five computers in a row on it. ,2.0937465131282806,0.0,0.0,0.0
m2ib,/media/crk/vol3/rt/coco/val2017/000000453302.jpg,"A kitchen that has a tile floor, a refrigerator, a microwave, and a toaster.",2.3536119610071182,0.0,0.3954097628593445,0.0
lciba,/media/crk/vol3/rt/coco/val2017/000000453302.jpg,"A kitchen that has a tile floor, a refrigerator, a microwave, and a toaster.",4.522216320037842,0.0,1.1466413736343384,0.0
libragrad,/media/crk/vol3/rt/coco/val2017/000000453302.jpg,"A kitchen that has a tile floor, a refrigerator, a microwave, and a toaster.",4.501074925065041,0.0,0.0,0.0
fusion,/media/crk/vol3/rt/coco/val2017/000000453302.jpg,"A kitchen that has a tile floor, a refrigerator, a microwave, and a toaster.",5.563677102327347,0.0,2.1327119320631027,0.0
m2ib,/media/crk/vol3/rt/coco/val2017/000000239274.jpg,A yacht with people is near a pier on clear water.,0.9507584385573864,0.0,0.3628973849117756,0.0
lciba,/media/crk/vol3/rt/coco/val2017/000000239274.jpg,A yacht with people is near a pier on clear water.,1.0689792223274708,0.0,0.7824686355888844,0.0
libragrad,/media/crk/vol3/rt/coco/val2017/000000239274.jpg,A yacht with people is near a pier on clear water.,1.3561238534748554,0.0,0.0,0.0
fusion,/media/crk/vol3/rt/coco/val2017/000000239274.jpg,A yacht with people is near a pier on clear water.,3.0188020318746567,0.0,0.026735477149486542,0.0
m2ib,/media/crk/vol3/rt/coco/val2017/000000231097.jpg,A nearly empty plate containing broccoli and brown sauce.,4.65608611702919,0.0,1.1313922703266144,0.0
lciba,/media/crk/vol3/rt/coco/val2017/000000231097.jpg,A nearly empty plate containing broccoli and brown sauce.,4.459192603826523,0.0,0.13599544763565063,0.0
libragrad,/media/crk/vol3/rt/coco/val2017/000000231097.jpg,A nearly empty plate containing broccoli and brown sauce.,4.766525328159332,0.0,0.0,0.0
fusion,/media/crk/vol3/rt/coco/val2017/000000231097.jpg,A nearly empty plate containing broccoli and brown sauce.,3.610764816403389,0.0,0.0,0.0
m2ib,/media/crk/vol3/rt/coco/val2017/000000303653.jpg,two ladies riding horses there's a reflection of one of them in a mirror,0.06394553929567337,0.0,0.08465005084872246,0.0
lciba,/media/crk/vol3/rt/coco/val2017/000000303653.jpg,two ladies riding horses there's a reflection of one of them in a mirror,2.537667937576771,0.0,0.1375921070575714,0.0
libragrad,/media/crk/vol3/rt/coco/val2017/000000303653.jpg,two ladies riding horses there's a reflection of one of them in a mirror,3.0923129990696907,0.0,0.0,0.0
fusion,/media/crk/vol3/rt/coco/val2017/000000303653.jpg,two ladies riding horses there's a reflection of one of them in a mirror,0.6199019029736519,0.0,0.0,100.0
m2ib,/media/crk/vol3/rt/coco/val2017/000000244592.jpg,Three zebras outside with two grazing next to each other.,0.0,100.0,0.23425156250596046,0.0
lciba,/media/crk/vol3/rt/coco/val2017/000000244592.jpg,Three zebras outside with two grazing next to each other.,1.907774806022644,0.0,0.2539866603910923,0.0
libragrad,/media/crk/vol3/rt/coco/val2017/000000244592.jpg,Three zebras outside with two grazing next to each other.,1.4383593574166298,0.0,0.0,0.0
fusion,/media/crk/vol3/rt/coco/val2017/000000244592.jpg,Three zebras outside with two grazing next to each other.,0.41011953726410866,0.0,0.0,100.0
m2ib,/media/crk/vol3/rt/coco/val2017/000000409867.jpg,A tall clear glass window with two cats sitting at the base of it.,0.16766656190156937,0.0,0.03542490303516388,0.0
lciba,/media/crk/vol3/rt/coco/val2017/000000409867.jpg,A tall clear glass window with two cats sitting at the base of it.,0.0,100.0,0.0,100.0
libragrad,/media/crk/vol3/rt/coco/val2017/000000409867.jpg,A tall clear glass window with two cats sitting at the base of it.,0.0,100.0,0.0,0.0
fusion,/media/crk/vol3/rt/coco/val2017/000000409867.jpg,A tall clear glass window with two cats sitting at the base of it.,0.0,100.0,0.03685392439365387,0.0
m2ib,/media/crk/vol3/rt/coco/val2017/000000270402.jpg,Two gray elephants standing next to each other on a road.,0.02256035804748535,0.0,0.07358100265264511,0.0
lciba,/media/crk/vol3/rt/coco/val2017/000000270402.jpg,Two gray elephants standing next to each other on a road.,0.7895126938819885,0.0,0.17074383795261383,0.0
libragrad,/media/crk/vol3/rt/coco/val2017/000000270402.jpg,Two gray elephants standing next to each other on a road.,0.012082047760486603,0.0,0.0,100.0
fusion,/media/crk/vol3/rt/coco/val2017/000000270402.jpg,Two gray elephants standing next to each other on a road.,0.2891511656343937,0.0,0.0,0.0
m2ib,/media/crk/vol3/rt/coco/val2017/000000047571.jpg,Some people sit in a carriage pulled by a horse. ,2.1794363856315613,0.0,0.9849492460489273,0.0
lciba,/media/crk/vol3/rt/coco/val2017/000000047571.jpg,Some people sit in a carriage pulled by a horse. ,2.51195952296257,0.0,1.1415306478738785,0.0
libragrad,/media/crk/vol3/rt/coco/val2017/000000047571.jpg,Some people sit in a carriage pulled by a horse. ,1.9809206947684288,0.0,0.0,0.0
fusion,/media/crk/vol3/rt/coco/val2017/000000047571.jpg,Some people sit in a carriage pulled by a horse. ,2.864524908363819,0.0,0.8523371070623398,0.0
m2ib,/media/crk/vol3/rt/coco/val2017/000000404923.jpg,A baseball player holding a baseball bat is getting filmed by a camera man.,0.0,100.0,0.8336503058671951,0.0
lciba,/media/crk/vol3/rt/coco/val2017/000000404923.jpg,A baseball player holding a baseball bat is getting filmed by a camera man.,0.0,100.0,0.18156468868255615,0.0
libragrad,/media/crk/vol3/rt/coco/val2017/000000404923.jpg,A baseball player holding a baseball bat is getting filmed by a camera man.,0.19184648990631104,0.0,0.0,0.0
fusion,/media/crk/vol3/rt/coco/val2017/000000404923.jpg,A baseball player holding a baseball bat is getting filmed by a camera man.,0.0,100.0,0.0,0.0
m2ib,/media/crk/vol3/rt/coco/val2017/000000497628.jpg,A bedroom with a bed that has an ornate frame.,0.6497424561530352,0.0,0.08816923946142197,0.0
lciba,/media/crk/vol3/rt/coco/val2017/000000497628.jpg,A bedroom with a bed that has an ornate frame.,1.1354750022292137,0.0,0.14839991927146912,0.0
libragrad,/media/crk/vol3/rt/coco/val2017/000000497628.jpg,A bedroom with a bed that has an ornate frame.,1.647583395242691,0.0,0.0,0.0
fusion,/media/crk/vol3/rt/coco/val2017/000000497628.jpg,A bedroom with a bed that has an ornate frame.,0.9494367986917496,0.0,0.0,0.0
m2ib,/media/crk/vol3/rt/coco/val2017/000000038829.jpg,A man riding a bicycle with a boy on the back of it.,0.0,100.0,1.1478055268526077,0.0
lciba,/media/crk/vol3/rt/coco/val2017/000000038829.jpg,A man riding a bicycle with a boy on the back of it.,0.0,100.0,0.16180388629436493,0.0
libragrad,/media/crk/vol3/rt/coco/val2017/000000038829.jpg,A man riding a bicycle with a boy on the back of it.,0.0,100.0,0.0,0.0
fusion,/media/crk/vol3/rt/coco/val2017/000000038829.jpg,A man riding a bicycle with a boy on the back of it.,0.0,100.0,0.0,0.0
m2ib,/media/crk/vol3/rt/coco/val2017/000000334483.jpg,A group of women standing around a cake cutting slices.,1.48361474275589,0.0,2.4424245581030846,0.0
lciba,/media/crk/vol3/rt/coco/val2017/000000334483.jpg,A group of women standing around a cake cutting slices.,1.3054106384515762,0.0,2.20106802880764,0.0
libragrad,/media/crk/vol3/rt/coco/val2017/000000334483.jpg,A group of women standing around a cake cutting slices.,1.199190691113472,0.0,0.0,0.0
fusion,/media/crk/vol3/rt/coco/val2017/000000334483.jpg,A group of women standing around a cake cutting slices.,0.0,100.0,0.0,0.0
m2ib,/media/crk/vol3/rt/coco/val2017/000000573943.jpg,Parking lot full of different colored semi trucks.,0.8506216108798981,0.0,0.0,100.0
lciba,/media/crk/vol3/rt/coco/val2017/000000573943.jpg,Parking lot full of different colored semi trucks.,1.8959470093250275,0.0,0.1626176293939352,0.0
libragrad,/media/crk/vol3/rt/coco/val2017/000000573943.jpg,Parking lot full of different colored semi trucks.,3.5839762538671494,0.0,0.0,0.0
fusion,/media/crk/vol3/rt/coco/val2017/000000573943.jpg,Parking lot full of different colored semi trucks.,3.7539705634117126,0.0,0.0,0.0
m2ib,/media/crk/vol3/rt/coco/val2017/000000097679.jpg,A car with a snowboard on it's ski rack parked in a foggy parking lot next to two cars with empty ski racks. ,1.8598880618810654,0.0,3.0597854405641556,0.0
lciba,/media/crk/vol3/rt/coco/val2017/000000097679.jpg,A car with a snowboard on it's ski rack parked in a foggy parking lot next to two cars with empty ski racks. ,1.5865964815020561,0.0,3.0555982142686844,0.0
libragrad,/media/crk/vol3/rt/coco/val2017/000000097679.jpg,A car with a snowboard on it's ski rack parked in a foggy parking lot next to two cars with empty ski racks. ,1.5773866325616837,0.0,0.0,100.0
fusion,/media/crk/vol3/rt/coco/val2017/000000097679.jpg,A car with a snowboard on it's ski rack parked in a foggy parking lot next to two cars with empty ski racks. ,2.723304182291031,0.0,2.598840743303299,0.0
m2ib,/media/crk/vol3/rt/coco/val2017/000000211674.jpg,Red double decker bus with people standing on top.,2.1758725866675377,0.0,0.3205426037311554,0.0
lciba,/media/crk/vol3/rt/coco/val2017/000000211674.jpg,Red double decker bus with people standing on top.,2.8531385585665703,0.0,0.32513439655303955,0.0
libragrad,/media/crk/vol3/rt/coco/val2017/000000211674.jpg,Red double decker bus with people standing on top.,3.2494820654392242,0.0,0.0,0.0
fusion,/media/crk/vol3/rt/coco/val2017/000000211674.jpg,Red double decker bus with people standing on top.,0.0,100.0,0.009316951036453247,0.0
m2ib,/media/crk/vol3/rt/coco/val2017/000000348216.jpg,Your guess is as good as mine as to what these objects are.,0.0,100.0,2.4857625365257263,0.0
lciba,/media/crk/vol3/rt/coco/val2017/000000348216.jpg,Your guess is as good as mine as to what these objects are.,0.29065576381981373,0.0,0.382952019572258,0.0
libragrad,/media/crk/vol3/rt/coco/val2017/000000348216.jpg,Your guess is as good as mine as to what these objects are.,1.1439811438322067,0.0,2.287190780043602,0.0
fusion,/media/crk/vol3/rt/coco/val2017/000000348216.jpg,Your guess is as good as mine as to what these objects are.,0.6662878673523664,0.0,2.3551886901259422,0.0
m2ib,/media/crk/vol3/rt/coco/val2017/000000242946.jpg,A group of women sitting at a table with plates of food,0.0,100.0,0.629037618637085,0.0
lciba,/media/crk/vol3/rt/coco/val2017/000000242946.jpg,A group of women sitting at a table with plates of food,0.26344433426856995,0.0,0.5767479538917542,0.0
libragrad,/media/crk/vol3/rt/coco/val2017/000000242946.jpg,A group of women sitting at a table with plates of food,0.3429390490055084,0.0,0.0,0.0
fusion,/media/crk/vol3/rt/coco/val2017/000000242946.jpg,A group of women sitting at a table with plates of food,1.3822771608829498,0.0,0.6216004490852356,0.0
m2ib,/media/crk/vol3/rt/coco/val2017/000000226883.jpg,An animal grazing on a lush field of green grass.,0.09083719924092293,0.0,0.0341933686286211,0.0
lciba,/media/crk/vol3/rt/coco/val2017/000000226883.jpg,An animal grazing on a lush field of green grass.,0.28986604884266853,0.0,0.20238375291228294,0.0
libragrad,/media/crk/vol3/rt/coco/val2017/000000226883.jpg,An animal grazing on a lush field of green grass.,1.089495699852705,0.0,0.0,0.0
fusion,/media/crk/vol3/rt/coco/val2017/000000226883.jpg,An animal grazing on a lush field of green grass.,1.4873995445668697,0.0,0.0,0.0
m2ib,/media/crk/vol3/rt/coco/val2017/000000054123.jpg,The zebras are standing around and grazing in the pasture.,0.6790426559746265,0.0,0.9809663519263268,0.0
lciba,/media/crk/vol3/rt/coco/val2017/000000054123.jpg,The zebras are standing around and grazing in the pasture.,1.409962773323059,0.0,0.818549282848835,0.0
libragrad,/media/crk/vol3/rt/coco/val2017/000000054123.jpg,The zebras are standing around and grazing in the pasture.,1.908021792769432,0.0,0.0,0.0
fusion,/media/crk/vol3/rt/coco/val2017/000000054123.jpg,The zebras are standing around and grazing in the pasture.,2.5020912289619446,0.0,0.0,100.0
m2ib,/media/crk/vol3/rt/coco/val2017/000000058636.jpg,A large wooden pole with a green street sign hanging from it.,2.7494698762893677,0.0,2.8947100043296814,0.0
lciba,/media/crk/vol3/rt/coco/val2017/000000058636.jpg,A large wooden pole with a green street sign hanging from it.,2.6840023696422577,0.0,3.068782389163971,0.0
libragrad,/media/crk/vol3/rt/coco/val2017/000000058636.jpg,A large wooden pole with a green street sign hanging from it.,1.706559956073761,0.0,0.0,0.0
fusion,/media/crk/vol3/rt/coco/val2017/000000058636.jpg,A large wooden pole with a green street sign hanging from it.,2.36605703830719,0.0,0.0,0.0
m2ib,/media/crk/vol3/rt/coco/val2017/000000029596.jpg,"A room with a couch, table set with dinnerware and a television. ",0.6124533712863922,0.0,0.20134896039962769,0.0
lciba,/media/crk/vol3/rt/coco/val2017/000000029596.jpg,"A room with a couch, table set with dinnerware and a television. ",0.3791091963648796,0.0,0.5574319511651993,0.0
libragrad,/media/crk/vol3/rt/coco/val2017/000000029596.jpg,"A room with a couch, table set with dinnerware and a television. ",0.45372098684310913,0.0,0.0,0.0
fusion,/media/crk/vol3/rt/coco/val2017/000000029596.jpg,"A room with a couch, table set with dinnerware and a television. ",2.0208191126585007,0.0,0.0,100.0
m2ib,/media/crk/vol3/rt/coco/val2017/000000452122.jpg,An airplane flying in the air during the day.,1.7188187688589096,0.0,0.5472993478178978,0.0
lciba,/media/crk/vol3/rt/coco/val2017/000000452122.jpg,An airplane flying in the air during the day.,1.9553406164050102,0.0,0.6917254999279976,0.0
libragrad,/media/crk/vol3/rt/coco/val2017/000000452122.jpg,An airplane flying in the air during the day.,2.4186626076698303,0.0,0.0,0.0
fusion,/media/crk/vol3/rt/coco/val2017/000000452122.jpg,An airplane flying in the air during the day.,3.748536854982376,0.0,0.0,0.0
m2ib,/media/crk/vol3/rt/coco/val2017/000000338325.jpg,A striped plane flying up into the sky as the sun shines behind it.,0.0,100.0,1.0080233216285706,0.0
lciba,/media/crk/vol3/rt/coco/val2017/000000338325.jpg,A striped plane flying up into the sky as the sun shines behind it.,0.0,100.0,0.0,100.0
libragrad,/media/crk/vol3/rt/coco/val2017/000000338325.jpg,A striped plane flying up into the sky as the sun shines behind it.,0.0,100.0,0.0,0.0
fusion,/media/crk/vol3/rt/coco/val2017/000000338325.jpg,A striped plane flying up into the sky as the sun shines behind it.,0.0,100.0,0.0008869916200637817,0.0
m2ib,/media/crk/vol3/rt/coco/val2017/000000000776.jpg,"Three teddy bears, each a different color, snuggling together.",0.0,100.0,0.04131980240345001,0.0
lciba,/media/crk/vol3/rt/coco/val2017/000000000776.jpg,"Three teddy bears, each a different color, snuggling together.",0.0,100.0,0.23593567311763763,0.0
libragrad,/media/crk/vol3/rt/coco/val2017/000000000776.jpg,"Three teddy bears, each a different color, snuggling together.",0.0,100.0,0.0,0.0
fusion,/media/crk/vol3/rt/coco/val2017/000000000776.jpg,"Three teddy bears, each a different color, snuggling together.",0.0,100.0,0.028427690267562866,0.0
m2ib,/media/crk/vol3/rt/coco/val2017/000000156643.jpg,Person cutting cake at a theme restaurant characters in background.,0.0,100.0,0.16481243073940277,0.0
lciba,/media/crk/vol3/rt/coco/val2017/000000156643.jpg,Person cutting cake at a theme restaurant characters in background.,0.0,100.0,0.0,100.0
libragrad,/media/crk/vol3/rt/coco/val2017/000000156643.jpg,Person cutting cake at a theme restaurant characters in background.,0.0,100.0,0.0,0.0
fusion,/media/crk/vol3/rt/coco/val2017/000000156643.jpg,Person cutting cake at a theme restaurant characters in background.,0.0,100.0,0.07663853466510773,0.0
m2ib,/media/crk/vol3/rt/coco/val2017/000000318138.jpg,a girl is playing with a video game controller,0.0,100.0,0.03864113241434097,0.0
lciba,/media/crk/vol3/rt/coco/val2017/000000318138.jpg,a girl is playing with a video game controller,0.0,100.0,0.13269837945699692,0.0
libragrad,/media/crk/vol3/rt/coco/val2017/000000318138.jpg,a girl is playing with a video game controller,0.0,100.0,0.0,0.0
fusion,/media/crk/vol3/rt/coco/val2017/000000318138.jpg,a girl is playing with a video game controller,0.0,100.0,0.006994791328907013,0.0
m2ib,/media/crk/vol3/rt/coco/val2017/000000562561.jpg,Two dogs in the backyard with blowup toys.,0.0,100.0,0.0,100.0
lciba,/media/crk/vol3/rt/coco/val2017/000000562561.jpg,Two dogs in the backyard with blowup toys.,0.840442068874836,0.0,0.0,100.0
libragrad,/media/crk/vol3/rt/coco/val2017/000000562561.jpg,Two dogs in the backyard with blowup toys.,1.8380487337708473,0.0,0.0,0.0
fusion,/media/crk/vol3/rt/coco/val2017/000000562561.jpg,Two dogs in the backyard with blowup toys.,1.2609466910362244,0.0,0.0,100.0
m2ib,/media/crk/vol3/rt/coco/val2017/000000065350.jpg,Kids are skateboarding at a skate park and one them has fallen down.,0.0,100.0,1.619616150856018,0.0
lciba,/media/crk/vol3/rt/coco/val2017/000000065350.jpg,Kids are skateboarding at a skate park and one them has fallen down.,3.7422843277454376,0.0,1.6123149544000626,0.0
libragrad,/media/crk/vol3/rt/coco/val2017/000000065350.jpg,Kids are skateboarding at a skate park and one them has fallen down.,4.24257293343544,0.0,0.0,0.0
fusion,/media/crk/vol3/rt/coco/val2017/000000065350.jpg,Kids are skateboarding at a skate park and one them has fallen down.,1.1491671204566956,0.0,0.0,100.0
m2ib,/media/crk/vol3/rt/coco/val2017/000000577149.jpg,there are many zebras walking on the side of this road,1.0439176112413406,0.0,1.5734123066067696,0.0
lciba,/media/crk/vol3/rt/coco/val2017/000000577149.jpg,there are many zebras walking on the side of this road,0.9224532172083855,0.0,0.09728912264108658,0.0
libragrad,/media/crk/vol3/rt/coco/val2017/000000577149.jpg,there are many zebras walking on the side of this road,0.9674446657299995,0.0,0.0,0.0
fusion,/media/crk/vol3/rt/coco/val2017/000000577149.jpg,there are many zebras walking on the side of this road,1.3843252323567867,0.0,0.015185028314590454,0.0
m2ib,/media/crk/vol3/rt/coco/val2017/000000004395.jpg,A man in a shirt and tie motioning with his hand.,0.2647973597049713,0.0,0.06216280162334442,0.0
lciba,/media/crk/vol3/rt/coco/val2017/000000004395.jpg,A man in a shirt and tie motioning with his hand.,0.0,100.0,0.5172688513994217,0.0
libragrad,/media/crk/vol3/rt/coco/val2017/000000004395.jpg,A man in a shirt and tie motioning with his hand.,0.0,100.0,0.0,0.0
fusion,/media/crk/vol3/rt/coco/val2017/000000004395.jpg,A man in a shirt and tie motioning with his hand.,0.0,100.0,0.0,0.0
m2ib,/media/crk/vol3/rt/coco/val2017/000000530836.jpg,A picture of a large kitchen with white cabinets and appliances.,1.0928576812148094,0.0,0.0,100.0
lciba,/media/crk/vol3/rt/coco/val2017/000000530836.jpg,A picture of a large kitchen with white cabinets and appliances.,2.017670124769211,0.0,1.609710045158863,0.0
libragrad,/media/crk/vol3/rt/coco/val2017/000000530836.jpg,A picture of a large kitchen with white cabinets and appliances.,2.3767882958054543,0.0,0.0,0.0
fusion,/media/crk/vol3/rt/coco/val2017/000000530836.jpg,A picture of a large kitchen with white cabinets and appliances.,2.48083658516407,0.0,0.0163983553647995,0.0
m2ib,/media/crk/vol3/rt/coco/val2017/000000523241.jpg,A busy street with several lanes and a crossing sign in the foreground.,4.121607542037964,0.0,0.08500833064317703,0.0
lciba,/media/crk/vol3/rt/coco/val2017/000000523241.jpg,A busy street with several lanes and a crossing sign in the foreground.,5.086885765194893,0.0,0.32225996255874634,0.0
libragrad,/media/crk/vol3/rt/coco/val2017/000000523241.jpg,A busy street with several lanes and a crossing sign in the foreground.,5.018957331776619,0.0,0.0,0.0
fusion,/media/crk/vol3/rt/coco/val2017/000000523241.jpg,A busy street with several lanes and a crossing sign in the foreground.,3.5850338637828827,0.0,0.0,0.0
m2ib,/media/crk/vol3/rt/coco/val2017/000000015751.jpg,A few birds are on the roof of a house.,0.3360516391694546,0.0,0.8555669337511063,0.0
lciba,/media/crk/vol3/rt/coco/val2017/000000015751.jpg,A few birds are on the roof of a house.,1.0326079092919827,0.0,0.90444665402174,0.0
libragrad,/media/crk/vol3/rt/coco/val2017/000000015751.jpg,A few birds are on the roof of a house.,1.4814944006502628,0.0,0.0,0.0
fusion,/media/crk/vol3/rt/coco/val2017/000000015751.jpg,A few birds are on the roof of a house.,0.15195803716778755,0.0,0.0,0.0
m2ib,/media/crk/vol3/rt/coco/val2017/000000050165.jpg,Small train running down the tracks in the middle of a field.,1.4259390532970428,0.0,0.035847537219524384,0.0
lciba,/media/crk/vol3/rt/coco/val2017/000000050165.jpg,Small train running down the tracks in the middle of a field.,0.6947757676243782,0.0,0.253828801214695,0.0
libragrad,/media/crk/vol3/rt/coco/val2017/000000050165.jpg,Small train running down the tracks in the middle of a field.,0.6981369107961655,0.0,0.0,0.0
fusion,/media/crk/vol3/rt/coco/val2017/000000050165.jpg,Small train running down the tracks in the middle of a field.,0.0,100.0,0.04014503210783005,0.0
m2ib,/media/crk/vol3/rt/coco/val2017/000000210388.jpg,Some people are walking in the snow and having fun. ,3.43017578125,0.0,0.29388628900051117,0.0
lciba,/media/crk/vol3/rt/coco/val2017/000000210388.jpg,Some people are walking in the snow and having fun. ,4.552027583122253,0.0,0.5442000925540924,0.0
libragrad,/media/crk/vol3/rt/coco/val2017/000000210388.jpg,Some people are walking in the snow and having fun. ,4.028116166591644,0.0,0.0,0.0
fusion,/media/crk/vol3/rt/coco/val2017/000000210388.jpg,Some people are walking in the snow and having fun. ,3.8640204817056656,0.0,0.0,0.0
m2ib,/media/crk/vol3/rt/coco/val2017/000000397279.jpg,The tennis player does not know what to expect with the next serve.,0.0,100.0,0.0,100.0
lciba,/media/crk/vol3/rt/coco/val2017/000000397279.jpg,The tennis player does not know what to expect with the next serve.,0.0,100.0,0.0,100.0
libragrad,/media/crk/vol3/rt/coco/val2017/000000397279.jpg,The tennis player does not know what to expect with the next serve.,0.0,100.0,0.0,100.0
fusion,/media/crk/vol3/rt/coco/val2017/000000397279.jpg,The tennis player does not know what to expect with the next serve.,0.23637786507606506,0.0,0.0,100.0
m2ib,/media/crk/vol3/rt/coco/val2017/000000095786.jpg,there are three vases made of clay on a table,0.2981901168823242,0.0,0.03508087247610092,0.0
lciba,/media/crk/vol3/rt/coco/val2017/000000095786.jpg,there are three vases made of clay on a table,1.6481252387166023,0.0,0.37384163588285446,0.0
libragrad,/media/crk/vol3/rt/coco/val2017/000000095786.jpg,there are three vases made of clay on a table,1.0419601574540138,0.0,0.0,0.0
fusion,/media/crk/vol3/rt/coco/val2017/000000095786.jpg,there are three vases made of clay on a table,1.124550960958004,0.0,0.0,100.0
m2ib,/media/crk/vol3/rt/coco/val2017/000000246968.jpg,A young woman standing in the kitchen pours from a large measuring cup.,0.9806379675865173,0.0,0.15529021620750427,0.0
lciba,/media/crk/vol3/rt/coco/val2017/000000246968.jpg,A young woman standing in the kitchen pours from a large measuring cup.,1.485944539308548,0.0,1.6403477638959885,0.0
libragrad,/media/crk/vol3/rt/coco/val2017/000000246968.jpg,A young woman standing in the kitchen pours from a large measuring cup.,1.8547024577856064,0.0,0.0,0.0
fusion,/media/crk/vol3/rt/coco/val2017/000000246968.jpg,A young woman standing in the kitchen pours from a large measuring cup.,2.875027433037758,0.0,0.0,0.0
m2ib,/media/crk/vol3/rt/coco/val2017/000000275791.jpg,A large trains travels past a river that contains several different boats,1.3841750100255013,0.0,0.0,100.0
lciba,/media/crk/vol3/rt/coco/val2017/000000275791.jpg,A large trains travels past a river that contains several different boats,1.7607364803552628,0.0,0.0,100.0
libragrad,/media/crk/vol3/rt/coco/val2017/000000275791.jpg,A large trains travels past a river that contains several different boats,1.7299052327871323,0.0,0.0,0.0
fusion,/media/crk/vol3/rt/coco/val2017/000000275791.jpg,A large trains travels past a river that contains several different boats,0.26903003454208374,0.0,0.0,100.0
m2ib,/media/crk/vol3/rt/coco/val2017/000000069356.jpg,A woman standing in front of a fruit stand.,0.5414025858044624,0.0,0.010556727647781372,0.0
lciba,/media/crk/vol3/rt/coco/val2017/000000069356.jpg,A woman standing in front of a fruit stand.,0.9530315175652504,0.0,0.0817377120256424,0.0
libragrad,/media/crk/vol3/rt/coco/val2017/000000069356.jpg,A woman standing in front of a fruit stand.,1.1233968660235405,0.0,0.0,0.0
fusion,/media/crk/vol3/rt/coco/val2017/000000069356.jpg,A woman standing in front of a fruit stand.,1.7804713919758797,0.0,0.0,0.0
m2ib,/media/crk/vol3/rt/coco/val2017/000000007818.jpg,An illuminated floral display forms the centerpiece of the arrangement in this close up of a dining room table setting.,0.6088564172387123,0.0,0.5432805046439171,0.0
lciba,/media/crk/vol3/rt/coco/val2017/000000007818.jpg,An illuminated floral display forms the centerpiece of the arrangement in this close up of a dining room table setting.,1.4664108864963055,0.0,0.33621974289417267,0.0
libragrad,/media/crk/vol3/rt/coco/val2017/000000007818.jpg,An illuminated floral display forms the centerpiece of the arrangement in this close up of a dining room table setting.,0.376729853451252,0.0,0.055067986249923706,0.0
fusion,/media/crk/vol3/rt/coco/val2017/000000007818.jpg,An illuminated floral display forms the centerpiece of the arrangement in this close up of a dining room table setting.,0.7200011983513832,0.0,0.011909380555152893,0.0
m2ib,/media/crk/vol3/rt/coco/val2017/000000370375.jpg,A little boy wearing a baseball hat holding a baseball bat.,0.0,100.0,0.0,100.0
lciba,/media/crk/vol3/rt/coco/val2017/000000370375.jpg,A little boy wearing a baseball hat holding a baseball bat.,0.0,100.0,1.2747276574373245,0.0
libragrad,/media/crk/vol3/rt/coco/val2017/000000370375.jpg,A little boy wearing a baseball hat holding a baseball bat.,0.0,100.0,0.0,0.0
fusion,/media/crk/vol3/rt/coco/val2017/000000370375.jpg,A little boy wearing a baseball hat holding a baseball bat.,0.0,100.0,0.0,0.0
m2ib,/media/crk/vol3/rt/coco/val2017/000000530457.jpg,A vase filled with red and orange flowers.,0.0,100.0,0.02216324210166931,0.0
lciba,/media/crk/vol3/rt/coco/val2017/000000530457.jpg,A vase filled with red and orange flowers.,0.0,100.0,0.21606292575597763,0.0
libragrad,/media/crk/vol3/rt/coco/val2017/000000530457.jpg,A vase filled with red and orange flowers.,0.0,100.0,0.0,0.0
fusion,/media/crk/vol3/rt/coco/val2017/000000530457.jpg,A vase filled with red and orange flowers.,0.0,100.0,0.0,0.0
m2ib,/media/crk/vol3/rt/coco/val2017/000000371699.jpg,A dog lays in a room with a desk and shelves of files and books.,3.519168123602867,0.0,2.9411902651190758,0.0
lciba,/media/crk/vol3/rt/coco/val2017/000000371699.jpg,A dog lays in a room with a desk and shelves of files and books.,3.015318140387535,0.0,0.3979060798883438,0.0
libragrad,/media/crk/vol3/rt/coco/val2017/000000371699.jpg,A dog lays in a room with a desk and shelves of files and books.,3.8205400109291077,0.0,0.0,0.0
fusion,/media/crk/vol3/rt/coco/val2017/000000371699.jpg,A dog lays in a room with a desk and shelves of files and books.,4.345550388097763,0.0,0.08037015795707703,0.0
m2ib,/media/crk/vol3/rt/coco/val2017/000000091779.jpg,A display of various hot dogs in serving platters.,0.0,100.0,0.009736418724060059,0.0
lciba,/media/crk/vol3/rt/coco/val2017/000000091779.jpg,A display of various hot dogs in serving platters.,0.0,100.0,0.2084542065858841,0.0
libragrad,/media/crk/vol3/rt/coco/val2017/000000091779.jpg,A display of various hot dogs in serving platters.,0.0,100.0,0.0,0.0
fusion,/media/crk/vol3/rt/coco/val2017/000000091779.jpg,A display of various hot dogs in serving platters.,3.0130330473184586,0.0,0.0,0.0
m2ib,/media/crk/vol3/rt/coco/val2017/000000405691.jpg,"Glasses of wine, salad and french bread on a wooden table. ",0.6290286779403687,0.0,0.030572153627872467,0.0
lciba,/media/crk/vol3/rt/coco/val2017/000000405691.jpg,"Glasses of wine, salad and french bread on a wooden table. ",1.3740253634750843,0.0,1.9414063543081284,0.0
libragrad,/media/crk/vol3/rt/coco/val2017/000000405691.jpg,"Glasses of wine, salad and french bread on a wooden table. ",1.0699698701500893,0.0,0.0,0.0
fusion,/media/crk/vol3/rt/coco/val2017/000000405691.jpg,"Glasses of wine, salad and french bread on a wooden table. ",0.07781889289617538,0.0,0.0,0.0
m2ib,/media/crk/vol3/rt/coco/val2017/000000225946.jpg,A train traveling through the countryside next to a dirt road.,4.079784452915192,0.0,0.1731090247631073,0.0
lciba,/media/crk/vol3/rt/coco/val2017/000000225946.jpg,A train traveling through the countryside next to a dirt road.,4.427803307771683,0.0,0.5709715187549591,0.0
libragrad,/media/crk/vol3/rt/coco/val2017/000000225946.jpg,A train traveling through the countryside next to a dirt road.,4.449556767940521,0.0,0.0,100.0
fusion,/media/crk/vol3/rt/coco/val2017/000000225946.jpg,A train traveling through the countryside next to a dirt road.,0.26871245354413986,0.0,0.0,0.0
m2ib,/media/crk/vol3/rt/coco/val2017/000000571857.jpg,"In the desert, two people are sitting next to a small propeller plane next to a tent with other planes in the background.",4.437221214175224,0.0,0.1423693262040615,0.0
lciba,/media/crk/vol3/rt/coco/val2017/000000571857.jpg,"In the desert, two people are sitting next to a small propeller plane next to a tent with other planes in the background.",4.528192430734634,0.0,0.30639320611953735,0.0
libragrad,/media/crk/vol3/rt/coco/val2017/000000571857.jpg,"In the desert, two people are sitting next to a small propeller plane next to a tent with other planes in the background.",4.335421323776245,0.0,0.0,100.0
fusion,/media/crk/vol3/rt/coco/val2017/000000571857.jpg,"In the desert, two people are sitting next to a small propeller plane next to a tent with other planes in the background.",4.499288275837898,0.0,0.04707705229520798,0.0
m2ib,/media/crk/vol3/rt/coco/val2017/000000367228.jpg,Young man flying a kite over a grassy area by water.,1.9938275218009949,0.0,0.049980729818344116,0.0
lciba,/media/crk/vol3/rt/coco/val2017/000000367228.jpg,Young man flying a kite over a grassy area by water.,2.876942977309227,0.0,0.690411776304245,0.0
libragrad,/media/crk/vol3/rt/coco/val2017/000000367228.jpg,Young man flying a kite over a grassy area by water.,3.0218496918678284,0.0,0.0,0.0
fusion,/media/crk/vol3/rt/coco/val2017/000000367228.jpg,Young man flying a kite over a grassy area by water.,4.43943589925766,0.0,0.0,0.0
m2ib,/media/crk/vol3/rt/coco/val2017/000000528705.jpg,A brown bear sitting on top of a persons back.,0.0,100.0,1.7069974914193153,0.0
lciba,/media/crk/vol3/rt/coco/val2017/000000528705.jpg,A brown bear sitting on top of a persons back.,1.0112203657627106,0.0,1.674184389412403,0.0
libragrad,/media/crk/vol3/rt/coco/val2017/000000528705.jpg,A brown bear sitting on top of a persons back.,0.3242122009396553,0.0,0.0,0.0
fusion,/media/crk/vol3/rt/coco/val2017/000000528705.jpg,A brown bear sitting on top of a persons back.,0.5090571939945221,0.0,0.0,0.0
m2ib,/media/crk/vol3/rt/coco/val2017/000000002431.jpg,A plate on a wooden table full of bread.,0.0,100.0,0.039058178663253784,0.0
lciba,/media/crk/vol3/rt/coco/val2017/000000002431.jpg,A plate on a wooden table full of bread.,0.0,100.0,0.3397814929485321,0.0
libragrad,/media/crk/vol3/rt/coco/val2017/000000002431.jpg,A plate on a wooden table full of bread.,0.0,100.0,0.0,0.0
fusion,/media/crk/vol3/rt/coco/val2017/000000002431.jpg,A plate on a wooden table full of bread.,0.004439428448677063,0.0,0.008312612771987915,0.0
m2ib,/media/crk/vol3/rt/coco/val2017/000000084270.jpg,A crowded airport filled with people carrying luggage.,0.0,100.0,0.8702684193849564,0.0
lciba,/media/crk/vol3/rt/coco/val2017/000000084270.jpg,A crowded airport filled with people carrying luggage.,0.0,100.0,0.7031533867120743,0.0
libragrad,/media/crk/vol3/rt/coco/val2017/000000084270.jpg,A crowded airport filled with people carrying luggage.,0.0,100.0,0.0,0.0
fusion,/media/crk/vol3/rt/coco/val2017/000000084270.jpg,A crowded airport filled with people carrying luggage.,0.0,100.0,0.0,0.0
m2ib,/media/crk/vol3/rt/coco/val2017/000000369442.jpg,A group of people standing around a herd of animals in a city.,1.3797398656606674,0.0,0.0,100.0
lciba,/media/crk/vol3/rt/coco/val2017/000000369442.jpg,A group of people standing around a herd of animals in a city.,0.3502362873405218,0.0,0.2969691529870033,0.0
libragrad,/media/crk/vol3/rt/coco/val2017/000000369442.jpg,A group of people standing around a herd of animals in a city.,1.2319665402173996,0.0,0.0,0.0
fusion,/media/crk/vol3/rt/coco/val2017/000000369442.jpg,A group of people standing around a herd of animals in a city.,0.5591116845607758,0.0,1.943160593509674,0.0
m2ib,/media/crk/vol3/rt/coco/val2017/000000048555.jpg,A group of people on horses racing together.,0.0,100.0,1.6197051852941513,0.0
lciba,/media/crk/vol3/rt/coco/val2017/000000048555.jpg,A group of people on horses racing together.,0.0,100.0,0.0,100.0
libragrad,/media/crk/vol3/rt/coco/val2017/000000048555.jpg,A group of people on horses racing together.,0.030298158526420593,0.0,0.0,0.0
fusion,/media/crk/vol3/rt/coco/val2017/000000048555.jpg,A group of people on horses racing together.,0.0,100.0,0.0,100.0
m2ib,/media/crk/vol3/rt/coco/val2017/000000174482.jpg,a blue bike parked on a side walk ,2.2998761385679245,0.0,0.464098434895277,0.0
lciba,/media/crk/vol3/rt/coco/val2017/000000174482.jpg,a blue bike parked on a side walk ,1.452038250863552,0.0,0.43203532695770264,0.0
libragrad,/media/crk/vol3/rt/coco/val2017/000000174482.jpg,a blue bike parked on a side walk ,2.1876156330108643,0.0,0.0,0.0
fusion,/media/crk/vol3/rt/coco/val2017/000000174482.jpg,a blue bike parked on a side walk ,2.021045610308647,0.0,0.0,0.0
m2ib,/media/crk/vol3/rt/coco/val2017/000000491090.jpg,A man sitting on one of a group of motorcycles.,0.97242072224617,0.0,1.8211912363767624,0.0
lciba,/media/crk/vol3/rt/coco/val2017/000000491090.jpg,A man sitting on one of a group of motorcycles.,0.8432522416114807,0.0,1.9645676016807556,0.0
libragrad,/media/crk/vol3/rt/coco/val2017/000000491090.jpg,A man sitting on one of a group of motorcycles.,0.2103995531797409,0.0,0.0,0.0
fusion,/media/crk/vol3/rt/coco/val2017/000000491090.jpg,A man sitting on one of a group of motorcycles.,0.0,100.0,0.0,0.0
m2ib,/media/crk/vol3/rt/coco/val2017/000000525286.jpg,A large clock  is on the wall where the paint is peeling.,1.6147054731845856,0.0,0.0427907332777977,0.0
lciba,/media/crk/vol3/rt/coco/val2017/000000525286.jpg,A large clock  is on the wall where the paint is peeling.,2.212396077811718,0.0,0.41086506098508835,0.0
libragrad,/media/crk/vol3/rt/coco/val2017/000000525286.jpg,A large clock  is on the wall where the paint is peeling.,2.3496337234973907,0.0,0.0,0.0
fusion,/media/crk/vol3/rt/coco/val2017/000000525286.jpg,A large clock  is on the wall where the paint is peeling.,3.1872570514678955,0.0,0.01783818006515503,0.0
m2ib,/media/crk/vol3/rt/coco/val2017/000000133244.jpg,A man holding a tennis racquet on a tennis court.,0.0,100.0,0.11228788644075394,0.0
lciba,/media/crk/vol3/rt/coco/val2017/000000133244.jpg,A man holding a tennis racquet on a tennis court.,0.6233531981706619,0.0,0.2857876941561699,0.0
libragrad,/media/crk/vol3/rt/coco/val2017/000000133244.jpg,A man holding a tennis racquet on a tennis court.,2.1109402179718018,0.0,0.0,0.0
fusion,/media/crk/vol3/rt/coco/val2017/000000133244.jpg,A man holding a tennis racquet on a tennis court.,0.3878451883792877,0.0,0.0,0.0
m2ib,/media/crk/vol3/rt/coco/val2017/000000575081.jpg,A boy holding a game controller and playing a video game.,0.3715064376592636,0.0,0.015213340520858765,0.0
lciba,/media/crk/vol3/rt/coco/val2017/000000575081.jpg,A boy holding a game controller and playing a video game.,1.211448758840561,0.0,0.4346907138824463,0.0
libragrad,/media/crk/vol3/rt/coco/val2017/000000575081.jpg,A boy holding a game controller and playing a video game.,1.6308560967445374,0.0,0.0,0.0
fusion,/media/crk/vol3/rt/coco/val2017/000000575081.jpg,A boy holding a game controller and playing a video game.,2.7084579691290855,0.0,0.0,0.0
m2ib,/media/crk/vol3/rt/coco/val2017/000000289516.jpg,A clock sits above green bushes under a blue sky.,0.7151095196604729,0.0,0.08162576705217361,0.0
lciba,/media/crk/vol3/rt/coco/val2017/000000289516.jpg,A clock sits above green bushes under a blue sky.,1.3518314808607101,0.0,0.08972790092229843,0.0
libragrad,/media/crk/vol3/rt/coco/val2017/000000289516.jpg,A clock sits above green bushes under a blue sky.,0.5937885493040085,0.0,0.0,0.0
fusion,/media/crk/vol3/rt/coco/val2017/000000289516.jpg,A clock sits above green bushes under a blue sky.,2.056671306490898,0.0,0.0,0.0
m2ib,/media/crk/vol3/rt/coco/val2017/000000107087.jpg,A black cat sits in a car and looks out.,2.4129915982484818,0.0,0.07593128830194473,0.0
lciba,/media/crk/vol3/rt/coco/val2017/000000107087.jpg,A black cat sits in a car and looks out.,2.9618805274367332,0.0,2.6022879406809807,0.0
libragrad,/media/crk/vol3/rt/coco/val2017/000000107087.jpg,A black cat sits in a car and looks out.,2.471495419740677,0.0,0.0,0.0
fusion,/media/crk/vol3/rt/coco/val2017/000000107087.jpg,A black cat sits in a car and looks out.,2.689697779715061,0.0,2.309613861143589,0.0
m2ib,/media/crk/vol3/rt/coco/val2017/000000323202.jpg,A toilet that has three sea shells on top.,0.489266961812973,0.0,1.2181758880615234,0.0
lciba,/media/crk/vol3/rt/coco/val2017/000000323202.jpg,A toilet that has three sea shells on top.,1.2222766876220703,0.0,0.21929703652858734,0.0
libragrad,/media/crk/vol3/rt/coco/val2017/000000323202.jpg,A toilet that has three sea shells on top.,1.9184425473213196,0.0,0.0,0.0
fusion,/media/crk/vol3/rt/coco/val2017/000000323202.jpg,A toilet that has three sea shells on top.,5.1870886236429214,0.0,0.0,0.0
m2ib,/media/crk/vol3/rt/coco/val2017/000000119365.jpg,A couple of people with a laptop at a table.,1.7665505409240723,0.0,0.04771575331687927,0.0
lciba,/media/crk/vol3/rt/coco/val2017/000000119365.jpg,A couple of people with a laptop at a table.,1.4558248221874237,0.0,0.988750159740448,0.0
libragrad,/media/crk/vol3/rt/coco/val2017/000000119365.jpg,A couple of people with a laptop at a table.,3.417028486728668,0.0,0.0,0.0
fusion,/media/crk/vol3/rt/coco/val2017/000000119365.jpg,A couple of people with a laptop at a table.,4.0762972086668015,0.0,0.0,0.0
m2ib,/media/crk/vol3/rt/coco/val2017/000000564133.jpg,Some elephants walk together through the grass. ,0.081658735871315,0.0,1.4156647026538849,0.0
lciba,/media/crk/vol3/rt/coco/val2017/000000564133.jpg,Some elephants walk together through the grass. ,0.794466957449913,0.0,1.4133084565401077,0.0
libragrad,/media/crk/vol3/rt/coco/val2017/000000564133.jpg,Some elephants walk together through the grass. ,0.4248131066560745,0.0,0.0,0.0
fusion,/media/crk/vol3/rt/coco/val2017/000000564133.jpg,Some elephants walk together through the grass. ,0.0332297757267952,0.0,1.5980133786797523,0.0
m2ib,/media/crk/vol3/rt/coco/val2017/000000198510.jpg,A person holds a bag while walking on train tracks.,1.3478980399668217,0.0,0.6280409172177315,0.0
lciba,/media/crk/vol3/rt/coco/val2017/000000198510.jpg,A person holds a bag while walking on train tracks.,1.9345063716173172,0.0,0.3187177702784538,0.0
libragrad,/media/crk/vol3/rt/coco/val2017/000000198510.jpg,A person holds a bag while walking on train tracks.,1.3425365090370178,0.0,0.0,0.0
fusion,/media/crk/vol3/rt/coco/val2017/000000198510.jpg,A person holds a bag while walking on train tracks.,0.0,100.0,0.03254339098930359,0.0
m2ib,/media/crk/vol3/rt/coco/val2017/000000357941.jpg,Two televisions that are stacked on top of each other. ,2.85422932356596,0.0,0.01077987253665924,0.0
lciba,/media/crk/vol3/rt/coco/val2017/000000357941.jpg,Two televisions that are stacked on top of each other. ,4.559624940156937,0.0,0.0,100.0
libragrad,/media/crk/vol3/rt/coco/val2017/000000357941.jpg,Two televisions that are stacked on top of each other. ,4.780999198555946,0.0,0.0,100.0
fusion,/media/crk/vol3/rt/coco/val2017/000000357941.jpg,Two televisions that are stacked on top of each other. ,6.06435164809227,0.0,0.0,100.0
m2ib,/media/crk/vol3/rt/coco/val2017/000000104803.jpg,a toilet with glitter paint on it ,0.0,100.0,0.21768566220998764,0.0
lciba,/media/crk/vol3/rt/coco/val2017/000000104803.jpg,a toilet with glitter paint on it ,0.0,100.0,0.7560252211987972,0.0
libragrad,/media/crk/vol3/rt/coco/val2017/000000104803.jpg,a toilet with glitter paint on it ,0.0,100.0,0.0,0.0
fusion,/media/crk/vol3/rt/coco/val2017/000000104803.jpg,a toilet with glitter paint on it ,0.052885059267282486,0.0,0.0,0.0
m2ib,/media/crk/vol3/rt/coco/val2017/000000135670.jpg,A bike behind a rail for safety on a train ride.,0.0,100.0,0.7363752461969852,0.0
lciba,/media/crk/vol3/rt/coco/val2017/000000135670.jpg,A bike behind a rail for safety on a train ride.,1.0717515833675861,0.0,0.7541710510849953,0.0
libragrad,/media/crk/vol3/rt/coco/val2017/000000135670.jpg,A bike behind a rail for safety on a train ride.,0.7231988944113255,0.0,0.0,0.0
fusion,/media/crk/vol3/rt/coco/val2017/000000135670.jpg,A bike behind a rail for safety on a train ride.,2.616046741604805,0.0,0.0,0.0
m2ib,/media/crk/vol3/rt/coco/val2017/000000389109.jpg,Pizza on a table at an outdoor restaurant at night,0.0,100.0,1.3085786253213882,0.0
lciba,/media/crk/vol3/rt/coco/val2017/000000389109.jpg,Pizza on a table at an outdoor restaurant at night,0.0,100.0,1.3531798496842384,0.0
libragrad,/media/crk/vol3/rt/coco/val2017/000000389109.jpg,Pizza on a table at an outdoor restaurant at night,0.0,100.0,0.0,0.0
fusion,/media/crk/vol3/rt/coco/val2017/000000389109.jpg,Pizza on a table at an outdoor restaurant at night,0.0,100.0,0.01966143026947975,0.0
m2ib,/media/crk/vol3/rt/coco/val2017/000000410934.jpg,A broccoli plant has very large leaves. ,0.0,100.0,0.19701477140188217,0.0
lciba,/media/crk/vol3/rt/coco/val2017/000000410934.jpg,A broccoli plant has very large leaves. ,0.0,100.0,1.625145971775055,0.0
libragrad,/media/crk/vol3/rt/coco/val2017/000000410934.jpg,A broccoli plant has very large leaves. ,0.0,100.0,0.0,0.0
fusion,/media/crk/vol3/rt/coco/val2017/000000410934.jpg,A broccoli plant has very large leaves. ,0.0,100.0,0.0,0.0
m2ib,/media/crk/vol3/rt/coco/val2017/000000135872.jpg,A desk with both a laptop computer and a desktop computer.,2.6571400463581085,0.0,0.028495490550994873,0.0
lciba,/media/crk/vol3/rt/coco/val2017/000000135872.jpg,A desk with both a laptop computer and a desktop computer.,3.114858642220497,0.0,2.07739919424057,0.0
libragrad,/media/crk/vol3/rt/coco/val2017/000000135872.jpg,A desk with both a laptop computer and a desktop computer.,3.3589519560337067,0.0,0.0,0.0
fusion,/media/crk/vol3/rt/coco/val2017/000000135872.jpg,A desk with both a laptop computer and a desktop computer.,3.925107419490814,0.0,0.007421895861625671,0.0
m2ib,/media/crk/vol3/rt/coco/val2017/000000177893.jpg,a red and white passenger bus with a 'final destination 5' billboard on the side of it,4.09923829138279,0.0,0.4621346481144428,0.0
lciba,/media/crk/vol3/rt/coco/val2017/000000177893.jpg,a red and white passenger bus with a 'final destination 5' billboard on the side of it,3.6313388496637344,0.0,2.405259758234024,0.0
libragrad,/media/crk/vol3/rt/coco/val2017/000000177893.jpg,a red and white passenger bus with a 'final destination 5' billboard on the side of it,4.293486475944519,0.0,0.0,0.0
fusion,/media/crk/vol3/rt/coco/val2017/000000177893.jpg,a red and white passenger bus with a 'final destination 5' billboard on the side of it,2.059301733970642,0.0,0.029502762481570244,0.0
m2ib,/media/crk/vol3/rt/coco/val2017/000000336628.jpg,A man in dinosaur covered clown suit talking on a phone on a trolley,0.7073394954204559,0.0,0.014784932136535645,0.0
lciba,/media/crk/vol3/rt/coco/val2017/000000336628.jpg,A man in dinosaur covered clown suit talking on a phone on a trolley,1.2209637090563774,0.0,2.8581274673342705,0.0
libragrad,/media/crk/vol3/rt/coco/val2017/000000336628.jpg,A man in dinosaur covered clown suit talking on a phone on a trolley,0.0,100.0,0.0,0.0
fusion,/media/crk/vol3/rt/coco/val2017/000000336628.jpg,A man in dinosaur covered clown suit talking on a phone on a trolley,0.0,100.0,0.0,0.0
m2ib,/media/crk/vol3/rt/coco/val2017/000000126107.jpg,A bird that is flying over the sand.,0.516403466463089,0.0,0.047238171100616455,0.0
lciba,/media/crk/vol3/rt/coco/val2017/000000126107.jpg,A bird that is flying over the sand.,0.0,100.0,0.038496777415275574,0.0
libragrad,/media/crk/vol3/rt/coco/val2017/000000126107.jpg,A bird that is flying over the sand.,0.0,100.0,0.0,0.0
fusion,/media/crk/vol3/rt/coco/val2017/000000126107.jpg,A bird that is flying over the sand.,0.0,100.0,0.0,0.0
m2ib,/media/crk/vol3/rt/coco/val2017/000000263644.jpg,The antique bed has elaborate wood decoration on the frame..,0.0,100.0,0.0,100.0
lciba,/media/crk/vol3/rt/coco/val2017/000000263644.jpg,The antique bed has elaborate wood decoration on the frame..,0.0,100.0,0.0,100.0
libragrad,/media/crk/vol3/rt/coco/val2017/000000263644.jpg,The antique bed has elaborate wood decoration on the frame..,0.0,100.0,0.0,0.0
fusion,/media/crk/vol3/rt/coco/val2017/000000263644.jpg,The antique bed has elaborate wood decoration on the frame..,0.0,100.0,0.0,100.0
m2ib,/media/crk/vol3/rt/coco/val2017/000000491497.jpg,A fluffy white chair that faces away fro a television.,0.0,100.0,0.01985151320695877,0.0
lciba,/media/crk/vol3/rt/coco/val2017/000000491497.jpg,A fluffy white chair that faces away fro a television.,0.0,100.0,0.07247896865010262,0.0
libragrad,/media/crk/vol3/rt/coco/val2017/000000491497.jpg,A fluffy white chair that faces away fro a television.,0.0,100.0,0.0,0.0
fusion,/media/crk/vol3/rt/coco/val2017/000000491497.jpg,A fluffy white chair that faces away fro a television.,0.0,100.0,0.016782712191343307,0.0
m2ib,/media/crk/vol3/rt/coco/val2017/000000060507.jpg,A batter at a game playing in a baseball game.,1.7682243138551712,0.0,0.043702125549316406,0.0
lciba,/media/crk/vol3/rt/coco/val2017/000000060507.jpg,A batter at a game playing in a baseball game.,1.50563083589077,0.0,0.03741011023521423,0.0
libragrad,/media/crk/vol3/rt/coco/val2017/000000060507.jpg,A batter at a game playing in a baseball game.,1.5171680599451065,0.0,0.0,0.0
fusion,/media/crk/vol3/rt/coco/val2017/000000060507.jpg,A batter at a game playing in a baseball game.,3.240323066711426,0.0,0.0,0.0
m2ib,/media/crk/vol3/rt/coco/val2017/000000017379.jpg,a flat screen TV embedded in a restroom mirror.,2.7625972405076027,0.0,2.14247927069664,0.0
lciba,/media/crk/vol3/rt/coco/val2017/000000017379.jpg,a flat screen TV embedded in a restroom mirror.,3.4907564520835876,0.0,0.10275319218635559,0.0
libragrad,/media/crk/vol3/rt/coco/val2017/000000017379.jpg,a flat screen TV embedded in a restroom mirror.,1.941814087331295,0.0,0.0,0.0
fusion,/media/crk/vol3/rt/coco/val2017/000000017379.jpg,a flat screen TV embedded in a restroom mirror.,1.8550178036093712,0.0,0.01463964581489563,0.0
m2ib,/media/crk/vol3/rt/coco/val2017/000000300341.jpg,Two college age boys playing Wii while others look on ,0.0,100.0,0.0,100.0
lciba,/media/crk/vol3/rt/coco/val2017/000000300341.jpg,Two college age boys playing Wii while others look on ,0.0,100.0,0.4263014532625675,0.0
libragrad,/media/crk/vol3/rt/coco/val2017/000000300341.jpg,Two college age boys playing Wii while others look on ,0.10499861091375351,0.0,0.0,0.0
fusion,/media/crk/vol3/rt/coco/val2017/000000300341.jpg,Two college age boys playing Wii while others look on ,0.0,100.0,0.08857110515236855,0.0
m2ib,/media/crk/vol3/rt/coco/val2017/000000085157.jpg,A group of people are seated around a dining table.,0.0,100.0,1.8902286887168884,0.0
lciba,/media/crk/vol3/rt/coco/val2017/000000085157.jpg,A group of people are seated around a dining table.,0.0,100.0,1.8878834322094917,0.0
libragrad,/media/crk/vol3/rt/coco/val2017/000000085157.jpg,A group of people are seated around a dining table.,0.0,100.0,0.0,0.0
fusion,/media/crk/vol3/rt/coco/val2017/000000085157.jpg,A group of people are seated around a dining table.,0.20465105772018433,0.0,0.0,100.0
m2ib,/media/crk/vol3/rt/coco/val2017/000000022479.jpg,The skateboarder wears headphones while jumping to grab his board.,1.725579984486103,0.0,0.9399653412401676,0.0
lciba,/media/crk/vol3/rt/coco/val2017/000000022479.jpg,The skateboarder wears headphones while jumping to grab his board.,2.924191951751709,0.0,0.9233158081769943,0.0
libragrad,/media/crk/vol3/rt/coco/val2017/000000022479.jpg,The skateboarder wears headphones while jumping to grab his board.,3.9755336940288544,0.0,0.0,0.0
fusion,/media/crk/vol3/rt/coco/val2017/000000022479.jpg,The skateboarder wears headphones while jumping to grab his board.,3.588484972715378,0.0,0.6937803700566292,0.0
m2ib,/media/crk/vol3/rt/coco/val2017/000000262440.jpg,"A bathroom with a toilet, sink, bath tub, and a small cabinet.",0.3244517371058464,0.0,0.07315902039408684,0.0
lciba,/media/crk/vol3/rt/coco/val2017/000000262440.jpg,"A bathroom with a toilet, sink, bath tub, and a small cabinet.",1.0791823267936707,0.0,1.7482943832874298,0.0
libragrad,/media/crk/vol3/rt/coco/val2017/000000262440.jpg,"A bathroom with a toilet, sink, bath tub, and a small cabinet.",0.9865120053291321,0.0,0.0,0.0
fusion,/media/crk/vol3/rt/coco/val2017/000000262440.jpg,"A bathroom with a toilet, sink, bath tub, and a small cabinet.",1.2809919193387032,0.0,1.6770083457231522,0.0
m2ib,/media/crk/vol3/rt/coco/val2017/000000521717.jpg,A woman on a tennis court is swinging a racquet.,0.0,100.0,0.36102570593357086,0.0
lciba,/media/crk/vol3/rt/coco/val2017/000000521717.jpg,A woman on a tennis court is swinging a racquet.,0.0,100.0,0.0,100.0
libragrad,/media/crk/vol3/rt/coco/val2017/000000521717.jpg,A woman on a tennis court is swinging a racquet.,0.0,100.0,0.0,0.0
fusion,/media/crk/vol3/rt/coco/val2017/000000521717.jpg,A woman on a tennis court is swinging a racquet.,0.5933068692684174,0.0,0.0,0.0
m2ib,/media/crk/vol3/rt/coco/val2017/000000466339.jpg,A wooden door in front of an entrance next to a black cat.,0.16622180119156837,0.0,0.7980771362781525,0.0
lciba,/media/crk/vol3/rt/coco/val2017/000000466339.jpg,A wooden door in front of an entrance next to a black cat.,0.0,100.0,0.8342559449374676,0.0
libragrad,/media/crk/vol3/rt/coco/val2017/000000466339.jpg,A wooden door in front of an entrance next to a black cat.,0.04385039210319519,0.0,0.0,100.0
fusion,/media/crk/vol3/rt/coco/val2017/000000466339.jpg,A wooden door in front of an entrance next to a black cat.,1.3189108110964298,0.0,0.0,100.0
m2ib,/media/crk/vol3/rt/coco/val2017/000000507797.jpg,Two buses parked next to each other in front of a building.,2.0781274884939194,0.0,0.0015953555703163147,0.0
lciba,/media/crk/vol3/rt/coco/val2017/000000507797.jpg,Two buses parked next to each other in front of a building.,4.355379939079285,0.0,0.46094954013824463,0.0
libragrad,/media/crk/vol3/rt/coco/val2017/000000507797.jpg,Two buses parked next to each other in front of a building.,5.486766621470451,0.0,1.2439588084816933,0.0
fusion,/media/crk/vol3/rt/coco/val2017/000000507797.jpg,Two buses parked next to each other in front of a building.,5.337850004434586,0.0,0.0015953555703163147,0.0
m2ib,/media/crk/vol3/rt/coco/val2017/000000123480.jpg,A man taking a selfie while brushing his teeth and looking in the mirror ,0.0,100.0,0.027110613882541656,0.0
lciba,/media/crk/vol3/rt/coco/val2017/000000123480.jpg,A man taking a selfie while brushing his teeth and looking in the mirror ,0.0,100.0,0.8858509361743927,0.0
libragrad,/media/crk/vol3/rt/coco/val2017/000000123480.jpg,A man taking a selfie while brushing his teeth and looking in the mirror ,0.0,100.0,0.0,0.0
fusion,/media/crk/vol3/rt/coco/val2017/000000123480.jpg,A man taking a selfie while brushing his teeth and looking in the mirror ,0.0,100.0,0.0,0.0
m2ib,/media/crk/vol3/rt/coco/val2017/000000274708.jpg,Several people in skis standing on a snow covered incline.,2.668098732829094,0.0,0.12301178649067879,0.0
lciba,/media/crk/vol3/rt/coco/val2017/000000274708.jpg,Several people in skis standing on a snow covered incline.,1.6573172062635422,0.0,0.20039808005094528,0.0
libragrad,/media/crk/vol3/rt/coco/val2017/000000274708.jpg,Several people in skis standing on a snow covered incline.,1.8183467909693718,0.0,0.0,0.0
fusion,/media/crk/vol3/rt/coco/val2017/000000274708.jpg,Several people in skis standing on a snow covered incline.,0.8737553842365742,0.0,0.24931514635682106,0.0
m2ib,/media/crk/vol3/rt/coco/val2017/000000459500.jpg,A clock between two bronze flamingo statues on a black box.,0.0,100.0,2.008076012134552,0.0
lciba,/media/crk/vol3/rt/coco/val2017/000000459500.jpg,A clock between two bronze flamingo statues on a black box.,0.9173991158604622,0.0,0.21536238491535187,0.0
libragrad,/media/crk/vol3/rt/coco/val2017/000000459500.jpg,A clock between two bronze flamingo statues on a black box.,1.0534271597862244,0.0,0.0,0.0
fusion,/media/crk/vol3/rt/coco/val2017/000000459500.jpg,A clock between two bronze flamingo statues on a black box.,0.8404366672039032,0.0,0.0,0.0
m2ib,/media/crk/vol3/rt/coco/val2017/000000458410.jpg,A living room with an old fashioned TV and a couch.,2.703862078487873,0.0,0.9932847693562508,0.0
lciba,/media/crk/vol3/rt/coco/val2017/000000458410.jpg,A living room with an old fashioned TV and a couch.,2.7023810893297195,0.0,1.049171295017004,0.0
libragrad,/media/crk/vol3/rt/coco/val2017/000000458410.jpg,A living room with an old fashioned TV and a couch.,1.8927382305264473,0.0,0.0,0.0
fusion,/media/crk/vol3/rt/coco/val2017/000000458410.jpg,A living room with an old fashioned TV and a couch.,3.7970542907714844,0.0,0.9240582585334778,0.0
m2ib,/media/crk/vol3/rt/coco/val2017/000000307074.jpg,A traffic light hanging over a road at a cross walk.,1.0208792984485626,0.0,0.04609962925314903,0.0
lciba,/media/crk/vol3/rt/coco/val2017/000000307074.jpg,A traffic light hanging over a road at a cross walk.,0.9836692363023758,0.0,2.996985986828804,0.0
libragrad,/media/crk/vol3/rt/coco/val2017/000000307074.jpg,A traffic light hanging over a road at a cross walk.,1.1639684438705444,0.0,0.0,0.0
fusion,/media/crk/vol3/rt/coco/val2017/000000307074.jpg,A traffic light hanging over a road at a cross walk.,4.2131491005420685,0.0,0.0,0.0
m2ib,/media/crk/vol3/rt/coco/val2017/000000558213.jpg,A skateboarder doing a trick in a yard surrounded by a chain fence.,2.1523557603359222,0.0,1.5463482588529587,0.0
lciba,/media/crk/vol3/rt/coco/val2017/000000558213.jpg,A skateboarder doing a trick in a yard surrounded by a chain fence.,3.0110150575637817,0.0,1.6257045790553093,0.0
libragrad,/media/crk/vol3/rt/coco/val2017/000000558213.jpg,A skateboarder doing a trick in a yard surrounded by a chain fence.,3.592974692583084,0.0,0.0,0.0
fusion,/media/crk/vol3/rt/coco/val2017/000000558213.jpg,A skateboarder doing a trick in a yard surrounded by a chain fence.,4.595689475536346,0.0,1.477476954460144,0.0
m2ib,/media/crk/vol3/rt/coco/val2017/000000430961.jpg,A baseball player preparing to throw a pitch during a game.,1.4260182157158852,0.0,1.1162953451275826,0.0
lciba,/media/crk/vol3/rt/coco/val2017/000000430961.jpg,A baseball player preparing to throw a pitch during a game.,0.5116276443004608,0.0,1.1612270027399063,0.0
libragrad,/media/crk/vol3/rt/coco/val2017/000000430961.jpg,A baseball player preparing to throw a pitch during a game.,0.6463645026087761,0.0,0.0,0.0
fusion,/media/crk/vol3/rt/coco/val2017/000000430961.jpg,A baseball player preparing to throw a pitch during a game.,1.1994462460279465,0.0,0.023825839161872864,0.0
m2ib,/media/crk/vol3/rt/coco/val2017/000000468632.jpg,A group of young men standing on top of a soccer field.,4.462214559316635,0.0,0.0,100.0
lciba,/media/crk/vol3/rt/coco/val2017/000000468632.jpg,A group of young men standing on top of a soccer field.,5.773262679576874,0.0,1.7708264291286469,0.0
libragrad,/media/crk/vol3/rt/coco/val2017/000000468632.jpg,A group of young men standing on top of a soccer field.,6.507621705532074,0.0,0.0,0.0
fusion,/media/crk/vol3/rt/coco/val2017/000000468632.jpg,A group of young men standing on top of a soccer field.,6.526146084070206,0.0,0.0,0.0
m2ib,/media/crk/vol3/rt/coco/val2017/000000157767.jpg,A group of men standing around a table of food in wooden room.,0.0,100.0,0.07475074380636215,0.0
lciba,/media/crk/vol3/rt/coco/val2017/000000157767.jpg,A group of men standing around a table of food in wooden room.,0.3202207386493683,0.0,0.2669515088200569,0.0
libragrad,/media/crk/vol3/rt/coco/val2017/000000157767.jpg,A group of men standing around a table of food in wooden room.,0.4685398191213608,0.0,0.0,0.0
fusion,/media/crk/vol3/rt/coco/val2017/000000157767.jpg,A group of men standing around a table of food in wooden room.,0.0,100.0,0.026005692780017853,0.0
m2ib,/media/crk/vol3/rt/coco/val2017/000000514914.jpg,a fancy bathroom with some tile walls ,0.0,100.0,0.012626871466636658,0.0
lciba,/media/crk/vol3/rt/coco/val2017/000000514914.jpg,a fancy bathroom with some tile walls ,0.0,100.0,0.019118189811706543,0.0
libragrad,/media/crk/vol3/rt/coco/val2017/000000514914.jpg,a fancy bathroom with some tile walls ,0.0,100.0,0.0,0.0
fusion,/media/crk/vol3/rt/coco/val2017/000000514914.jpg,a fancy bathroom with some tile walls ,0.0,100.0,0.005357898771762848,0.0
m2ib,/media/crk/vol3/rt/coco/val2017/000000440507.jpg,a blue suitcase some shoes and a wooden table,1.0059025138616562,0.0,0.3073373809456825,0.0
lciba,/media/crk/vol3/rt/coco/val2017/000000440507.jpg,a blue suitcase some shoes and a wooden table,0.9009242989122868,0.0,0.3918703645467758,0.0
libragrad,/media/crk/vol3/rt/coco/val2017/000000440507.jpg,a blue suitcase some shoes and a wooden table,0.5067260935902596,0.0,0.0,0.0
fusion,/media/crk/vol3/rt/coco/val2017/000000440507.jpg,a blue suitcase some shoes and a wooden table,0.0,100.0,0.29008761048316956,0.0
m2ib,/media/crk/vol3/rt/coco/val2017/000000289417.jpg,A boy standing on skis in the snow.,1.699322834610939,0.0,0.0,100.0
lciba,/media/crk/vol3/rt/coco/val2017/000000289417.jpg,A boy standing on skis in the snow.,2.536218985915184,0.0,0.2560039982199669,0.0
libragrad,/media/crk/vol3/rt/coco/val2017/000000289417.jpg,A boy standing on skis in the snow.,2.1877724677324295,0.0,0.0,0.0
fusion,/media/crk/vol3/rt/coco/val2017/000000289417.jpg,A boy standing on skis in the snow.,2.398064360022545,0.0,0.0,0.0
m2ib,/media/crk/vol3/rt/coco/val2017/000000361919.jpg,A group of people skiing down the side of a snow covered mountain.,0.0,100.0,0.25946274399757385,0.0
lciba,/media/crk/vol3/rt/coco/val2017/000000361919.jpg,A group of people skiing down the side of a snow covered mountain.,0.0,100.0,0.3133511170744896,0.0
libragrad,/media/crk/vol3/rt/coco/val2017/000000361919.jpg,A group of people skiing down the side of a snow covered mountain.,0.0,100.0,0.0,0.0
fusion,/media/crk/vol3/rt/coco/val2017/000000361919.jpg,A group of people skiing down the side of a snow covered mountain.,0.0,100.0,0.04142206162214279,0.0
m2ib,/media/crk/vol3/rt/coco/val2017/000000234366.jpg,A clock tower in the middle of a town square.,0.0,100.0,0.0,0.0
lciba,/media/crk/vol3/rt/coco/val2017/000000234366.jpg,A clock tower in the middle of a town square.,0.0,100.0,0.28032660484313965,0.0
libragrad,/media/crk/vol3/rt/coco/val2017/000000234366.jpg,A clock tower in the middle of a town square.,0.0,100.0,0.0,0.0
fusion,/media/crk/vol3/rt/coco/val2017/000000234366.jpg,A clock tower in the middle of a town square.,0.0,100.0,0.0,0.0
m2ib,/media/crk/vol3/rt/coco/val2017/000000312213.jpg,A cat sitting by a laptop but staring at a person. ,0.0,100.0,0.0,100.0
lciba,/media/crk/vol3/rt/coco/val2017/000000312213.jpg,A cat sitting by a laptop but staring at a person. ,0.0,100.0,0.20367400720715523,0.0
libragrad,/media/crk/vol3/rt/coco/val2017/000000312213.jpg,A cat sitting by a laptop but staring at a person. ,0.6855275481939316,0.0,0.0,0.0
fusion,/media/crk/vol3/rt/coco/val2017/000000312213.jpg,A cat sitting by a laptop but staring at a person. ,0.7163334637880325,0.0,0.0014800578355789185,0.0
m2ib,/media/crk/vol3/rt/coco/val2017/000000009914.jpg,"A plate of food which includes onions, tomato, lettuce, sauce, fries, and a sandwich.",1.9435744732618332,0.0,1.3707220554351807,0.0
lciba,/media/crk/vol3/rt/coco/val2017/000000009914.jpg,"A plate of food which includes onions, tomato, lettuce, sauce, fries, and a sandwich.",0.8883118629455566,0.0,0.779964029788971,0.0
libragrad,/media/crk/vol3/rt/coco/val2017/000000009914.jpg,"A plate of food which includes onions, tomato, lettuce, sauce, fries, and a sandwich.",0.8407972753047943,0.0,0.0,0.0
fusion,/media/crk/vol3/rt/coco/val2017/000000009914.jpg,"A plate of food which includes onions, tomato, lettuce, sauce, fries, and a sandwich.",3.887607157230377,0.0,0.0,0.0
m2ib,/media/crk/vol3/rt/coco/val2017/000000014439.jpg,Some people in a grass field flying a kite in the sky.,3.8148052990436554,0.0,0.0,100.0
lciba,/media/crk/vol3/rt/coco/val2017/000000014439.jpg,Some people in a grass field flying a kite in the sky.,4.5112453401088715,0.0,0.0,100.0
libragrad,/media/crk/vol3/rt/coco/val2017/000000014439.jpg,Some people in a grass field flying a kite in the sky.,4.227660596370697,0.0,0.0,0.0
fusion,/media/crk/vol3/rt/coco/val2017/000000014439.jpg,Some people in a grass field flying a kite in the sky.,2.48219333589077,0.0,0.0,0.0
m2ib,/media/crk/vol3/rt/coco/val2017/000000122046.jpg,A woman is sitting in a chair with an umbrella.,0.4011196084320545,0.0,1.6208142042160034,0.0
lciba,/media/crk/vol3/rt/coco/val2017/000000122046.jpg,A woman is sitting in a chair with an umbrella.,1.4333869330585003,0.0,0.09936969727277756,0.0
libragrad,/media/crk/vol3/rt/coco/val2017/000000122046.jpg,A woman is sitting in a chair with an umbrella.,0.8723719976842403,0.0,0.0,0.0
fusion,/media/crk/vol3/rt/coco/val2017/000000122046.jpg,A woman is sitting in a chair with an umbrella.,0.3837200812995434,0.0,0.012573041021823883,0.0
m2ib,/media/crk/vol3/rt/coco/val2017/000000224093.jpg,A field with a bunch of cows grazing.,1.033679023385048,0.0,2.0254546776413918,0.0
lciba,/media/crk/vol3/rt/coco/val2017/000000224093.jpg,A field with a bunch of cows grazing.,0.18590278923511505,0.0,2.047969214618206,0.0
libragrad,/media/crk/vol3/rt/coco/val2017/000000224093.jpg,A field with a bunch of cows grazing.,0.6051775068044662,0.0,0.0,0.0
fusion,/media/crk/vol3/rt/coco/val2017/000000224093.jpg,A field with a bunch of cows grazing.,0.7131632417440414,0.0,0.0,100.0
m2ib,/media/crk/vol3/rt/coco/val2017/000000581206.jpg,A paper container filled with two hot dogs.,0.0,100.0,0.0,0.0
lciba,/media/crk/vol3/rt/coco/val2017/000000581206.jpg,A paper container filled with two hot dogs.,0.0,100.0,0.682537630200386,0.0
libragrad,/media/crk/vol3/rt/coco/val2017/000000581206.jpg,A paper container filled with two hot dogs.,0.0,100.0,0.0,0.0
fusion,/media/crk/vol3/rt/coco/val2017/000000581206.jpg,A paper container filled with two hot dogs.,0.0,100.0,0.0,0.0
m2ib,/media/crk/vol3/rt/coco/val2017/000000425226.jpg,A man kneeling down in front of a refrigerator.,0.0,100.0,0.0,100.0
lciba,/media/crk/vol3/rt/coco/val2017/000000425226.jpg,A man kneeling down in front of a refrigerator.,1.098964735865593,0.0,1.6957907006144524,0.0
libragrad,/media/crk/vol3/rt/coco/val2017/000000425226.jpg,A man kneeling down in front of a refrigerator.,0.9319234639406204,0.0,0.0,0.0
fusion,/media/crk/vol3/rt/coco/val2017/000000425226.jpg,A man kneeling down in front of a refrigerator.,2.433278039097786,0.0,0.0,0.0
m2ib,/media/crk/vol3/rt/coco/val2017/000000161008.jpg,A pair of scissors sitting on top of a wooden box.,0.0,100.0,0.438170600682497,0.0
lciba,/media/crk/vol3/rt/coco/val2017/000000161008.jpg,A pair of scissors sitting on top of a wooden box.,0.0,100.0,0.5612210370600224,0.0
libragrad,/media/crk/vol3/rt/coco/val2017/000000161008.jpg,A pair of scissors sitting on top of a wooden box.,0.0,100.0,0.0,0.0
fusion,/media/crk/vol3/rt/coco/val2017/000000161008.jpg,A pair of scissors sitting on top of a wooden box.,0.0,100.0,0.0,0.0
m2ib,/media/crk/vol3/rt/coco/val2017/000000577976.jpg,A utility truck is parked in the street beside traffic cones.,2.7300875633955,0.0,0.0,0.0
lciba,/media/crk/vol3/rt/coco/val2017/000000577976.jpg,A utility truck is parked in the street beside traffic cones.,2.435213327407837,0.0,0.6453011184930801,0.0
libragrad,/media/crk/vol3/rt/coco/val2017/000000577976.jpg,A utility truck is parked in the street beside traffic cones.,2.9558900743722916,0.0,0.0,0.0
fusion,/media/crk/vol3/rt/coco/val2017/000000577976.jpg,A utility truck is parked in the street beside traffic cones.,3.065232001245022,0.0,0.0,0.0
m2ib,/media/crk/vol3/rt/coco/val2017/000000177357.jpg,A surfer in the ocean trying not to wipeout.,0.0,100.0,0.04014763981103897,0.0
lciba,/media/crk/vol3/rt/coco/val2017/000000177357.jpg,A surfer in the ocean trying not to wipeout.,0.0,100.0,0.13786852359771729,0.0
libragrad,/media/crk/vol3/rt/coco/val2017/000000177357.jpg,A surfer in the ocean trying not to wipeout.,0.301956944167614,0.0,0.0,0.0
fusion,/media/crk/vol3/rt/coco/val2017/000000177357.jpg,A surfer in the ocean trying not to wipeout.,0.7681022398173809,0.0,0.005693361163139343,0.0
m2ib,/media/crk/vol3/rt/coco/val2017/000000200839.jpg,A library bus outside of an apartment building,2.8720900416374207,0.0,0.0,0.0
lciba,/media/crk/vol3/rt/coco/val2017/000000200839.jpg,A library bus outside of an apartment building,4.056001454591751,0.0,0.0,100.0
libragrad,/media/crk/vol3/rt/coco/val2017/000000200839.jpg,A library bus outside of an apartment building,3.633495047688484,0.0,0.0,0.0
fusion,/media/crk/vol3/rt/coco/val2017/000000200839.jpg,A library bus outside of an apartment building,3.3062580972909927,0.0,0.0,0.0
m2ib,/media/crk/vol3/rt/coco/val2017/000000260266.jpg,The traffic signal is at the intersection near a large building.,1.1458191089332104,0.0,0.024993624538183212,0.0
lciba,/media/crk/vol3/rt/coco/val2017/000000260266.jpg,The traffic signal is at the intersection near a large building.,1.5137364156544209,0.0,0.9743980132043362,0.0
libragrad,/media/crk/vol3/rt/coco/val2017/000000260266.jpg,The traffic signal is at the intersection near a large building.,1.0911430232226849,0.0,0.0,0.0
fusion,/media/crk/vol3/rt/coco/val2017/000000260266.jpg,The traffic signal is at the intersection near a large building.,0.690933782607317,0.0,0.0,0.0
m2ib,/media/crk/vol3/rt/coco/val2017/000000102356.jpg,Woman on a motorcycle with a sidecar in front of scenic backdrop in a showroom.,0.7904342375695705,0.0,0.09597931057214737,0.0
lciba,/media/crk/vol3/rt/coco/val2017/000000102356.jpg,Woman on a motorcycle with a sidecar in front of scenic backdrop in a showroom.,2.170288935303688,0.0,0.3506431356072426,0.0
libragrad,/media/crk/vol3/rt/coco/val2017/000000102356.jpg,Woman on a motorcycle with a sidecar in front of scenic backdrop in a showroom.,2.800537273287773,0.0,0.0,0.0
fusion,/media/crk/vol3/rt/coco/val2017/000000102356.jpg,Woman on a motorcycle with a sidecar in front of scenic backdrop in a showroom.,2.5815967470407486,0.0,0.006719864904880524,0.0
m2ib,/media/crk/vol3/rt/coco/val2017/000000182923.jpg,A woman swinging a tennis racquet on a tennis court.,0.0,100.0,0.0,100.0
lciba,/media/crk/vol3/rt/coco/val2017/000000182923.jpg,A woman swinging a tennis racquet on a tennis court.,0.1644844189286232,0.0,0.0,100.0
libragrad,/media/crk/vol3/rt/coco/val2017/000000182923.jpg,A woman swinging a tennis racquet on a tennis court.,0.8627798408269882,0.0,0.0,0.0
fusion,/media/crk/vol3/rt/coco/val2017/000000182923.jpg,A woman swinging a tennis racquet on a tennis court.,2.6541151106357574,0.0,0.18376968801021576,0.0
m2ib,/media/crk/vol3/rt/coco/val2017/000000472375.jpg,A small black and brown dog sitting next to a motorcycle.,0.33105872571468353,0.0,0.0,100.0
lciba,/media/crk/vol3/rt/coco/val2017/000000472375.jpg,A small black and brown dog sitting next to a motorcycle.,1.1249182745814323,0.0,0.2154666930437088,0.0
libragrad,/media/crk/vol3/rt/coco/val2017/000000472375.jpg,A small black and brown dog sitting next to a motorcycle.,1.206238567829132,0.0,0.0,0.0
fusion,/media/crk/vol3/rt/coco/val2017/000000472375.jpg,A small black and brown dog sitting next to a motorcycle.,1.2563865631818771,0.0,0.02373289316892624,0.0
m2ib,/media/crk/vol3/rt/coco/val2017/000000190753.jpg,There is a group of four men sitting on park benches.,0.0,100.0,0.618265476077795,0.0
lciba,/media/crk/vol3/rt/coco/val2017/000000190753.jpg,There is a group of four men sitting on park benches.,1.2464058585464954,0.0,0.2518201246857643,0.0
libragrad,/media/crk/vol3/rt/coco/val2017/000000190753.jpg,There is a group of four men sitting on park benches.,0.9311972185969353,0.0,0.0,0.0
fusion,/media/crk/vol3/rt/coco/val2017/000000190753.jpg,There is a group of four men sitting on park benches.,0.0,100.0,0.5943584255874157,0.0
m2ib,/media/crk/vol3/rt/coco/val2017/000000253433.jpg,a little teddy bear dressed in some BDSM gear and chains ,0.0,100.0,0.10204948484897614,0.0
lciba,/media/crk/vol3/rt/coco/val2017/000000253433.jpg,a little teddy bear dressed in some BDSM gear and chains ,0.0,100.0,0.17520487308502197,0.0
libragrad,/media/crk/vol3/rt/coco/val2017/000000253433.jpg,a little teddy bear dressed in some BDSM gear and chains ,0.0,100.0,0.0,0.0
fusion,/media/crk/vol3/rt/coco/val2017/000000253433.jpg,a little teddy bear dressed in some BDSM gear and chains ,0.0,100.0,0.0,0.0
m2ib,/media/crk/vol3/rt/coco/val2017/000000404191.jpg,A refrigerator freezer sitting in a yellow kitchen.,1.8751565366983414,0.0,1.1366263031959534,0.0
lciba,/media/crk/vol3/rt/coco/val2017/000000404191.jpg,A refrigerator freezer sitting in a yellow kitchen.,0.7967814803123474,0.0,1.463542878627777,0.0
libragrad,/media/crk/vol3/rt/coco/val2017/000000404191.jpg,A refrigerator freezer sitting in a yellow kitchen.,2.779611200094223,0.0,0.0,0.0
fusion,/media/crk/vol3/rt/coco/val2017/000000404191.jpg,A refrigerator freezer sitting in a yellow kitchen.,5.273956432938576,0.0,1.1701595038175583,0.0
m2ib,/media/crk/vol3/rt/coco/val2017/000000411665.jpg,A cat playing with it's reflection in a mirror.,0.0,100.0,0.06615370512008667,0.0
lciba,/media/crk/vol3/rt/coco/val2017/000000411665.jpg,A cat playing with it's reflection in a mirror.,0.0,100.0,1.3802457600831985,0.0
libragrad,/media/crk/vol3/rt/coco/val2017/000000411665.jpg,A cat playing with it's reflection in a mirror.,0.0,100.0,0.0,0.0
fusion,/media/crk/vol3/rt/coco/val2017/000000411665.jpg,A cat playing with it's reflection in a mirror.,0.0,100.0,0.0,0.0
m2ib,/media/crk/vol3/rt/coco/val2017/000000250766.jpg,Meat and a salad with knife and fork on a plate.,0.0,100.0,0.0,0.0
lciba,/media/crk/vol3/rt/coco/val2017/000000250766.jpg,Meat and a salad with knife and fork on a plate.,0.0,100.0,0.03506392240524292,0.0
libragrad,/media/crk/vol3/rt/coco/val2017/000000250766.jpg,Meat and a salad with knife and fork on a plate.,0.0,100.0,0.0,0.0
fusion,/media/crk/vol3/rt/coco/val2017/000000250766.jpg,Meat and a salad with knife and fork on a plate.,0.3664247691631317,0.0,0.0,0.0
m2ib,/media/crk/vol3/rt/coco/val2017/000000162581.jpg,A man wearing a white tshirt hits a tennis ball.,0.0,100.0,0.0,100.0
lciba,/media/crk/vol3/rt/coco/val2017/000000162581.jpg,A man wearing a white tshirt hits a tennis ball.,0.0,100.0,0.0,100.0
libragrad,/media/crk/vol3/rt/coco/val2017/000000162581.jpg,A man wearing a white tshirt hits a tennis ball.,0.0,100.0,0.0,0.0
fusion,/media/crk/vol3/rt/coco/val2017/000000162581.jpg,A man wearing a white tshirt hits a tennis ball.,0.0,100.0,0.0,100.0
m2ib,/media/crk/vol3/rt/coco/val2017/000000147729.jpg,People gathered taking pictures with a cell phone.,2.4534638971090317,0.0,0.01597609370946884,0.0
lciba,/media/crk/vol3/rt/coco/val2017/000000147729.jpg,People gathered taking pictures with a cell phone.,1.0054122656583786,0.0,0.0,100.0
libragrad,/media/crk/vol3/rt/coco/val2017/000000147729.jpg,People gathered taking pictures with a cell phone.,1.8211010843515396,0.0,0.0,0.0
fusion,/media/crk/vol3/rt/coco/val2017/000000147729.jpg,People gathered taking pictures with a cell phone.,2.1412137895822525,0.0,0.0,0.0
m2ib,/media/crk/vol3/rt/coco/val2017/000000506178.jpg,Blurry image of men in living room playing a stand-up video game.,0.0,100.0,0.2563796006143093,0.0
lciba,/media/crk/vol3/rt/coco/val2017/000000506178.jpg,Blurry image of men in living room playing a stand-up video game.,0.0,100.0,0.0,100.0
libragrad,/media/crk/vol3/rt/coco/val2017/000000506178.jpg,Blurry image of men in living room playing a stand-up video game.,0.0,100.0,0.0,0.0
fusion,/media/crk/vol3/rt/coco/val2017/000000506178.jpg,Blurry image of men in living room playing a stand-up video game.,0.0,100.0,0.01284237951040268,0.0
m2ib,/media/crk/vol3/rt/coco/val2017/000000036861.jpg,A parking meter on the side of the street with a ring for attaching bicycles.,0.0,100.0,0.08572908118367195,0.0
lciba,/media/crk/vol3/rt/coco/val2017/000000036861.jpg,A parking meter on the side of the street with a ring for attaching bicycles.,0.5692264065146446,0.0,3.3144332468509674,0.0
libragrad,/media/crk/vol3/rt/coco/val2017/000000036861.jpg,A parking meter on the side of the street with a ring for attaching bicycles.,1.5934702008962631,0.0,0.0,0.0
fusion,/media/crk/vol3/rt/coco/val2017/000000036861.jpg,A parking meter on the side of the street with a ring for attaching bicycles.,1.684490218758583,0.0,0.0,0.0
m2ib,/media/crk/vol3/rt/coco/val2017/000000054654.jpg,The woman is dipping food out of the pot to eat.,0.0,100.0,0.18352679908275604,0.0
lciba,/media/crk/vol3/rt/coco/val2017/000000054654.jpg,The woman is dipping food out of the pot to eat.,0.0,100.0,0.0,100.0
libragrad,/media/crk/vol3/rt/coco/val2017/000000054654.jpg,The woman is dipping food out of the pot to eat.,0.0,100.0,0.0,0.0
fusion,/media/crk/vol3/rt/coco/val2017/000000054654.jpg,The woman is dipping food out of the pot to eat.,3.9923377335071564,0.0,0.06677806377410889,0.0
m2ib,/media/crk/vol3/rt/coco/val2017/000000080949.jpg,A KITTEN NAPPING ON THE KEYBOARD OF A LAPTOP.,0.0,100.0,0.09010918438434601,0.0
lciba,/media/crk/vol3/rt/coco/val2017/000000080949.jpg,A KITTEN NAPPING ON THE KEYBOARD OF A LAPTOP.,0.0,100.0,0.24603549391031265,0.0
libragrad,/media/crk/vol3/rt/coco/val2017/000000080949.jpg,A KITTEN NAPPING ON THE KEYBOARD OF A LAPTOP.,0.0,100.0,0.0,0.0
fusion,/media/crk/vol3/rt/coco/val2017/000000080949.jpg,A KITTEN NAPPING ON THE KEYBOARD OF A LAPTOP.,0.6306569091975689,0.0,0.0,0.0
m2ib,/media/crk/vol3/rt/coco/val2017/000000473219.jpg,A man and woman look into each others eyes while getting married.,2.7743667364120483,0.0,2.4115845561027527,0.0
lciba,/media/crk/vol3/rt/coco/val2017/000000473219.jpg,A man and woman look into each others eyes while getting married.,3.4191198647022247,0.0,2.3421794176101685,0.0
libragrad,/media/crk/vol3/rt/coco/val2017/000000473219.jpg,A man and woman look into each others eyes while getting married.,3.2679930329322815,0.0,0.0,0.0
fusion,/media/crk/vol3/rt/coco/val2017/000000473219.jpg,A man and woman look into each others eyes while getting married.,4.212050884962082,0.0,0.013416633009910583,0.0
m2ib,/media/crk/vol3/rt/coco/val2017/000000500478.jpg,A baseball player is winding up for the pitch.,0.0,100.0,0.26960745453834534,0.0
lciba,/media/crk/vol3/rt/coco/val2017/000000500478.jpg,A baseball player is winding up for the pitch.,0.0,100.0,0.25305338203907013,0.0
libragrad,/media/crk/vol3/rt/coco/val2017/000000500478.jpg,A baseball player is winding up for the pitch.,0.0,100.0,0.0,0.0
fusion,/media/crk/vol3/rt/coco/val2017/000000500478.jpg,A baseball player is winding up for the pitch.,0.0,100.0,0.015668757259845734,0.0
m2ib,/media/crk/vol3/rt/coco/val2017/000000145620.jpg,a black and white photo of a person riding a dirt bike,0.891544483602047,0.0,1.6394402831792831,0.0
lciba,/media/crk/vol3/rt/coco/val2017/000000145620.jpg,a black and white photo of a person riding a dirt bike,2.0184189081192017,0.0,0.025529321283102036,0.0
libragrad,/media/crk/vol3/rt/coco/val2017/000000145620.jpg,a black and white photo of a person riding a dirt bike,2.565089240670204,0.0,0.0,0.0
fusion,/media/crk/vol3/rt/coco/val2017/000000145620.jpg,a black and white photo of a person riding a dirt bike,1.5552418306469917,0.0,0.0,0.0
m2ib,/media/crk/vol3/rt/coco/val2017/000000084170.jpg,a red and white bus and some cars in the rain,2.308044955134392,0.0,0.008971896022558212,0.0
lciba,/media/crk/vol3/rt/coco/val2017/000000084170.jpg,a red and white bus and some cars in the rain,3.5462595522403717,0.0,1.9321724772453308,0.0
libragrad,/media/crk/vol3/rt/coco/val2017/000000084170.jpg,a red and white bus and some cars in the rain,3.419528529047966,0.0,0.0,0.0
fusion,/media/crk/vol3/rt/coco/val2017/000000084170.jpg,a red and white bus and some cars in the rain,5.398010089993477,0.0,0.0,0.0
m2ib,/media/crk/vol3/rt/coco/val2017/000000164637.jpg,A picture of pink bathroom sink and a mirror.,0.6716088391840458,0.0,0.6873996928334236,0.0
lciba,/media/crk/vol3/rt/coco/val2017/000000164637.jpg,A picture of pink bathroom sink and a mirror.,0.8352507837116718,0.0,0.08804313838481903,0.0
libragrad,/media/crk/vol3/rt/coco/val2017/000000164637.jpg,A picture of pink bathroom sink and a mirror.,0.9100017137825489,0.0,0.0,0.0
fusion,/media/crk/vol3/rt/coco/val2017/000000164637.jpg,A picture of pink bathroom sink and a mirror.,0.2915537916123867,0.0,0.0,0.0
m2ib,/media/crk/vol3/rt/coco/val2017/000000522713.jpg, a bench sitting in the grass facing the water and boats ,3.170526772737503,0.0,0.5616147071123123,0.0
lciba,/media/crk/vol3/rt/coco/val2017/000000522713.jpg, a bench sitting in the grass facing the water and boats ,4.027671366930008,0.0,0.5581885576248169,0.0
libragrad,/media/crk/vol3/rt/coco/val2017/000000522713.jpg, a bench sitting in the grass facing the water and boats ,4.184617847204208,0.0,0.0,0.0
fusion,/media/crk/vol3/rt/coco/val2017/000000522713.jpg, a bench sitting in the grass facing the water and boats ,4.889582097530365,0.0,0.02948679029941559,0.0
m2ib,/media/crk/vol3/rt/coco/val2017/000000322844.jpg,there are two stuffed animals on a wooden bench,1.1031335219740868,0.0,0.0,100.0
lciba,/media/crk/vol3/rt/coco/val2017/000000322844.jpg,there are two stuffed animals on a wooden bench,0.0,100.0,0.41435854509472847,0.0
libragrad,/media/crk/vol3/rt/coco/val2017/000000322844.jpg,there are two stuffed animals on a wooden bench,0.38471478037536144,0.0,0.0,0.0
fusion,/media/crk/vol3/rt/coco/val2017/000000322844.jpg,there are two stuffed animals on a wooden bench,0.0,100.0,0.01564938575029373,0.0
m2ib,/media/crk/vol3/rt/coco/val2017/000000087038.jpg,A person on a skateboard and bike at a skate park.,0.9443663060665131,0.0,0.030850805342197418,0.0
lciba,/media/crk/vol3/rt/coco/val2017/000000087038.jpg,A person on a skateboard and bike at a skate park.,1.4650791883468628,0.0,0.09833555668592453,0.0
libragrad,/media/crk/vol3/rt/coco/val2017/000000087038.jpg,A person on a skateboard and bike at a skate park.,2.1576587110757828,0.0,0.0,0.0
fusion,/media/crk/vol3/rt/coco/val2017/000000087038.jpg,A person on a skateboard and bike at a skate park.,2.483103796839714,0.0,0.0,0.0
m2ib,/media/crk/vol3/rt/coco/val2017/000000140556.jpg,these man are standing near a fire hydrant,1.4112923294305801,0.0,0.1785246655344963,0.0
lciba,/media/crk/vol3/rt/coco/val2017/000000140556.jpg,these man are standing near a fire hydrant,1.3219665735960007,0.0,1.5433134511113167,0.0
libragrad,/media/crk/vol3/rt/coco/val2017/000000140556.jpg,these man are standing near a fire hydrant,1.798008754849434,0.0,0.0,0.0
fusion,/media/crk/vol3/rt/coco/val2017/000000140556.jpg,these man are standing near a fire hydrant,3.3545371145009995,0.0,0.0,0.0
m2ib,/media/crk/vol3/rt/coco/val2017/000000309452.jpg,The bird has a black head and yellow feathers.,1.0993223637342453,0.0,0.0,0.0
lciba,/media/crk/vol3/rt/coco/val2017/000000309452.jpg,The bird has a black head and yellow feathers.,0.5836386233568192,0.0,0.0,100.0
libragrad,/media/crk/vol3/rt/coco/val2017/000000309452.jpg,The bird has a black head and yellow feathers.,0.0,100.0,0.0,0.0
fusion,/media/crk/vol3/rt/coco/val2017/000000309452.jpg,The bird has a black head and yellow feathers.,0.0,100.0,0.0,0.0
m2ib,/media/crk/vol3/rt/coco/val2017/000000463527.jpg,"A blue and black ray holding sandwich, coffee and liquor bottles.",0.0,100.0,0.0,0.0
lciba,/media/crk/vol3/rt/coco/val2017/000000463527.jpg,"A blue and black ray holding sandwich, coffee and liquor bottles.",0.0,100.0,0.019428133964538574,0.0
libragrad,/media/crk/vol3/rt/coco/val2017/000000463527.jpg,"A blue and black ray holding sandwich, coffee and liquor bottles.",0.0,100.0,0.0,0.0
fusion,/media/crk/vol3/rt/coco/val2017/000000463527.jpg,"A blue and black ray holding sandwich, coffee and liquor bottles.",1.902444288134575,0.0,0.0,0.0
m2ib,/media/crk/vol3/rt/coco/val2017/000000153568.jpg,A close up of a stop sign with two hand written notes taped to it.,0.0,100.0,0.11290982365608215,0.0
lciba,/media/crk/vol3/rt/coco/val2017/000000153568.jpg,A close up of a stop sign with two hand written notes taped to it.,0.0,100.0,0.6761807948350906,0.0
libragrad,/media/crk/vol3/rt/coco/val2017/000000153568.jpg,A close up of a stop sign with two hand written notes taped to it.,0.0,100.0,0.0,0.0
fusion,/media/crk/vol3/rt/coco/val2017/000000153568.jpg,A close up of a stop sign with two hand written notes taped to it.,0.0,100.0,0.019059330224990845,0.0
m2ib,/media/crk/vol3/rt/coco/val2017/000000555412.jpg,A pizza covered in lots of greens on top of a table.,2.7264198288321495,0.0,0.1988106407225132,0.0
lciba,/media/crk/vol3/rt/coco/val2017/000000555412.jpg,A pizza covered in lots of greens on top of a table.,0.328310951590538,0.0,0.10281028226017952,0.0
libragrad,/media/crk/vol3/rt/coco/val2017/000000555412.jpg,A pizza covered in lots of greens on top of a table.,0.571802444756031,0.0,0.0,100.0
fusion,/media/crk/vol3/rt/coco/val2017/000000555412.jpg,A pizza covered in lots of greens on top of a table.,2.702430635690689,0.0,0.0,100.0
m2ib,/media/crk/vol3/rt/coco/val2017/000000338718.jpg,A street sign reading Cambridge st and Norfolk st's crossing lies broken on the ground. ,1.5920035541057587,0.0,0.06906259804964066,0.0
lciba,/media/crk/vol3/rt/coco/val2017/000000338718.jpg,A street sign reading Cambridge st and Norfolk st's crossing lies broken on the ground. ,0.4367334768176079,0.0,2.877582050859928,0.0
libragrad,/media/crk/vol3/rt/coco/val2017/000000338718.jpg,A street sign reading Cambridge st and Norfolk st's crossing lies broken on the ground. ,1.0933170095086098,0.0,0.0,0.0
fusion,/media/crk/vol3/rt/coco/val2017/000000338718.jpg,A street sign reading Cambridge st and Norfolk st's crossing lies broken on the ground. ,4.088699817657471,0.0,0.017191655933856964,0.0
m2ib,/media/crk/vol3/rt/coco/val2017/000000465675.jpg,A beach with two boats and a tractor.,2.6279136538505554,0.0,2.0914901047945023,0.0
lciba,/media/crk/vol3/rt/coco/val2017/000000465675.jpg,A beach with two boats and a tractor.,3.7261884659528732,0.0,0.13166144490242004,0.0
libragrad,/media/crk/vol3/rt/coco/val2017/000000465675.jpg,A beach with two boats and a tractor.,3.6562111228704453,0.0,0.0,0.0
fusion,/media/crk/vol3/rt/coco/val2017/000000465675.jpg,A beach with two boats and a tractor.,1.6743363812565804,0.0,2.057478576898575,0.0
m2ib,/media/crk/vol3/rt/coco/val2017/000000025393.jpg,a couple of men in ties are outside,0.9448595345020294,0.0,1.616549864411354,0.0
lciba,/media/crk/vol3/rt/coco/val2017/000000025393.jpg,a couple of men in ties are outside,0.0,100.0,0.0,100.0
libragrad,/media/crk/vol3/rt/coco/val2017/000000025393.jpg,a couple of men in ties are outside,0.0,100.0,0.0,0.0
fusion,/media/crk/vol3/rt/coco/val2017/000000025393.jpg,a couple of men in ties are outside,0.8181646466255188,0.0,0.02763606607913971,0.0
m2ib,/media/crk/vol3/rt/coco/val2017/000000456292.jpg,A cat climbing into a cat door on a wall.,5.088374391198158,0.0,0.1887775957584381,0.0
lciba,/media/crk/vol3/rt/coco/val2017/000000456292.jpg,A cat climbing into a cat door on a wall.,6.216288357973099,0.0,1.9944578409194946,0.0
libragrad,/media/crk/vol3/rt/coco/val2017/000000456292.jpg,A cat climbing into a cat door on a wall.,4.579848423600197,0.0,0.0,0.0
fusion,/media/crk/vol3/rt/coco/val2017/000000456292.jpg,A cat climbing into a cat door on a wall.,7.2381287813186646,0.0,0.031200796365737915,0.0
m2ib,/media/crk/vol3/rt/coco/val2017/000000322724.jpg,a man that is skiing down a snowy field,0.0,100.0,0.0,100.0
lciba,/media/crk/vol3/rt/coco/val2017/000000322724.jpg,a man that is skiing down a snowy field,1.203257031738758,0.0,0.0,100.0
libragrad,/media/crk/vol3/rt/coco/val2017/000000322724.jpg,a man that is skiing down a snowy field,0.6457073614001274,0.0,0.0,0.0
fusion,/media/crk/vol3/rt/coco/val2017/000000322724.jpg,a man that is skiing down a snowy field,0.26833396404981613,0.0,0.0,0.0
m2ib,/media/crk/vol3/rt/coco/val2017/000000022705.jpg,The woman in the dress is holding her drink.,0.20990706980228424,0.0,0.0,100.0
lciba,/media/crk/vol3/rt/coco/val2017/000000022705.jpg,The woman in the dress is holding her drink.,3.3288955688476562,0.0,0.0,100.0
libragrad,/media/crk/vol3/rt/coco/val2017/000000022705.jpg,The woman in the dress is holding her drink.,2.901710942387581,0.0,0.0,0.0
fusion,/media/crk/vol3/rt/coco/val2017/000000022705.jpg,The woman in the dress is holding her drink.,4.266862943768501,0.0,0.0,0.0
m2ib,/media/crk/vol3/rt/coco/val2017/000000056344.jpg,Two computer monitors on a desk with a keyboard and mouse,2.0461881533265114,0.0,0.01303497701883316,0.0
lciba,/media/crk/vol3/rt/coco/val2017/000000056344.jpg,Two computer monitors on a desk with a keyboard and mouse,1.9066097214818,0.0,0.40311235934495926,0.0
libragrad,/media/crk/vol3/rt/coco/val2017/000000056344.jpg,Two computer monitors on a desk with a keyboard and mouse,1.8516771495342255,0.0,0.0,0.0
fusion,/media/crk/vol3/rt/coco/val2017/000000056344.jpg,Two computer monitors on a desk with a keyboard and mouse,2.853464148938656,0.0,0.0,0.0
m2ib,/media/crk/vol3/rt/coco/val2017/000000236599.jpg,People hold flying kites in the air by the water,0.0,100.0,0.0,100.0
lciba,/media/crk/vol3/rt/coco/val2017/000000236599.jpg,People hold flying kites in the air by the water,0.258718803524971,0.0,0.6142552942037582,0.0
libragrad,/media/crk/vol3/rt/coco/val2017/000000236599.jpg,People hold flying kites in the air by the water,0.14322921633720398,0.0,0.0,0.0
fusion,/media/crk/vol3/rt/coco/val2017/000000236599.jpg,People hold flying kites in the air by the water,3.9619505405426025,0.0,0.0,0.0
m2ib,/media/crk/vol3/rt/coco/val2017/000000450758.jpg,A herd of giraffe running across a field.,1.709357276558876,0.0,0.01875525340437889,0.0
lciba,/media/crk/vol3/rt/coco/val2017/000000450758.jpg,A herd of giraffe running across a field.,0.9016387164592743,0.0,0.02948800101876259,0.0
libragrad,/media/crk/vol3/rt/coco/val2017/000000450758.jpg,A herd of giraffe running across a field.,0.058483704924583435,0.0,0.0,0.0
fusion,/media/crk/vol3/rt/coco/val2017/000000450758.jpg,A herd of giraffe running across a field.,0.0,100.0,1.0985522530972958,0.0
m2ib,/media/crk/vol3/rt/coco/val2017/000000223747.jpg,a man sleeping with his cat next to him,0.0,100.0,0.0,100.0
lciba,/media/crk/vol3/rt/coco/val2017/000000223747.jpg,a man sleeping with his cat next to him,0.0,100.0,0.40337443351745605,0.0
libragrad,/media/crk/vol3/rt/coco/val2017/000000223747.jpg,a man sleeping with his cat next to him,0.0,100.0,0.0,100.0
fusion,/media/crk/vol3/rt/coco/val2017/000000223747.jpg,a man sleeping with his cat next to him,0.0,100.0,0.0,100.0
m2ib,/media/crk/vol3/rt/coco/val2017/000000417911.jpg,A man in a wetsuit surfing a wave on a surf board.,0.16280245035886765,0.0,0.04926435649394989,0.0
lciba,/media/crk/vol3/rt/coco/val2017/000000417911.jpg,A man in a wetsuit surfing a wave on a surf board.,1.4263443648815155,0.0,0.6248157471418381,0.0
libragrad,/media/crk/vol3/rt/coco/val2017/000000417911.jpg,A man in a wetsuit surfing a wave on a surf board.,0.932098925113678,0.0,0.0,0.0
fusion,/media/crk/vol3/rt/coco/val2017/000000417911.jpg,A man in a wetsuit surfing a wave on a surf board.,1.8965383991599083,0.0,0.027424469590187073,0.0
m2ib,/media/crk/vol3/rt/coco/val2017/000000508370.jpg,A bicycle parked on top of a baby dolls head.,1.1705784127116203,0.0,0.0,100.0
lciba,/media/crk/vol3/rt/coco/val2017/000000508370.jpg,A bicycle parked on top of a baby dolls head.,1.3337330892682076,0.0,0.0,100.0
libragrad,/media/crk/vol3/rt/coco/val2017/000000508370.jpg,A bicycle parked on top of a baby dolls head.,0.19999612122774124,0.0,0.0,0.0
fusion,/media/crk/vol3/rt/coco/val2017/000000508370.jpg,A bicycle parked on top of a baby dolls head.,0.0,100.0,0.052247196435928345,0.0
m2ib,/media/crk/vol3/rt/coco/val2017/000000177714.jpg,A plate of cooked food in seen in this image.,0.0,100.0,0.0,100.0
lciba,/media/crk/vol3/rt/coco/val2017/000000177714.jpg,A plate of cooked food in seen in this image.,0.13382919132709503,0.0,0.23371167480945587,0.0
libragrad,/media/crk/vol3/rt/coco/val2017/000000177714.jpg,A plate of cooked food in seen in this image.,0.08678324520587921,0.0,0.0,0.0
fusion,/media/crk/vol3/rt/coco/val2017/000000177714.jpg,A plate of cooked food in seen in this image.,0.7941059768199921,0.0,0.018654391169548035,0.0
m2ib,/media/crk/vol3/rt/coco/val2017/000000406417.jpg,three little kids that have different ties on,0.20113904029130936,0.0,0.0,100.0
lciba,/media/crk/vol3/rt/coco/val2017/000000406417.jpg,three little kids that have different ties on,0.30596721917390823,0.0,0.0,100.0
libragrad,/media/crk/vol3/rt/coco/val2017/000000406417.jpg,three little kids that have different ties on,0.47547630965709686,0.0,0.0,0.0
fusion,/media/crk/vol3/rt/coco/val2017/000000406417.jpg,three little kids that have different ties on,0.6782213225960732,0.0,0.0,100.0
m2ib,/media/crk/vol3/rt/coco/val2017/000000512330.jpg,An open refrigerator filled with lots of food.,0.0,100.0,1.4787924475967884,0.0
lciba,/media/crk/vol3/rt/coco/val2017/000000512330.jpg,An open refrigerator filled with lots of food.,0.0,100.0,0.29941778630018234,0.0
libragrad,/media/crk/vol3/rt/coco/val2017/000000512330.jpg,An open refrigerator filled with lots of food.,0.0,100.0,0.0,100.0
fusion,/media/crk/vol3/rt/coco/val2017/000000512330.jpg,An open refrigerator filled with lots of food.,0.5239617079496384,0.0,0.015662051737308502,0.0
m2ib,/media/crk/vol3/rt/coco/val2017/000000384350.jpg,a white and red plane parked on a tarmac,1.4925113879144192,0.0,0.007173698395490646,0.0
lciba,/media/crk/vol3/rt/coco/val2017/000000384350.jpg,a white and red plane parked on a tarmac,1.1891594156622887,0.0,0.5676371045410633,0.0
libragrad,/media/crk/vol3/rt/coco/val2017/000000384350.jpg,a white and red plane parked on a tarmac,1.7842389643192291,0.0,0.0,0.0
fusion,/media/crk/vol3/rt/coco/val2017/000000384350.jpg,a white and red plane parked on a tarmac,1.381762232631445,0.0,0.0,0.0
m2ib,/media/crk/vol3/rt/coco/val2017/000000276434.jpg,Bride and grooms arms cutting the wedding cake with fruit on top.,1.699759066104889,0.0,0.0,100.0
lciba,/media/crk/vol3/rt/coco/val2017/000000276434.jpg,Bride and grooms arms cutting the wedding cake with fruit on top.,1.6932787373661995,0.0,0.9880561381578445,0.0
libragrad,/media/crk/vol3/rt/coco/val2017/000000276434.jpg,Bride and grooms arms cutting the wedding cake with fruit on top.,2.1458081901073456,0.0,0.0,0.0
fusion,/media/crk/vol3/rt/coco/val2017/000000276434.jpg,Bride and grooms arms cutting the wedding cake with fruit on top.,2.4350300431251526,0.0,0.0,0.0
m2ib,/media/crk/vol3/rt/coco/val2017/000000483050.jpg,A large bed with two lamps on either side lighting the room. ,0.0,100.0,0.7650163024663925,0.0
lciba,/media/crk/vol3/rt/coco/val2017/000000483050.jpg,A large bed with two lamps on either side lighting the room. ,0.0,100.0,0.08906349539756775,0.0
libragrad,/media/crk/vol3/rt/coco/val2017/000000483050.jpg,A large bed with two lamps on either side lighting the room. ,0.0,100.0,0.0,0.0
fusion,/media/crk/vol3/rt/coco/val2017/000000483050.jpg,A large bed with two lamps on either side lighting the room. ,0.0,100.0,0.0,0.0
m2ib,/media/crk/vol3/rt/coco/val2017/000000024021.jpg,A class picture of the Goodmayes Boys' School in April of 1929.,2.5675561279058456,0.0,0.0,100.0
lciba,/media/crk/vol3/rt/coco/val2017/000000024021.jpg,A class picture of the Goodmayes Boys' School in April of 1929.,2.818203344941139,0.0,0.0,100.0
libragrad,/media/crk/vol3/rt/coco/val2017/000000024021.jpg,A class picture of the Goodmayes Boys' School in April of 1929.,2.110482007265091,0.0,0.0,0.0
fusion,/media/crk/vol3/rt/coco/val2017/000000024021.jpg,A class picture of the Goodmayes Boys' School in April of 1929.,1.283688098192215,0.0,0.0,0.0
m2ib,/media/crk/vol3/rt/coco/val2017/000000279730.jpg,A person holding a sandwich next to a cup of coffee.,0.0,100.0,0.05901940166950226,0.0
lciba,/media/crk/vol3/rt/coco/val2017/000000279730.jpg,A person holding a sandwich next to a cup of coffee.,0.23297853767871857,0.0,0.21122917532920837,0.0
libragrad,/media/crk/vol3/rt/coco/val2017/000000279730.jpg,A person holding a sandwich next to a cup of coffee.,0.4650060087442398,0.0,0.0,0.0
fusion,/media/crk/vol3/rt/coco/val2017/000000279730.jpg,A person holding a sandwich next to a cup of coffee.,3.1485412269830704,0.0,0.0,0.0
m2ib,/media/crk/vol3/rt/coco/val2017/000000098018.jpg,This is a picture of a kitchen in a poverty area of a town.,0.0,100.0,0.0,100.0
lciba,/media/crk/vol3/rt/coco/val2017/000000098018.jpg,This is a picture of a kitchen in a poverty area of a town.,0.0,100.0,0.0,100.0
libragrad,/media/crk/vol3/rt/coco/val2017/000000098018.jpg,This is a picture of a kitchen in a poverty area of a town.,0.0,100.0,0.0,100.0
fusion,/media/crk/vol3/rt/coco/val2017/000000098018.jpg,This is a picture of a kitchen in a poverty area of a town.,0.0,100.0,0.0,100.0
m2ib,/media/crk/vol3/rt/coco/val2017/000000362682.jpg,A cartoon dog is painted on the side of the passenger bus.,1.6696535050868988,0.0,0.6996136158704758,0.0
lciba,/media/crk/vol3/rt/coco/val2017/000000362682.jpg,A cartoon dog is painted on the side of the passenger bus.,3.580392897129059,0.0,0.5319938063621521,0.0
libragrad,/media/crk/vol3/rt/coco/val2017/000000362682.jpg,A cartoon dog is painted on the side of the passenger bus.,4.434259235858917,0.0,0.0,0.0
fusion,/media/crk/vol3/rt/coco/val2017/000000362682.jpg,A cartoon dog is painted on the side of the passenger bus.,1.6204731538891792,0.0,0.0,0.0
m2ib,/media/crk/vol3/rt/coco/val2017/000000260470.jpg,A counter topped with a large white frosted cake sitting next to small pastry.,0.2775711938738823,0.0,0.07450543344020844,0.0
lciba,/media/crk/vol3/rt/coco/val2017/000000260470.jpg,A counter topped with a large white frosted cake sitting next to small pastry.,0.3188934177160263,0.0,0.46404898166656494,0.0
libragrad,/media/crk/vol3/rt/coco/val2017/000000260470.jpg,A counter topped with a large white frosted cake sitting next to small pastry.,0.0,100.0,0.0,0.0
fusion,/media/crk/vol3/rt/coco/val2017/000000260470.jpg,A counter topped with a large white frosted cake sitting next to small pastry.,1.9086143001914024,0.0,0.02582930028438568,0.0
m2ib,/media/crk/vol3/rt/coco/val2017/000000027620.jpg,A laptop sitting on a desk next to a chair and another computer.,0.0,100.0,1.6436904668807983,0.0
lciba,/media/crk/vol3/rt/coco/val2017/000000027620.jpg,A laptop sitting on a desk next to a chair and another computer.,0.0,100.0,1.8032204359769821,0.0
libragrad,/media/crk/vol3/rt/coco/val2017/000000027620.jpg,A laptop sitting on a desk next to a chair and another computer.,0.0,100.0,0.0,100.0
fusion,/media/crk/vol3/rt/coco/val2017/000000027620.jpg,A laptop sitting on a desk next to a chair and another computer.,0.0019978731870651245,0.0,1.6219446435570717,0.0
m2ib,/media/crk/vol3/rt/coco/val2017/000000459272.jpg,A woman holding a smart phone next to a group of people.,0.0,100.0,1.4519236981868744,0.0
lciba,/media/crk/vol3/rt/coco/val2017/000000459272.jpg,A woman holding a smart phone next to a group of people.,0.0,100.0,0.4249395802617073,0.0
libragrad,/media/crk/vol3/rt/coco/val2017/000000459272.jpg,A woman holding a smart phone next to a group of people.,0.0,100.0,0.0,0.0
fusion,/media/crk/vol3/rt/coco/val2017/000000459272.jpg,A woman holding a smart phone next to a group of people.,0.0,100.0,0.049749575555324554,0.0
m2ib,/media/crk/vol3/rt/coco/val2017/000000184384.jpg,A bluebery cake is on a plate and is topped with butter.,0.5036663264036179,0.0,1.2341946363449097,0.0
lciba,/media/crk/vol3/rt/coco/val2017/000000184384.jpg,A bluebery cake is on a plate and is topped with butter.,1.831861212849617,0.0,0.26409998536109924,0.0
libragrad,/media/crk/vol3/rt/coco/val2017/000000184384.jpg,A bluebery cake is on a plate and is topped with butter.,1.2812010943889618,0.0,0.0,0.0
fusion,/media/crk/vol3/rt/coco/val2017/000000184384.jpg,A bluebery cake is on a plate and is topped with butter.,3.9649344980716705,0.0,1.1652037501335144,0.0
m2ib,/media/crk/vol3/rt/coco/val2017/000000046872.jpg,A man standing along side of a truck trailer.,4.403354227542877,0.0,0.02527497708797455,0.0
lciba,/media/crk/vol3/rt/coco/val2017/000000046872.jpg,A man standing along side of a truck trailer.,4.918137937784195,0.0,3.4275516867637634,0.0
libragrad,/media/crk/vol3/rt/coco/val2017/000000046872.jpg,A man standing along side of a truck trailer.,6.108715012669563,0.0,0.0,0.0
fusion,/media/crk/vol3/rt/coco/val2017/000000046872.jpg,A man standing along side of a truck trailer.,6.864016503095627,0.0,0.0,0.0
m2ib,/media/crk/vol3/rt/coco/val2017/000000369812.jpg,"Various street signs including one that reads ""Newlon Hale Village.""",0.0,100.0,0.0,0.0
lciba,/media/crk/vol3/rt/coco/val2017/000000369812.jpg,"Various street signs including one that reads ""Newlon Hale Village.""",0.3380114212632179,0.0,1.6647912561893463,0.0
libragrad,/media/crk/vol3/rt/coco/val2017/000000369812.jpg,"Various street signs including one that reads ""Newlon Hale Village.""",0.0,100.0,0.0,0.0
fusion,/media/crk/vol3/rt/coco/val2017/000000369812.jpg,"Various street signs including one that reads ""Newlon Hale Village.""",0.0,100.0,0.0,0.0
m2ib,/media/crk/vol3/rt/coco/val2017/000000284743.jpg,A group of people staring at a woman holding a bat.,2.960505895316601,0.0,0.0058222562074661255,0.0
lciba,/media/crk/vol3/rt/coco/val2017/000000284743.jpg,A group of people staring at a woman holding a bat.,3.1138090416789055,0.0,1.7125090584158897,0.0
libragrad,/media/crk/vol3/rt/coco/val2017/000000284743.jpg,A group of people staring at a woman holding a bat.,2.604411542415619,0.0,0.0,0.0
fusion,/media/crk/vol3/rt/coco/val2017/000000284743.jpg,A group of people staring at a woman holding a bat.,2.9675405472517014,0.0,0.0,0.0
m2ib,/media/crk/vol3/rt/coco/val2017/000000265518.jpg,A white and black plate topped with food next to a cup of coffee.,0.3769971430301666,0.0,0.5503382533788681,0.0
lciba,/media/crk/vol3/rt/coco/val2017/000000265518.jpg,A white and black plate topped with food next to a cup of coffee.,0.9630482643842697,0.0,0.5337592214345932,0.0
libragrad,/media/crk/vol3/rt/coco/val2017/000000265518.jpg,A white and black plate topped with food next to a cup of coffee.,0.7879823446273804,0.0,0.0,0.0
fusion,/media/crk/vol3/rt/coco/val2017/000000265518.jpg,A white and black plate topped with food next to a cup of coffee.,2.313830144703388,0.0,0.022998079657554626,0.0
m2ib,/media/crk/vol3/rt/coco/val2017/000000025593.jpg,A stop sign on a post at a public street.,0.06862850859761238,0.0,1.8560418859124184,0.0
lciba,/media/crk/vol3/rt/coco/val2017/000000025593.jpg,A stop sign on a post at a public street.,0.4541483707726002,0.0,1.9730880856513977,0.0
libragrad,/media/crk/vol3/rt/coco/val2017/000000025593.jpg,A stop sign on a post at a public street.,0.6716950796544552,0.0,0.0,0.0
fusion,/media/crk/vol3/rt/coco/val2017/000000025593.jpg,A stop sign on a post at a public street.,1.4060432091355324,0.0,1.8299901857972145,0.0
m2ib,/media/crk/vol3/rt/coco/val2017/000000044260.jpg,A collection of apples growing on a tree. ,0.4482356831431389,0.0,1.729310117661953,0.0
lciba,/media/crk/vol3/rt/coco/val2017/000000044260.jpg,A collection of apples growing on a tree. ,0.9233806282281876,0.0,0.22958088666200638,0.0
libragrad,/media/crk/vol3/rt/coco/val2017/000000044260.jpg,A collection of apples growing on a tree. ,0.9330295026302338,0.0,0.0,0.0
fusion,/media/crk/vol3/rt/coco/val2017/000000044260.jpg,A collection of apples growing on a tree. ,3.1418628990650177,0.0,1.711658388376236,0.0
m2ib,/media/crk/vol3/rt/coco/val2017/000000393282.jpg,Two giraffes standing around in the middle of a field.,3.5106897354125977,0.0,0.0,100.0
lciba,/media/crk/vol3/rt/coco/val2017/000000393282.jpg,Two giraffes standing around in the middle of a field.,4.6168699860572815,0.0,0.3351982682943344,0.0
libragrad,/media/crk/vol3/rt/coco/val2017/000000393282.jpg,Two giraffes standing around in the middle of a field.,4.102125018835068,0.0,0.0,0.0
fusion,/media/crk/vol3/rt/coco/val2017/000000393282.jpg,Two giraffes standing around in the middle of a field.,2.3374387994408607,0.0,0.0,100.0
m2ib,/media/crk/vol3/rt/coco/val2017/000000157601.jpg,Woman sitting at table with beverages consuming sandwich. ,2.5444522500038147,0.0,0.050268322229385376,0.0
lciba,/media/crk/vol3/rt/coco/val2017/000000157601.jpg,Woman sitting at table with beverages consuming sandwich. ,2.60760597884655,0.0,1.4021772891283035,0.0
libragrad,/media/crk/vol3/rt/coco/val2017/000000157601.jpg,Woman sitting at table with beverages consuming sandwich. ,3.092840686440468,0.0,0.0,0.0
fusion,/media/crk/vol3/rt/coco/val2017/000000157601.jpg,Woman sitting at table with beverages consuming sandwich. ,4.913467541337013,0.0,0.0,0.0
m2ib,/media/crk/vol3/rt/coco/val2017/000000181796.jpg,A close-up of a plate of food containing meat and beans.,0.0,100.0,0.0,100.0
lciba,/media/crk/vol3/rt/coco/val2017/000000181796.jpg,A close-up of a plate of food containing meat and beans.,0.3077313303947449,0.0,0.0,100.0
libragrad,/media/crk/vol3/rt/coco/val2017/000000181796.jpg,A close-up of a plate of food containing meat and beans.,0.30495375394821167,0.0,0.07246099412441254,0.0
fusion,/media/crk/vol3/rt/coco/val2017/000000181796.jpg,A close-up of a plate of food containing meat and beans.,2.1519996225833893,0.0,0.0,100.0
m2ib,/media/crk/vol3/rt/coco/val2017/000000423944.jpg,Two headless mannequins display fashionable clothing in front of a pink background.,0.0,100.0,0.0,100.0
lciba,/media/crk/vol3/rt/coco/val2017/000000423944.jpg,Two headless mannequins display fashionable clothing in front of a pink background.,0.0,100.0,0.14368481934070587,0.0
libragrad,/media/crk/vol3/rt/coco/val2017/000000423944.jpg,Two headless mannequins display fashionable clothing in front of a pink background.,0.0,100.0,0.0,0.0
fusion,/media/crk/vol3/rt/coco/val2017/000000423944.jpg,Two headless mannequins display fashionable clothing in front of a pink background.,3.522000089287758,0.0,0.017689168453216553,0.0
m2ib,/media/crk/vol3/rt/coco/val2017/000000323496.jpg,A young lad swings his Wilson tennis racquet.,1.7901942133903503,0.0,0.0,0.0
lciba,/media/crk/vol3/rt/coco/val2017/000000323496.jpg,A young lad swings his Wilson tennis racquet.,2.7334842830896378,0.0,0.02406872808933258,0.0
libragrad,/media/crk/vol3/rt/coco/val2017/000000323496.jpg,A young lad swings his Wilson tennis racquet.,3.02547924220562,0.0,0.0,0.0
fusion,/media/crk/vol3/rt/coco/val2017/000000323496.jpg,A young lad swings his Wilson tennis racquet.,3.5127710551023483,0.0,0.0,0.0
m2ib,/media/crk/vol3/rt/coco/val2017/000000518326.jpg,Creepy large doll heads laying in giant oversized fake beds.,0.0,100.0,0.019938871264457703,0.0
lciba,/media/crk/vol3/rt/coco/val2017/000000518326.jpg,Creepy large doll heads laying in giant oversized fake beds.,0.0,100.0,0.40768496692180634,0.0
libragrad,/media/crk/vol3/rt/coco/val2017/000000518326.jpg,Creepy large doll heads laying in giant oversized fake beds.,0.0,100.0,0.0,0.0
fusion,/media/crk/vol3/rt/coco/val2017/000000518326.jpg,Creepy large doll heads laying in giant oversized fake beds.,0.0,100.0,0.0,0.0
m2ib,/media/crk/vol3/rt/coco/val2017/000000216419.jpg,A clock on a pole on a sidewalk.,0.9118713438510895,0.0,1.748841255903244,0.0
lciba,/media/crk/vol3/rt/coco/val2017/000000216419.jpg,A clock on a pole on a sidewalk.,2.6067713275551796,0.0,0.053182244300842285,0.0
libragrad,/media/crk/vol3/rt/coco/val2017/000000216419.jpg,A clock on a pole on a sidewalk.,2.158300392329693,0.0,0.0,0.0
fusion,/media/crk/vol3/rt/coco/val2017/000000216419.jpg,A clock on a pole on a sidewalk.,2.5987451896071434,0.0,0.0,0.0
m2ib,/media/crk/vol3/rt/coco/val2017/000000554595.jpg,A man laying on top of a sandy beach laying next to a surfboard.,0.0,100.0,0.0371299684047699,0.0
lciba,/media/crk/vol3/rt/coco/val2017/000000554595.jpg,A man laying on top of a sandy beach laying next to a surfboard.,1.9287120550870895,0.0,0.0,100.0
libragrad,/media/crk/vol3/rt/coco/val2017/000000554595.jpg,A man laying on top of a sandy beach laying next to a surfboard.,1.4763036742806435,0.0,0.0,0.0
fusion,/media/crk/vol3/rt/coco/val2017/000000554595.jpg,A man laying on top of a sandy beach laying next to a surfboard.,2.762703411281109,0.0,0.0,100.0
m2ib,/media/crk/vol3/rt/coco/val2017/000000188439.jpg,A colorful truck is driving with a full load of sticks and twigs.,0.23321304470300674,0.0,2.7526628226041794,0.0
lciba,/media/crk/vol3/rt/coco/val2017/000000188439.jpg,A colorful truck is driving with a full load of sticks and twigs.,0.5931749939918518,0.0,0.0,100.0
libragrad,/media/crk/vol3/rt/coco/val2017/000000188439.jpg,A colorful truck is driving with a full load of sticks and twigs.,1.3444600626826286,0.0,0.0,0.0
fusion,/media/crk/vol3/rt/coco/val2017/000000188439.jpg,A colorful truck is driving with a full load of sticks and twigs.,0.6113924086093903,0.0,0.0,0.0
m2ib,/media/crk/vol3/rt/coco/val2017/000000226984.jpg,A kitchen filled with appliances and wooden cabinets.,2.130340412259102,0.0,0.007337331771850586,0.0
lciba,/media/crk/vol3/rt/coco/val2017/000000226984.jpg,A kitchen filled with appliances and wooden cabinets.,3.0465107411146164,0.0,0.2898402512073517,0.0
libragrad,/media/crk/vol3/rt/coco/val2017/000000226984.jpg,A kitchen filled with appliances and wooden cabinets.,3.7165842950344086,0.0,0.0,0.0
fusion,/media/crk/vol3/rt/coco/val2017/000000226984.jpg,A kitchen filled with appliances and wooden cabinets.,3.8856811821460724,0.0,0.0,0.0
m2ib,/media/crk/vol3/rt/coco/val2017/000000516677.jpg,People standing and sitting on snow with skis and mountain,0.0,100.0,0.05774684250354767,0.0
lciba,/media/crk/vol3/rt/coco/val2017/000000516677.jpg,People standing and sitting on snow with skis and mountain,0.0,100.0,0.23194700479507446,0.0
libragrad,/media/crk/vol3/rt/coco/val2017/000000516677.jpg,People standing and sitting on snow with skis and mountain,0.0,100.0,0.0,0.0
fusion,/media/crk/vol3/rt/coco/val2017/000000516677.jpg,People standing and sitting on snow with skis and mountain,0.3377079963684082,0.0,0.0,0.0
m2ib,/media/crk/vol3/rt/coco/val2017/000000016451.jpg,A bunch of surfboards that are in the sand.,1.2393448501825333,0.0,1.02384677156806,0.0
lciba,/media/crk/vol3/rt/coco/val2017/000000016451.jpg,A bunch of surfboards that are in the sand.,0.9453797712922096,0.0,0.10806247591972351,0.0
libragrad,/media/crk/vol3/rt/coco/val2017/000000016451.jpg,A bunch of surfboards that are in the sand.,2.1320095285773277,0.0,0.0,0.0
fusion,/media/crk/vol3/rt/coco/val2017/000000016451.jpg,A bunch of surfboards that are in the sand.,2.5975801050662994,0.0,0.9328901767730713,0.0
m2ib,/media/crk/vol3/rt/coco/val2017/000000560011.jpg,A mouse is next to a keyboard on a desk,3.523525595664978,0.0,0.8901359513401985,0.0
lciba,/media/crk/vol3/rt/coco/val2017/000000560011.jpg,A mouse is next to a keyboard on a desk,2.9952293261885643,0.0,0.8744487538933754,0.0
libragrad,/media/crk/vol3/rt/coco/val2017/000000560011.jpg,A mouse is next to a keyboard on a desk,2.8436027467250824,0.0,0.0,0.0
fusion,/media/crk/vol3/rt/coco/val2017/000000560011.jpg,A mouse is next to a keyboard on a desk,2.122705429792404,0.0,0.7574755698442459,0.0
m2ib,/media/crk/vol3/rt/coco/val2017/000000290081.jpg,A bunch of oranges are sitting in a clear fruit bowl.,2.041511982679367,0.0,0.0,0.0
lciba,/media/crk/vol3/rt/coco/val2017/000000290081.jpg,A bunch of oranges are sitting in a clear fruit bowl.,2.199578657746315,0.0,2.252430096268654,0.0
libragrad,/media/crk/vol3/rt/coco/val2017/000000290081.jpg,A bunch of oranges are sitting in a clear fruit bowl.,1.676405407488346,0.0,0.0,0.0
fusion,/media/crk/vol3/rt/coco/val2017/000000290081.jpg,A bunch of oranges are sitting in a clear fruit bowl.,0.9285506792366505,0.0,0.0,0.0
m2ib,/media/crk/vol3/rt/coco/val2017/000000189828.jpg,Grey plane taking off above some green vegetation.,0.0,100.0,0.20346948876976967,0.0
lciba,/media/crk/vol3/rt/coco/val2017/000000189828.jpg,Grey plane taking off above some green vegetation.,0.0,100.0,0.0,100.0
libragrad,/media/crk/vol3/rt/coco/val2017/000000189828.jpg,Grey plane taking off above some green vegetation.,0.0,100.0,0.0,0.0
fusion,/media/crk/vol3/rt/coco/val2017/000000189828.jpg,Grey plane taking off above some green vegetation.,0.0,100.0,0.20818384364247322,0.0
m2ib,/media/crk/vol3/rt/coco/val2017/000000462728.jpg,A man in the ocean with a dog on a surfboard.,4.124868288636208,0.0,1.0247081518173218,0.0
lciba,/media/crk/vol3/rt/coco/val2017/000000462728.jpg,A man in the ocean with a dog on a surfboard.,5.154205113649368,0.0,0.005405396223068237,0.0
libragrad,/media/crk/vol3/rt/coco/val2017/000000462728.jpg,A man in the ocean with a dog on a surfboard.,4.552965238690376,0.0,0.0,0.0
fusion,/media/crk/vol3/rt/coco/val2017/000000462728.jpg,A man in the ocean with a dog on a surfboard.,3.9070390164852142,0.0,0.04484876990318298,0.0
m2ib,/media/crk/vol3/rt/coco/val2017/000000021503.jpg,Crackers with spread on table with remote in background,1.456957682967186,0.0,0.0,0.0
lciba,/media/crk/vol3/rt/coco/val2017/000000021503.jpg,Crackers with spread on table with remote in background,1.8360387533903122,0.0,0.3327079117298126,0.0
libragrad,/media/crk/vol3/rt/coco/val2017/000000021503.jpg,Crackers with spread on table with remote in background,2.921011671423912,0.0,0.0,0.0
fusion,/media/crk/vol3/rt/coco/val2017/000000021503.jpg,Crackers with spread on table with remote in background,4.465964809060097,0.0,0.0,0.0
m2ib,/media/crk/vol3/rt/coco/val2017/000000023126.jpg,A man is standing on top of two horses and holding the reigns.,2.2109434008598328,0.0,0.0,100.0
lciba,/media/crk/vol3/rt/coco/val2017/000000023126.jpg,A man is standing on top of two horses and holding the reigns.,0.02563297748565674,0.0,0.35760439932346344,0.0
libragrad,/media/crk/vol3/rt/coco/val2017/000000023126.jpg,A man is standing on top of two horses and holding the reigns.,0.0,100.0,0.0,0.0
fusion,/media/crk/vol3/rt/coco/val2017/000000023126.jpg,A man is standing on top of two horses and holding the reigns.,0.0,100.0,0.011165812611579895,0.0
m2ib,/media/crk/vol3/rt/coco/val2017/000000301421.jpg,"Computer desk setup with monitor, wireless keyboard, and other electronic devices. ",0.0,100.0,0.0,100.0
lciba,/media/crk/vol3/rt/coco/val2017/000000301421.jpg,"Computer desk setup with monitor, wireless keyboard, and other electronic devices. ",0.0,100.0,0.0,100.0
libragrad,/media/crk/vol3/rt/coco/val2017/000000301421.jpg,"Computer desk setup with monitor, wireless keyboard, and other electronic devices. ",0.0,100.0,0.0,0.0
fusion,/media/crk/vol3/rt/coco/val2017/000000301421.jpg,"Computer desk setup with monitor, wireless keyboard, and other electronic devices. ",0.7560227997601032,0.0,0.009804731234908104,0.0
m2ib,/media/crk/vol3/rt/coco/val2017/000000087144.jpg,A woman and her child sitting nest to a man on a park bench.,0.9247126057744026,0.0,0.0544598326086998,0.0
lciba,/media/crk/vol3/rt/coco/val2017/000000087144.jpg,A woman and her child sitting nest to a man on a park bench.,2.648403123021126,0.0,3.254198282957077,0.0
libragrad,/media/crk/vol3/rt/coco/val2017/000000087144.jpg,A woman and her child sitting nest to a man on a park bench.,2.4319270625710487,0.0,0.0,0.0
fusion,/media/crk/vol3/rt/coco/val2017/000000087144.jpg,A woman and her child sitting nest to a man on a park bench.,0.8144792169332504,0.0,0.0,0.0
m2ib,/media/crk/vol3/rt/coco/val2017/000000056288.jpg,A tall sandwich with pickle on a white plate.,0.0,100.0,0.0,0.0
lciba,/media/crk/vol3/rt/coco/val2017/000000056288.jpg,A tall sandwich with pickle on a white plate.,0.0,100.0,1.0896317660808563,0.0
libragrad,/media/crk/vol3/rt/coco/val2017/000000056288.jpg,A tall sandwich with pickle on a white plate.,0.46217143535614014,0.0,0.0,0.0
fusion,/media/crk/vol3/rt/coco/val2017/000000056288.jpg,A tall sandwich with pickle on a white plate.,4.900845140218735,0.0,0.0,0.0
m2ib,/media/crk/vol3/rt/coco/val2017/000000344816.jpg,The train engine is followed by a line of open cars.,3.250706195831299,0.0,0.2815643325448036,0.0
lciba,/media/crk/vol3/rt/coco/val2017/000000344816.jpg,The train engine is followed by a line of open cars.,3.9897125214338303,0.0,1.0029274970293045,0.0
libragrad,/media/crk/vol3/rt/coco/val2017/000000344816.jpg,The train engine is followed by a line of open cars.,4.639384150505066,0.0,0.0,0.0
fusion,/media/crk/vol3/rt/coco/val2017/000000344816.jpg,The train engine is followed by a line of open cars.,2.948165684938431,0.0,0.12805722653865814,0.0
m2ib,/media/crk/vol3/rt/coco/val2017/000000463802.jpg,A teddy bear watching a man with a tennis racket.,1.1198841035366058,0.0,0.0,0.0
lciba,/media/crk/vol3/rt/coco/val2017/000000463802.jpg,A teddy bear watching a man with a tennis racket.,2.431647479534149,0.0,1.1242281645536423,0.0
libragrad,/media/crk/vol3/rt/coco/val2017/000000463802.jpg,A teddy bear watching a man with a tennis racket.,3.2375454902648926,0.0,0.0,0.0
fusion,/media/crk/vol3/rt/coco/val2017/000000463802.jpg,A teddy bear watching a man with a tennis racket.,4.072021320462227,0.0,0.0,0.0
m2ib,/media/crk/vol3/rt/coco/val2017/000000540932.jpg,Two people standing on a beach next to the ocean.,0.3411596640944481,0.0,0.0,100.0
lciba,/media/crk/vol3/rt/coco/val2017/000000540932.jpg,Two people standing on a beach next to the ocean.,1.0230859741568565,0.0,0.0,100.0
libragrad,/media/crk/vol3/rt/coco/val2017/000000540932.jpg,Two people standing on a beach next to the ocean.,1.2859610840678215,0.0,0.0,0.0
fusion,/media/crk/vol3/rt/coco/val2017/000000540932.jpg,Two people standing on a beach next to the ocean.,1.4671366661787033,0.0,0.0,100.0
m2ib,/media/crk/vol3/rt/coco/val2017/000000286523.jpg,A man talking on his cell phone with his other hand in his ear.,1.4799742959439754,0.0,0.054148025810718536,0.0
lciba,/media/crk/vol3/rt/coco/val2017/000000286523.jpg,A man talking on his cell phone with his other hand in his ear.,1.5120690688490868,0.0,0.5538168363273144,0.0
libragrad,/media/crk/vol3/rt/coco/val2017/000000286523.jpg,A man talking on his cell phone with his other hand in his ear.,1.350079756230116,0.0,0.0,0.0
fusion,/media/crk/vol3/rt/coco/val2017/000000286523.jpg,A man talking on his cell phone with his other hand in his ear.,1.1594274081289768,0.0,0.0,0.0
m2ib,/media/crk/vol3/rt/coco/val2017/000000419096.jpg,A train traveling down tracks net to a  bridge.,5.420499667525291,0.0,2.147582173347473,0.0
lciba,/media/crk/vol3/rt/coco/val2017/000000419096.jpg,A train traveling down tracks net to a  bridge.,7.684509456157684,0.0,2.3387856781482697,0.0
libragrad,/media/crk/vol3/rt/coco/val2017/000000419096.jpg,A train traveling down tracks net to a  bridge.,8.505532890558243,0.0,0.0,0.0
fusion,/media/crk/vol3/rt/coco/val2017/000000419096.jpg,A train traveling down tracks net to a  bridge.,5.750931426882744,0.0,0.007671583443880081,0.0
m2ib,/media/crk/vol3/rt/coco/val2017/000000153299.jpg,two giraffes are standing together outside a barn,0.0,100.0,0.0,0.0
lciba,/media/crk/vol3/rt/coco/val2017/000000153299.jpg,two giraffes are standing together outside a barn,0.0,100.0,0.017797015607357025,0.0
libragrad,/media/crk/vol3/rt/coco/val2017/000000153299.jpg,two giraffes are standing together outside a barn,0.0,100.0,0.0,0.0
fusion,/media/crk/vol3/rt/coco/val2017/000000153299.jpg,two giraffes are standing together outside a barn,0.0,100.0,0.0,0.0
m2ib,/media/crk/vol3/rt/coco/val2017/000000374727.jpg,A street sign showing four different roads on it,0.40550827980041504,0.0,0.008922070264816284,0.0
lciba,/media/crk/vol3/rt/coco/val2017/000000374727.jpg,A street sign showing four different roads on it,1.0643888264894485,0.0,3.106820583343506,0.0
libragrad,/media/crk/vol3/rt/coco/val2017/000000374727.jpg,A street sign showing four different roads on it,1.1223085224628448,0.0,0.0,0.0
fusion,/media/crk/vol3/rt/coco/val2017/000000374727.jpg,A street sign showing four different roads on it,2.928575873374939,0.0,0.0,0.0
m2ib,/media/crk/vol3/rt/coco/val2017/000000311392.jpg,A black and white cow at market in her stall.,0.0,100.0,0.0,0.0
lciba,/media/crk/vol3/rt/coco/val2017/000000311392.jpg,A black and white cow at market in her stall.,0.0,100.0,2.2610239684581757,0.0
libragrad,/media/crk/vol3/rt/coco/val2017/000000311392.jpg,A black and white cow at market in her stall.,0.0,100.0,0.0,0.0
fusion,/media/crk/vol3/rt/coco/val2017/000000311392.jpg,A black and white cow at market in her stall.,3.1198471784591675,0.0,0.0,0.0
m2ib,/media/crk/vol3/rt/coco/val2017/000000139260.jpg,There is a banana split with whipped cream and a cherry.,1.112527772784233,0.0,0.12104734778404236,0.0
lciba,/media/crk/vol3/rt/coco/val2017/000000139260.jpg,There is a banana split with whipped cream and a cherry.,2.2371143102645874,0.0,0.12611150741577148,0.0
libragrad,/media/crk/vol3/rt/coco/val2017/000000139260.jpg,There is a banana split with whipped cream and a cherry.,1.9742883741855621,0.0,0.0,0.0
fusion,/media/crk/vol3/rt/coco/val2017/000000139260.jpg,There is a banana split with whipped cream and a cherry.,5.504153296351433,0.0,0.0,0.0
m2ib,/media/crk/vol3/rt/coco/val2017/000000187362.jpg,A man and his surfboard survey a stormy sea,4.206530377268791,0.0,0.0,100.0
lciba,/media/crk/vol3/rt/coco/val2017/000000187362.jpg,A man and his surfboard survey a stormy sea,4.590915143489838,0.0,0.0,100.0
libragrad,/media/crk/vol3/rt/coco/val2017/000000187362.jpg,A man and his surfboard survey a stormy sea,4.549887403845787,0.0,0.0,0.0
fusion,/media/crk/vol3/rt/coco/val2017/000000187362.jpg,A man and his surfboard survey a stormy sea,3.4133344888687134,0.0,0.0,100.0
m2ib,/media/crk/vol3/rt/coco/val2017/000000326128.jpg,The man is posing for a picture with his snowboard.,0.0,100.0,0.1047920435667038,0.0
lciba,/media/crk/vol3/rt/coco/val2017/000000326128.jpg,The man is posing for a picture with his snowboard.,0.3897339105606079,0.0,0.0,100.0
libragrad,/media/crk/vol3/rt/coco/val2017/000000326128.jpg,The man is posing for a picture with his snowboard.,0.44202301651239395,0.0,0.0,0.0
fusion,/media/crk/vol3/rt/coco/val2017/000000326128.jpg,The man is posing for a picture with his snowboard.,0.23797377943992615,0.0,0.019474513828754425,0.0
m2ib,/media/crk/vol3/rt/coco/val2017/000000021167.jpg,The couple are dressed up and posing for photos.,0.9580608457326889,0.0,0.00978708267211914,0.0
lciba,/media/crk/vol3/rt/coco/val2017/000000021167.jpg,The couple are dressed up and posing for photos.,1.3484250754117966,0.0,0.04016011953353882,0.0
libragrad,/media/crk/vol3/rt/coco/val2017/000000021167.jpg,The couple are dressed up and posing for photos.,1.324060931801796,0.0,0.0,0.0
fusion,/media/crk/vol3/rt/coco/val2017/000000021167.jpg,The couple are dressed up and posing for photos.,5.276723951101303,0.0,0.02643093466758728,0.0
m2ib,/media/crk/vol3/rt/coco/val2017/000000463842.jpg,A small bed with lots of bottles underneath,0.0,100.0,0.006587803363800049,0.0
lciba,/media/crk/vol3/rt/coco/val2017/000000463842.jpg,A small bed with lots of bottles underneath,0.0,100.0,0.02975892275571823,0.0
libragrad,/media/crk/vol3/rt/coco/val2017/000000463842.jpg,A small bed with lots of bottles underneath,0.0,100.0,0.0,0.0
fusion,/media/crk/vol3/rt/coco/val2017/000000463842.jpg,A small bed with lots of bottles underneath,0.0,100.0,0.0,0.0
m2ib,/media/crk/vol3/rt/coco/val2017/000000148707.jpg,Two yellow fruits hanging on branches full of leaves. ,0.0,100.0,0.6682880222797394,0.0
lciba,/media/crk/vol3/rt/coco/val2017/000000148707.jpg,Two yellow fruits hanging on branches full of leaves. ,0.0,100.0,0.590205192565918,0.0
libragrad,/media/crk/vol3/rt/coco/val2017/000000148707.jpg,Two yellow fruits hanging on branches full of leaves. ,0.0,100.0,0.0,0.0
fusion,/media/crk/vol3/rt/coco/val2017/000000148707.jpg,Two yellow fruits hanging on branches full of leaves. ,0.0,100.0,0.04335865378379822,0.0
m2ib,/media/crk/vol3/rt/coco/val2017/000000056350.jpg,A picture of people is on the floor near a urinal.,0.0,100.0,0.027498602867126465,0.0
lciba,/media/crk/vol3/rt/coco/val2017/000000056350.jpg,A picture of people is on the floor near a urinal.,0.0,100.0,0.13096295297145844,0.0
libragrad,/media/crk/vol3/rt/coco/val2017/000000056350.jpg,A picture of people is on the floor near a urinal.,0.8048603311181068,0.0,0.0,0.0
fusion,/media/crk/vol3/rt/coco/val2017/000000056350.jpg,A picture of people is on the floor near a urinal.,1.1637721210718155,0.0,0.05018375813961029,0.0
m2ib,/media/crk/vol3/rt/coco/val2017/000000210520.jpg,A table with plates of food that include corn and fruit.,0.6298478692770004,0.0,0.005853176116943359,0.0
lciba,/media/crk/vol3/rt/coco/val2017/000000210520.jpg,A table with plates of food that include corn and fruit.,0.7388923317193985,0.0,0.22682510316371918,0.0
libragrad,/media/crk/vol3/rt/coco/val2017/000000210520.jpg,A table with plates of food that include corn and fruit.,0.9110387414693832,0.0,0.0,0.0
fusion,/media/crk/vol3/rt/coco/val2017/000000210520.jpg,A table with plates of food that include corn and fruit.,1.7156191170215607,0.0,0.04966519773006439,0.0
m2ib,/media/crk/vol3/rt/coco/val2017/000000373353.jpg,People crossing a street in front of a taxi and tour bus.,0.47908052802085876,0.0,0.021426379680633545,0.0
lciba,/media/crk/vol3/rt/coco/val2017/000000373353.jpg,People crossing a street in front of a taxi and tour bus.,2.1381931379437447,0.0,0.2162543823942542,0.0
libragrad,/media/crk/vol3/rt/coco/val2017/000000373353.jpg,People crossing a street in front of a taxi and tour bus.,2.1759308874607086,0.0,0.0,0.0
fusion,/media/crk/vol3/rt/coco/val2017/000000373353.jpg,People crossing a street in front of a taxi and tour bus.,2.417096681892872,0.0,0.0,0.0
m2ib,/media/crk/vol3/rt/coco/val2017/000000051309.jpg,Small horse standing behind a large group of horses eating. ,0.5172967910766602,0.0,0.0,100.0
lciba,/media/crk/vol3/rt/coco/val2017/000000051309.jpg,Small horse standing behind a large group of horses eating. ,1.0526478290557861,0.0,0.0,100.0
libragrad,/media/crk/vol3/rt/coco/val2017/000000051309.jpg,Small horse standing behind a large group of horses eating. ,1.165667548775673,0.0,0.0,0.0
fusion,/media/crk/vol3/rt/coco/val2017/000000051309.jpg,Small horse standing behind a large group of horses eating. ,0.0,100.0,0.0,100.0
m2ib,/media/crk/vol3/rt/coco/val2017/000000384670.jpg,Two people on a blue and green tennis court.,0.0,100.0,0.0,100.0
lciba,/media/crk/vol3/rt/coco/val2017/000000384670.jpg,Two people on a blue and green tennis court.,1.467468962073326,0.0,0.0,100.0
libragrad,/media/crk/vol3/rt/coco/val2017/000000384670.jpg,Two people on a blue and green tennis court.,1.223263330757618,0.0,0.0,0.0
fusion,/media/crk/vol3/rt/coco/val2017/000000384670.jpg,Two people on a blue and green tennis court.,0.5538696423172951,0.0,0.0,0.0
m2ib,/media/crk/vol3/rt/coco/val2017/000000406129.jpg,A person hitting a tennis ball with a racquet.,1.4412570744752884,0.0,0.0,100.0
lciba,/media/crk/vol3/rt/coco/val2017/000000406129.jpg,A person hitting a tennis ball with a racquet.,1.4716923236846924,0.0,0.0,100.0
libragrad,/media/crk/vol3/rt/coco/val2017/000000406129.jpg,A person hitting a tennis ball with a racquet.,1.567687839269638,0.0,0.0,0.0
fusion,/media/crk/vol3/rt/coco/val2017/000000406129.jpg,A person hitting a tennis ball with a racquet.,0.0,100.0,0.0,100.0
m2ib,/media/crk/vol3/rt/coco/val2017/000000304560.jpg,A black ct with green eyes sitting in the sun.,0.0,100.0,0.018358975648880005,0.0
lciba,/media/crk/vol3/rt/coco/val2017/000000304560.jpg,A black ct with green eyes sitting in the sun.,0.3708578646183014,0.0,0.5347885191440582,0.0
libragrad,/media/crk/vol3/rt/coco/val2017/000000304560.jpg,A black ct with green eyes sitting in the sun.,0.7975637912750244,0.0,0.0,0.0
fusion,/media/crk/vol3/rt/coco/val2017/000000304560.jpg,A black ct with green eyes sitting in the sun.,0.9621396660804749,0.0,0.0,0.0
m2ib,/media/crk/vol3/rt/coco/val2017/000000524850.jpg,A crowd of people standing around a bus next to a parked jetliner.,0.0,100.0,0.24395324289798737,0.0
lciba,/media/crk/vol3/rt/coco/val2017/000000524850.jpg,A crowd of people standing around a bus next to a parked jetliner.,0.0,100.0,0.42020343244075775,0.0
libragrad,/media/crk/vol3/rt/coco/val2017/000000524850.jpg,A crowd of people standing around a bus next to a parked jetliner.,0.3912815824151039,0.0,0.0,0.0
fusion,/media/crk/vol3/rt/coco/val2017/000000524850.jpg,A crowd of people standing around a bus next to a parked jetliner.,0.0,100.0,0.05696788430213928,0.0
m2ib,/media/crk/vol3/rt/coco/val2017/000000565989.jpg,Large clock sitting on the side of a large building. ,3.395192325115204,0.0,0.0,100.0
lciba,/media/crk/vol3/rt/coco/val2017/000000565989.jpg,Large clock sitting on the side of a large building. ,3.9522886276245117,0.0,0.3268081694841385,0.0
libragrad,/media/crk/vol3/rt/coco/val2017/000000565989.jpg,Large clock sitting on the side of a large building. ,4.399453848600388,0.0,0.0,0.0
fusion,/media/crk/vol3/rt/coco/val2017/000000565989.jpg,Large clock sitting on the side of a large building. ,2.1704137325286865,0.0,0.005394592881202698,0.0
m2ib,/media/crk/vol3/rt/coco/val2017/000000026926.jpg,An orange fire hydrant with a face and bow tie drawn on it. ,0.6783170625567436,0.0,0.49149561673402786,0.0
lciba,/media/crk/vol3/rt/coco/val2017/000000026926.jpg,An orange fire hydrant with a face and bow tie drawn on it. ,1.6820136457681656,0.0,0.7080955430865288,0.0
libragrad,/media/crk/vol3/rt/coco/val2017/000000026926.jpg,An orange fire hydrant with a face and bow tie drawn on it. ,1.8381625413894653,0.0,0.0,0.0
fusion,/media/crk/vol3/rt/coco/val2017/000000026926.jpg,An orange fire hydrant with a face and bow tie drawn on it. ,1.6571380198001862,0.0,0.0,0.0
m2ib,/media/crk/vol3/rt/coco/val2017/000000172396.jpg,A pizza being made within the oven ,0.0,100.0,0.0,100.0
lciba,/media/crk/vol3/rt/coco/val2017/000000172396.jpg,A pizza being made within the oven ,0.3667198121547699,0.0,0.0108364038169384,0.0
libragrad,/media/crk/vol3/rt/coco/val2017/000000172396.jpg,A pizza being made within the oven ,0.25343820452690125,0.0,0.0,0.0
fusion,/media/crk/vol3/rt/coco/val2017/000000172396.jpg,A pizza being made within the oven ,0.7285209372639656,0.0,0.0,0.0
m2ib,/media/crk/vol3/rt/coco/val2017/000000088250.jpg,Two elephants with their trunks attached to each other,2.1181851625442505,0.0,0.1370387151837349,0.0
lciba,/media/crk/vol3/rt/coco/val2017/000000088250.jpg,Two elephants with their trunks attached to each other,2.0444076508283615,0.0,0.1718243584036827,0.0
libragrad,/media/crk/vol3/rt/coco/val2017/000000088250.jpg,Two elephants with their trunks attached to each other,1.5594054013490677,0.0,0.24949032813310623,0.0
fusion,/media/crk/vol3/rt/coco/val2017/000000088250.jpg,Two elephants with their trunks attached to each other,2.361406944692135,0.0,0.25179795920848846,0.0
m2ib,/media/crk/vol3/rt/coco/val2017/000000073118.jpg,Two brown teddy bears sitting side by side.,1.9371675327420235,0.0,0.08015111088752747,0.0
lciba,/media/crk/vol3/rt/coco/val2017/000000073118.jpg,Two brown teddy bears sitting side by side.,2.9051946476101875,0.0,0.0096052885055542,0.0
libragrad,/media/crk/vol3/rt/coco/val2017/000000073118.jpg,Two brown teddy bears sitting side by side.,2.351337857544422,0.0,0.0,0.0
fusion,/media/crk/vol3/rt/coco/val2017/000000073118.jpg,Two brown teddy bears sitting side by side.,0.0,100.0,0.0,0.0
m2ib,/media/crk/vol3/rt/coco/val2017/000000357888.jpg,a man wearing an orange shirt holding up a tiny kite,1.2932926416397095,0.0,0.01865476369857788,0.0
lciba,/media/crk/vol3/rt/coco/val2017/000000357888.jpg,a man wearing an orange shirt holding up a tiny kite,2.306271716952324,0.0,0.57329460978508,0.0
libragrad,/media/crk/vol3/rt/coco/val2017/000000357888.jpg,a man wearing an orange shirt holding up a tiny kite,2.1538853645324707,0.0,0.0,0.0
fusion,/media/crk/vol3/rt/coco/val2017/000000357888.jpg,a man wearing an orange shirt holding up a tiny kite,0.31187161803245544,0.0,0.0,0.0
m2ib,/media/crk/vol3/rt/coco/val2017/000000329041.jpg,A group of brief cases are piled up on the sidewalks.,0.0,100.0,1.4881573617458344,0.0
lciba,/media/crk/vol3/rt/coco/val2017/000000329041.jpg,A group of brief cases are piled up on the sidewalks.,0.0,100.0,0.7202249020338058,0.0
libragrad,/media/crk/vol3/rt/coco/val2017/000000329041.jpg,A group of brief cases are piled up on the sidewalks.,0.0,100.0,0.0,0.0
fusion,/media/crk/vol3/rt/coco/val2017/000000329041.jpg,A group of brief cases are piled up on the sidewalks.,0.0,100.0,0.0,0.0
m2ib,/media/crk/vol3/rt/coco/val2017/000000125211.jpg,A zebra standing on top of a grass covered field.,0.0,100.0,0.0822804868221283,0.0
lciba,/media/crk/vol3/rt/coco/val2017/000000125211.jpg,A zebra standing on top of a grass covered field.,0.0,100.0,0.0,100.0
libragrad,/media/crk/vol3/rt/coco/val2017/000000125211.jpg,A zebra standing on top of a grass covered field.,0.0,100.0,0.0,0.0
fusion,/media/crk/vol3/rt/coco/val2017/000000125211.jpg,A zebra standing on top of a grass covered field.,1.1120714247226715,0.0,0.0,0.0
m2ib,/media/crk/vol3/rt/coco/val2017/000000357501.jpg,A gold colored pair of scissors cutting into a piece of bejeweled fabric with other bejeweled items in the background.,0.02927510067820549,0.0,0.25776857510209084,0.0
lciba,/media/crk/vol3/rt/coco/val2017/000000357501.jpg,A gold colored pair of scissors cutting into a piece of bejeweled fabric with other bejeweled items in the background.,0.08612917736172676,0.0,1.1812725104391575,0.0
libragrad,/media/crk/vol3/rt/coco/val2017/000000357501.jpg,A gold colored pair of scissors cutting into a piece of bejeweled fabric with other bejeweled items in the background.,0.6093194708228111,0.0,0.0,0.0
fusion,/media/crk/vol3/rt/coco/val2017/000000357501.jpg,A gold colored pair of scissors cutting into a piece of bejeweled fabric with other bejeweled items in the background.,0.0,100.0,0.0,100.0
m2ib,/media/crk/vol3/rt/coco/val2017/000000494188.jpg,A black bird sitting next to a couple of people in chairs.,0.0,100.0,0.2543920651078224,0.0
lciba,/media/crk/vol3/rt/coco/val2017/000000494188.jpg,A black bird sitting next to a couple of people in chairs.,0.0,100.0,0.32152943313121796,0.0
libragrad,/media/crk/vol3/rt/coco/val2017/000000494188.jpg,A black bird sitting next to a couple of people in chairs.,0.0,100.0,0.0,0.0
fusion,/media/crk/vol3/rt/coco/val2017/000000494188.jpg,A black bird sitting next to a couple of people in chairs.,1.2094514444470406,0.0,0.0,0.0
m2ib,/media/crk/vol3/rt/coco/val2017/000000162858.jpg,cars setting at traffic light leading to capitol building,2.030428685247898,0.0,0.0,0.0
lciba,/media/crk/vol3/rt/coco/val2017/000000162858.jpg,cars setting at traffic light leading to capitol building,1.8685746937990189,0.0,1.1769216507673264,0.0
libragrad,/media/crk/vol3/rt/coco/val2017/000000162858.jpg,cars setting at traffic light leading to capitol building,2.609829604625702,0.0,0.0,0.0
fusion,/media/crk/vol3/rt/coco/val2017/000000162858.jpg,cars setting at traffic light leading to capitol building,3.6100726574659348,0.0,0.0,0.0
m2ib,/media/crk/vol3/rt/coco/val2017/000000386352.jpg,a tennis player who has just made a shot.,0.5273165181279182,0.0,0.24308506399393082,0.0
lciba,/media/crk/vol3/rt/coco/val2017/000000386352.jpg,a tennis player who has just made a shot.,0.02548322081565857,0.0,0.41373111307621,0.0
libragrad,/media/crk/vol3/rt/coco/val2017/000000386352.jpg,a tennis player who has just made a shot.,1.0873056948184967,0.0,0.0,0.0
fusion,/media/crk/vol3/rt/coco/val2017/000000386352.jpg,a tennis player who has just made a shot.,0.0,100.0,0.0,0.0
m2ib,/media/crk/vol3/rt/coco/val2017/000000461573.jpg,A metal park bench sitting next to a small road.,0.4326479509472847,0.0,1.3785729184746742,0.0
lciba,/media/crk/vol3/rt/coco/val2017/000000461573.jpg,A metal park bench sitting next to a small road.,0.08667632937431335,0.0,0.0491579994559288,0.0
libragrad,/media/crk/vol3/rt/coco/val2017/000000461573.jpg,A metal park bench sitting next to a small road.,0.8602607995271683,0.0,0.0,0.0
fusion,/media/crk/vol3/rt/coco/val2017/000000461573.jpg,A metal park bench sitting next to a small road.,0.8616127073764801,0.0,0.0,0.0
m2ib,/media/crk/vol3/rt/coco/val2017/000000515266.jpg,A white truck parked next to a white trailer.,5.0983671098947525,0.0,0.0430867075920105,0.0
lciba,/media/crk/vol3/rt/coco/val2017/000000515266.jpg,A white truck parked next to a white trailer.,5.214948579668999,0.0,0.3738425672054291,0.0
libragrad,/media/crk/vol3/rt/coco/val2017/000000515266.jpg,A white truck parked next to a white trailer.,4.515163600444794,0.0,0.0,0.0
fusion,/media/crk/vol3/rt/coco/val2017/000000515266.jpg,A white truck parked next to a white trailer.,5.544071644544601,0.0,0.028209760785102844,0.0
m2ib,/media/crk/vol3/rt/coco/val2017/000000377635.jpg,A person doing skateboard ticks at a skate park,0.0,100.0,0.3754861652851105,0.0
lciba,/media/crk/vol3/rt/coco/val2017/000000377635.jpg,A person doing skateboard ticks at a skate park,0.0,100.0,0.413442961871624,0.0
libragrad,/media/crk/vol3/rt/coco/val2017/000000377635.jpg,A person doing skateboard ticks at a skate park,0.0,100.0,0.0,0.0
fusion,/media/crk/vol3/rt/coco/val2017/000000377635.jpg,A person doing skateboard ticks at a skate park,1.4539705589413643,0.0,0.05815736949443817,0.0
m2ib,/media/crk/vol3/rt/coco/val2017/000000539962.jpg,A large blue swimming pool sitting next to a hotel surrounded by palm trees.,0.0,100.0,0.43084248900413513,0.0
lciba,/media/crk/vol3/rt/coco/val2017/000000539962.jpg,A large blue swimming pool sitting next to a hotel surrounded by palm trees.,0.0,100.0,0.28007086366415024,0.0
libragrad,/media/crk/vol3/rt/coco/val2017/000000539962.jpg,A large blue swimming pool sitting next to a hotel surrounded by palm trees.,0.0,100.0,0.0,0.0
fusion,/media/crk/vol3/rt/coco/val2017/000000539962.jpg,A large blue swimming pool sitting next to a hotel surrounded by palm trees.,0.0,100.0,0.0,0.0
m2ib,/media/crk/vol3/rt/coco/val2017/000000530854.jpg,People are walking in the rain holding umbrellas.,2.281520701944828,0.0,0.0,100.0
lciba,/media/crk/vol3/rt/coco/val2017/000000530854.jpg,People are walking in the rain holding umbrellas.,0.7666848599910736,0.0,0.0,100.0
libragrad,/media/crk/vol3/rt/coco/val2017/000000530854.jpg,People are walking in the rain holding umbrellas.,0.758126936852932,0.0,0.0,0.0
fusion,/media/crk/vol3/rt/coco/val2017/000000530854.jpg,People are walking in the rain holding umbrellas.,0.3855375573039055,0.0,0.0,100.0
m2ib,/media/crk/vol3/rt/coco/val2017/000000048924.jpg,A dirt bike parked near a tent in the woods.,2.3632384836673737,0.0,0.5407676100730896,0.0
lciba,/media/crk/vol3/rt/coco/val2017/000000048924.jpg,A dirt bike parked near a tent in the woods.,3.251764178276062,0.0,0.07298383861780167,0.0
libragrad,/media/crk/vol3/rt/coco/val2017/000000048924.jpg,A dirt bike parked near a tent in the woods.,4.051174968481064,0.0,0.0,0.0
fusion,/media/crk/vol3/rt/coco/val2017/000000048924.jpg,A dirt bike parked near a tent in the woods.,2.623053267598152,0.0,0.0,0.0
m2ib,/media/crk/vol3/rt/coco/val2017/000000184400.jpg,A train as it travels down the tracks over a bridge.,3.2914526760578156,0.0,1.3580132275819778,0.0
lciba,/media/crk/vol3/rt/coco/val2017/000000184400.jpg,A train as it travels down the tracks over a bridge.,3.2456547021865845,0.0,1.4292087405920029,0.0
libragrad,/media/crk/vol3/rt/coco/val2017/000000184400.jpg,A train as it travels down the tracks over a bridge.,3.5728003829717636,0.0,0.047122687101364136,0.0
fusion,/media/crk/vol3/rt/coco/val2017/000000184400.jpg,A train as it travels down the tracks over a bridge.,5.262899026274681,0.0,0.037848204374313354,0.0
m2ib,/media/crk/vol3/rt/coco/val2017/000000017436.jpg,A man sitting on a bench with a tall building behind him.,3.7335634231567383,0.0,0.004117563366889954,0.0
lciba,/media/crk/vol3/rt/coco/val2017/000000017436.jpg,A man sitting on a bench with a tall building behind him.,5.491475760936737,0.0,0.27069803327322006,0.0
libragrad,/media/crk/vol3/rt/coco/val2017/000000017436.jpg,A man sitting on a bench with a tall building behind him.,6.196117773652077,0.0,0.0,0.0
fusion,/media/crk/vol3/rt/coco/val2017/000000017436.jpg,A man sitting on a bench with a tall building behind him.,1.103121042251587,0.0,0.0,0.0
m2ib,/media/crk/vol3/rt/coco/val2017/000000230450.jpg,there is a large building under construction and many parking meters,4.36306819319725,0.0,0.0,0.0
lciba,/media/crk/vol3/rt/coco/val2017/000000230450.jpg,there is a large building under construction and many parking meters,3.679453954100609,0.0,1.2914580292999744,0.0
libragrad,/media/crk/vol3/rt/coco/val2017/000000230450.jpg,there is a large building under construction and many parking meters,1.9919628277420998,0.0,0.0,0.0
fusion,/media/crk/vol3/rt/coco/val2017/000000230450.jpg,there is a large building under construction and many parking meters,2.419525384902954,0.0,0.0,0.0
m2ib,/media/crk/vol3/rt/coco/val2017/000000363207.jpg,A newly married couple sharing a piece of there wedding cake.,0.0,100.0,0.08836910128593445,0.0
lciba,/media/crk/vol3/rt/coco/val2017/000000363207.jpg,A newly married couple sharing a piece of there wedding cake.,0.7258865982294083,0.0,2.231624349951744,0.0
libragrad,/media/crk/vol3/rt/coco/val2017/000000363207.jpg,A newly married couple sharing a piece of there wedding cake.,0.8581236004829407,0.0,0.0,0.0
fusion,/media/crk/vol3/rt/coco/val2017/000000363207.jpg,A newly married couple sharing a piece of there wedding cake.,1.2447107583284378,0.0,0.016395747661590576,0.0
m2ib,/media/crk/vol3/rt/coco/val2017/000000328430.jpg,A tennis ball and a woman with a racket on a tennis court.,0.8772730827331543,0.0,0.0,100.0
lciba,/media/crk/vol3/rt/coco/val2017/000000328430.jpg,A tennis ball and a woman with a racket on a tennis court.,1.5142563730478287,0.0,0.0,100.0
libragrad,/media/crk/vol3/rt/coco/val2017/000000328430.jpg,A tennis ball and a woman with a racket on a tennis court.,2.3686083033680916,0.0,0.0,0.0
fusion,/media/crk/vol3/rt/coco/val2017/000000328430.jpg,A tennis ball and a woman with a racket on a tennis court.,3.8155078887939453,0.0,0.0,0.0
m2ib,/media/crk/vol3/rt/coco/val2017/000000151000.jpg,A woman taking pictures on a busy street.,0.0,100.0,0.005772523581981659,0.0
lciba,/media/crk/vol3/rt/coco/val2017/000000151000.jpg,A woman taking pictures on a busy street.,0.0,100.0,1.5472283586859703,0.0
libragrad,/media/crk/vol3/rt/coco/val2017/000000151000.jpg,A woman taking pictures on a busy street.,0.0,100.0,0.0,0.0
fusion,/media/crk/vol3/rt/coco/val2017/000000151000.jpg,A woman taking pictures on a busy street.,0.0,100.0,0.0,0.0
m2ib,/media/crk/vol3/rt/coco/val2017/000000117525.jpg,A man in front of a Christmas tree with his dog.,1.1686202138662338,0.0,0.08470658212900162,0.0
lciba,/media/crk/vol3/rt/coco/val2017/000000117525.jpg,A man in front of a Christmas tree with his dog.,1.5043094754219055,0.0,0.6197771988809109,0.0
libragrad,/media/crk/vol3/rt/coco/val2017/000000117525.jpg,A man in front of a Christmas tree with his dog.,1.896056905388832,0.0,0.0,0.0
fusion,/media/crk/vol3/rt/coco/val2017/000000117525.jpg,A man in front of a Christmas tree with his dog.,5.182097479701042,0.0,0.029177870601415634,0.0
m2ib,/media/crk/vol3/rt/coco/val2017/000000549220.jpg,A dog on a leash trying to ride a skateboard.,0.0,100.0,0.14104414731264114,0.0
lciba,/media/crk/vol3/rt/coco/val2017/000000549220.jpg,A dog on a leash trying to ride a skateboard.,0.0,100.0,1.6927976161241531,0.0
libragrad,/media/crk/vol3/rt/coco/val2017/000000549220.jpg,A dog on a leash trying to ride a skateboard.,0.0,100.0,0.0,0.0
fusion,/media/crk/vol3/rt/coco/val2017/000000549220.jpg,A dog on a leash trying to ride a skateboard.,0.0,100.0,0.06838049739599228,0.0
m2ib,/media/crk/vol3/rt/coco/val2017/000000123213.jpg,a baseball player on a field with a bat ,1.6929641366004944,0.0,0.11427109129726887,0.0
lciba,/media/crk/vol3/rt/coco/val2017/000000123213.jpg,a baseball player on a field with a bat ,0.8554056286811829,0.0,0.15907916240394115,0.0
libragrad,/media/crk/vol3/rt/coco/val2017/000000123213.jpg,a baseball player on a field with a bat ,1.1273283511400223,0.0,0.0,0.0
fusion,/media/crk/vol3/rt/coco/val2017/000000123213.jpg,a baseball player on a field with a bat ,0.0,100.0,0.0,0.0
m2ib,/media/crk/vol3/rt/coco/val2017/000000224807.jpg,Men sit around a table sharing a meal.,0.0,100.0,0.06336970254778862,0.0
lciba,/media/crk/vol3/rt/coco/val2017/000000224807.jpg,Men sit around a table sharing a meal.,0.0,100.0,0.08158572018146515,0.0
libragrad,/media/crk/vol3/rt/coco/val2017/000000224807.jpg,Men sit around a table sharing a meal.,0.0,100.0,0.0,0.0
fusion,/media/crk/vol3/rt/coco/val2017/000000224807.jpg,Men sit around a table sharing a meal.,0.4188526887446642,0.0,0.022995751351118088,0.0
m2ib,/media/crk/vol3/rt/coco/val2017/000000432468.jpg,A cat sleeping on top of a closed suit case.,0.0,100.0,0.47216303646564484,0.0
lciba,/media/crk/vol3/rt/coco/val2017/000000432468.jpg,A cat sleeping on top of a closed suit case.,0.0,100.0,0.0,100.0
libragrad,/media/crk/vol3/rt/coco/val2017/000000432468.jpg,A cat sleeping on top of a closed suit case.,0.0,100.0,0.0,0.0
fusion,/media/crk/vol3/rt/coco/val2017/000000432468.jpg,A cat sleeping on top of a closed suit case.,0.0,100.0,0.03120340406894684,0.0
m2ib,/media/crk/vol3/rt/coco/val2017/000000322163.jpg,A group of three chefs preparing food in a kitchen.,0.12033432722091675,0.0,0.14522969722747803,0.0
lciba,/media/crk/vol3/rt/coco/val2017/000000322163.jpg,A group of three chefs preparing food in a kitchen.,1.3480458408594131,0.0,0.1254841685295105,0.0
libragrad,/media/crk/vol3/rt/coco/val2017/000000322163.jpg,A group of three chefs preparing food in a kitchen.,1.7168490216135979,0.0,0.0,0.0
fusion,/media/crk/vol3/rt/coco/val2017/000000322163.jpg,A group of three chefs preparing food in a kitchen.,3.710983693599701,0.0,0.07862374186515808,0.0
m2ib,/media/crk/vol3/rt/coco/val2017/000000076547.jpg,the man is working on his laptop while he waits for the train.,0.0,100.0,0.42897872626781464,0.0
lciba,/media/crk/vol3/rt/coco/val2017/000000076547.jpg,the man is working on his laptop while he waits for the train.,0.22003129124641418,0.0,0.6417211145162582,0.0
libragrad,/media/crk/vol3/rt/coco/val2017/000000076547.jpg,the man is working on his laptop while he waits for the train.,0.007410719990730286,0.0,0.0,0.0
fusion,/media/crk/vol3/rt/coco/val2017/000000076547.jpg,the man is working on his laptop while he waits for the train.,0.0,100.0,0.027912110090255737,0.0
m2ib,/media/crk/vol3/rt/coco/val2017/000000410735.jpg,Various different pictures of food in a bowl.,0.0,100.0,0.0,100.0
lciba,/media/crk/vol3/rt/coco/val2017/000000410735.jpg,Various different pictures of food in a bowl.,0.0,100.0,0.2488207072019577,0.0
libragrad,/media/crk/vol3/rt/coco/val2017/000000410735.jpg,Various different pictures of food in a bowl.,0.0,100.0,0.0,0.0
fusion,/media/crk/vol3/rt/coco/val2017/000000410735.jpg,Various different pictures of food in a bowl.,0.0,100.0,0.0,0.0
m2ib,/media/crk/vol3/rt/coco/val2017/000000332570.jpg,the portable device is displaying a very important message.,0.6106099113821983,0.0,1.3948706910014153,0.0
lciba,/media/crk/vol3/rt/coco/val2017/000000332570.jpg,the portable device is displaying a very important message.,0.14901179820299149,0.0,0.39055291563272476,0.0
libragrad,/media/crk/vol3/rt/coco/val2017/000000332570.jpg,the portable device is displaying a very important message.,0.6720339879393578,0.0,0.0,0.0
fusion,/media/crk/vol3/rt/coco/val2017/000000332570.jpg,the portable device is displaying a very important message.,0.4793427884578705,0.0,0.0,0.0
m2ib,/media/crk/vol3/rt/coco/val2017/000000348243.jpg,A chubby black pony in a pasture looking ahead.,0.06415881216526031,0.0,1.2449819594621658,0.0
lciba,/media/crk/vol3/rt/coco/val2017/000000348243.jpg,A chubby black pony in a pasture looking ahead.,1.533472165465355,0.0,1.2800250202417374,0.0
libragrad,/media/crk/vol3/rt/coco/val2017/000000348243.jpg,A chubby black pony in a pasture looking ahead.,0.3966599702835083,0.0,0.0,0.0
fusion,/media/crk/vol3/rt/coco/val2017/000000348243.jpg,A chubby black pony in a pasture looking ahead.,0.2903534099459648,0.0,1.200471818447113,0.0
m2ib,/media/crk/vol3/rt/coco/val2017/000000180878.jpg,A table topped with a smart phone next to a white bag.,0.0,100.0,1.7694834619760513,0.0
lciba,/media/crk/vol3/rt/coco/val2017/000000180878.jpg,A table topped with a smart phone next to a white bag.,1.5806900337338448,0.0,1.7109319567680359,0.0
libragrad,/media/crk/vol3/rt/coco/val2017/000000180878.jpg,A table topped with a smart phone next to a white bag.,0.7245078682899475,0.0,0.0,0.0
fusion,/media/crk/vol3/rt/coco/val2017/000000180878.jpg,A table topped with a smart phone next to a white bag.,1.6418762505054474,0.0,0.05727633833885193,0.0
m2ib,/media/crk/vol3/rt/coco/val2017/000000499031.jpg,A group of two women and an older woman between them.,1.7047978937625885,0.0,1.5936795622110367,0.0
lciba,/media/crk/vol3/rt/coco/val2017/000000499031.jpg,A group of two women and an older woman between them.,2.100735902786255,0.0,0.5563106387853622,0.0
libragrad,/media/crk/vol3/rt/coco/val2017/000000499031.jpg,A group of two women and an older woman between them.,1.7158418893814087,0.0,0.0,0.0
fusion,/media/crk/vol3/rt/coco/val2017/000000499031.jpg,A group of two women and an older woman between them.,1.8632687628269196,0.0,1.7440259456634521,0.0
m2ib,/media/crk/vol3/rt/coco/val2017/000000363188.jpg,People dressed as zombies walking down the street.,0.1613374799489975,0.0,0.38729459047317505,0.0
lciba,/media/crk/vol3/rt/coco/val2017/000000363188.jpg,People dressed as zombies walking down the street.,1.7982305958867073,0.0,0.44839903712272644,0.0
libragrad,/media/crk/vol3/rt/coco/val2017/000000363188.jpg,People dressed as zombies walking down the street.,1.606946624815464,0.0,0.0,0.0
fusion,/media/crk/vol3/rt/coco/val2017/000000363188.jpg,People dressed as zombies walking down the street.,1.90275888890028,0.0,0.39935559034347534,0.0
m2ib,/media/crk/vol3/rt/coco/val2017/000000130386.jpg,A sign on the side of a busy street outside a shopping center,0.0,100.0,1.9837778061628342,0.0
lciba,/media/crk/vol3/rt/coco/val2017/000000130386.jpg,A sign on the side of a busy street outside a shopping center,0.0,100.0,0.0819578766822815,0.0
libragrad,/media/crk/vol3/rt/coco/val2017/000000130386.jpg,A sign on the side of a busy street outside a shopping center,0.0,100.0,0.0,0.0
fusion,/media/crk/vol3/rt/coco/val2017/000000130386.jpg,A sign on the side of a busy street outside a shopping center,0.4704302176833153,0.0,0.0,0.0
m2ib,/media/crk/vol3/rt/coco/val2017/000000435081.jpg,a collection of various food pictures mostly of desert type items,0.796811655163765,0.0,0.14275163412094116,0.0
lciba,/media/crk/vol3/rt/coco/val2017/000000435081.jpg,a collection of various food pictures mostly of desert type items,0.7919482886791229,0.0,0.06502009928226471,0.0
libragrad,/media/crk/vol3/rt/coco/val2017/000000435081.jpg,a collection of various food pictures mostly of desert type items,0.15040189027786255,0.0,0.0,0.0
fusion,/media/crk/vol3/rt/coco/val2017/000000435081.jpg,a collection of various food pictures mostly of desert type items,1.509140059351921,0.0,0.0,0.0
m2ib,/media/crk/vol3/rt/coco/val2017/000000034257.jpg,A market display case filled with different colored vegetables.,1.7519490793347359,0.0,0.0,0.0
lciba,/media/crk/vol3/rt/coco/val2017/000000034257.jpg,A market display case filled with different colored vegetables.,1.4245301485061646,0.0,0.45861080288887024,0.0
libragrad,/media/crk/vol3/rt/coco/val2017/000000034257.jpg,A market display case filled with different colored vegetables.,1.7073644325137138,0.0,0.0,0.0
fusion,/media/crk/vol3/rt/coco/val2017/000000034257.jpg,A market display case filled with different colored vegetables.,3.0941814184188843,0.0,0.0,0.0
m2ib,/media/crk/vol3/rt/coco/val2017/000000535156.jpg,A large elephant scratching it's back on the side of a pole.,0.17944537103176117,0.0,0.0,0.0
lciba,/media/crk/vol3/rt/coco/val2017/000000535156.jpg,A large elephant scratching it's back on the side of a pole.,2.1005848422646523,0.0,1.3951275497674942,0.0
libragrad,/media/crk/vol3/rt/coco/val2017/000000535156.jpg,A large elephant scratching it's back on the side of a pole.,2.0017478615045547,0.0,0.0,0.0
fusion,/media/crk/vol3/rt/coco/val2017/000000535156.jpg,A large elephant scratching it's back on the side of a pole.,3.7373922765254974,0.0,0.0,0.0
m2ib,/media/crk/vol3/rt/coco/val2017/000000175438.jpg,A large cock sitting in the middle of a street.,0.0,100.0,0.0,0.0
lciba,/media/crk/vol3/rt/coco/val2017/000000175438.jpg,A large cock sitting in the middle of a street.,0.0,100.0,0.27823951095342636,0.0
libragrad,/media/crk/vol3/rt/coco/val2017/000000175438.jpg,A large cock sitting in the middle of a street.,0.9697698056697845,0.0,0.0,0.0
fusion,/media/crk/vol3/rt/coco/val2017/000000175438.jpg,A large cock sitting in the middle of a street.,3.1891196966171265,0.0,0.0,0.0
m2ib,/media/crk/vol3/rt/coco/val2017/000000545007.jpg,A clock tower with a statue on top of it,0.0,100.0,1.4893101528286934,0.0
lciba,/media/crk/vol3/rt/coco/val2017/000000545007.jpg,A clock tower with a statue on top of it,0.0,100.0,1.6595210880041122,0.0
libragrad,/media/crk/vol3/rt/coco/val2017/000000545007.jpg,A clock tower with a statue on top of it,0.0,100.0,0.0,0.0
fusion,/media/crk/vol3/rt/coco/val2017/000000545007.jpg,A clock tower with a statue on top of it,1.251838542521,0.0,0.0,0.0
m2ib,/media/crk/vol3/rt/coco/val2017/000000293300.jpg,Two large elephants standing next to a wire fence.,0.0,100.0,0.2966763451695442,0.0
lciba,/media/crk/vol3/rt/coco/val2017/000000293300.jpg,Two large elephants standing next to a wire fence.,0.0,100.0,0.22505950182676315,0.0
libragrad,/media/crk/vol3/rt/coco/val2017/000000293300.jpg,Two large elephants standing next to a wire fence.,0.0,100.0,0.0,0.0
fusion,/media/crk/vol3/rt/coco/val2017/000000293300.jpg,Two large elephants standing next to a wire fence.,0.0,100.0,0.028762035071849823,0.0
m2ib,/media/crk/vol3/rt/coco/val2017/000000302165.jpg,A herd of cows laying on dry grass.,0.0,100.0,1.5835855156183243,0.0
lciba,/media/crk/vol3/rt/coco/val2017/000000302165.jpg,A herd of cows laying on dry grass.,0.0,100.0,0.21091178059577942,0.0
libragrad,/media/crk/vol3/rt/coco/val2017/000000302165.jpg,A herd of cows laying on dry grass.,0.0,100.0,0.0,0.0
fusion,/media/crk/vol3/rt/coco/val2017/000000302165.jpg,A herd of cows laying on dry grass.,0.0,100.0,0.0,100.0
m2ib,/media/crk/vol3/rt/coco/val2017/000000542089.jpg,a bathroom with a bath tub a sink and a mirror,0.0,100.0,0.4819940775632858,0.0
lciba,/media/crk/vol3/rt/coco/val2017/000000542089.jpg,a bathroom with a bath tub a sink and a mirror,0.0,100.0,0.0,100.0
libragrad,/media/crk/vol3/rt/coco/val2017/000000542089.jpg,a bathroom with a bath tub a sink and a mirror,0.0,100.0,0.0,0.0
fusion,/media/crk/vol3/rt/coco/val2017/000000542089.jpg,a bathroom with a bath tub a sink and a mirror,0.0,100.0,0.0,0.0
m2ib,/media/crk/vol3/rt/coco/val2017/000000437239.jpg,A group of people standing on a field playing disc golf.,2.0321739837527275,0.0,0.07688216865062714,0.0
lciba,/media/crk/vol3/rt/coco/val2017/000000437239.jpg,A group of people standing on a field playing disc golf.,2.256423607468605,0.0,0.6489310413599014,0.0
libragrad,/media/crk/vol3/rt/coco/val2017/000000437239.jpg,A group of people standing on a field playing disc golf.,2.3739468306303024,0.0,0.0,0.0
fusion,/media/crk/vol3/rt/coco/val2017/000000437239.jpg,A group of people standing on a field playing disc golf.,1.2900259345769882,0.0,0.004438310861587524,0.0
m2ib,/media/crk/vol3/rt/coco/val2017/000000210032.jpg,Two birds preparing to eat food off of a plate that was left on a table outside by the ocean.,2.394980564713478,0.0,0.04128962755203247,0.0
lciba,/media/crk/vol3/rt/coco/val2017/000000210032.jpg,Two birds preparing to eat food off of a plate that was left on a table outside by the ocean.,2.9153354465961456,0.0,0.3750588744878769,0.0
libragrad,/media/crk/vol3/rt/coco/val2017/000000210032.jpg,Two birds preparing to eat food off of a plate that was left on a table outside by the ocean.,3.264041990041733,0.0,0.04279874265193939,0.0
fusion,/media/crk/vol3/rt/coco/val2017/000000210032.jpg,Two birds preparing to eat food off of a plate that was left on a table outside by the ocean.,3.258509933948517,0.0,0.0,100.0
m2ib,/media/crk/vol3/rt/coco/val2017/000000579902.jpg,A person riding a motorcycle down a street.,1.142367534339428,0.0,1.9123265519738197,0.0
lciba,/media/crk/vol3/rt/coco/val2017/000000579902.jpg,A person riding a motorcycle down a street.,1.1196596547961235,0.0,0.42522596195340157,0.0
libragrad,/media/crk/vol3/rt/coco/val2017/000000579902.jpg,A person riding a motorcycle down a street.,1.0132215917110443,0.0,0.0,0.0
fusion,/media/crk/vol3/rt/coco/val2017/000000579902.jpg,A person riding a motorcycle down a street.,0.0,100.0,1.8483437597751617,0.0
m2ib,/media/crk/vol3/rt/coco/val2017/000000151938.jpg,A long wooden table with a woman sitting under an umbrella.,0.0,100.0,0.37162546068429947,0.0
lciba,/media/crk/vol3/rt/coco/val2017/000000151938.jpg,A long wooden table with a woman sitting under an umbrella.,0.0,100.0,0.0,100.0
libragrad,/media/crk/vol3/rt/coco/val2017/000000151938.jpg,A long wooden table with a woman sitting under an umbrella.,0.0,100.0,0.0,0.0
fusion,/media/crk/vol3/rt/coco/val2017/000000151938.jpg,A long wooden table with a woman sitting under an umbrella.,0.0,100.0,0.36590248346328735,0.0
m2ib,/media/crk/vol3/rt/coco/val2017/000000218362.jpg,A large digital clock mounted to a wall.,0.0,100.0,0.012946873903274536,0.0
lciba,/media/crk/vol3/rt/coco/val2017/000000218362.jpg,A large digital clock mounted to a wall.,0.0,100.0,0.3097217530012131,0.0
libragrad,/media/crk/vol3/rt/coco/val2017/000000218362.jpg,A large digital clock mounted to a wall.,0.1833513379096985,0.0,0.0,0.0
fusion,/media/crk/vol3/rt/coco/val2017/000000218362.jpg,A large digital clock mounted to a wall.,0.47135427594184875,0.0,0.0,0.0
m2ib,/media/crk/vol3/rt/coco/val2017/000000530061.jpg,A child sitting down in front of a bowl.,0.0,100.0,1.1615889146924019,0.0
lciba,/media/crk/vol3/rt/coco/val2017/000000530061.jpg,A child sitting down in front of a bowl.,0.0,100.0,0.0043489038944244385,0.0
libragrad,/media/crk/vol3/rt/coco/val2017/000000530061.jpg,A child sitting down in front of a bowl.,0.7774129509925842,0.0,0.0,0.0
fusion,/media/crk/vol3/rt/coco/val2017/000000530061.jpg,A child sitting down in front of a bowl.,4.334954917430878,0.0,0.025935843586921692,0.0
m2ib,/media/crk/vol3/rt/coco/val2017/000000464824.jpg,A person is bending over to pick something off the ground.,1.8638668581843376,0.0,0.08812043815851212,0.0
lciba,/media/crk/vol3/rt/coco/val2017/000000464824.jpg,A person is bending over to pick something off the ground.,2.3959381505846977,0.0,0.09023137390613556,0.0
libragrad,/media/crk/vol3/rt/coco/val2017/000000464824.jpg,A person is bending over to pick something off the ground.,2.2455675527453423,0.0,0.0,0.0
fusion,/media/crk/vol3/rt/coco/val2017/000000464824.jpg,A person is bending over to pick something off the ground.,2.8644006699323654,0.0,0.014903023838996887,0.0
m2ib,/media/crk/vol3/rt/coco/val2017/000000509008.jpg,a lime and green bus parked on a grass field parking lot.,0.9970668703317642,0.0,0.0,100.0
lciba,/media/crk/vol3/rt/coco/val2017/000000509008.jpg,a lime and green bus parked on a grass field parking lot.,2.528180368244648,0.0,0.07387138903141022,0.0
libragrad,/media/crk/vol3/rt/coco/val2017/000000509008.jpg,a lime and green bus parked on a grass field parking lot.,3.199860453605652,0.0,0.0,0.0
fusion,/media/crk/vol3/rt/coco/val2017/000000509008.jpg,a lime and green bus parked on a grass field parking lot.,3.539387881755829,0.0,0.0,0.0
m2ib,/media/crk/vol3/rt/coco/val2017/000000476787.jpg,There is a homemade pizza on a cutting board.,2.5733143091201782,0.0,0.011932477355003357,0.0
lciba,/media/crk/vol3/rt/coco/val2017/000000476787.jpg,There is a homemade pizza on a cutting board.,3.1985118985176086,0.0,1.2428637593984604,0.0
libragrad,/media/crk/vol3/rt/coco/val2017/000000476787.jpg,There is a homemade pizza on a cutting board.,3.145495429635048,0.0,1.229582354426384,0.0
fusion,/media/crk/vol3/rt/coco/val2017/000000476787.jpg,There is a homemade pizza on a cutting board.,4.442612826824188,0.0,1.2367259711027145,0.0
m2ib,/media/crk/vol3/rt/coco/val2017/000000091619.jpg,A red stop sign sitting next to a light pole.,0.9907316416501999,0.0,0.09626559913158417,0.0
lciba,/media/crk/vol3/rt/coco/val2017/000000091619.jpg,A red stop sign sitting next to a light pole.,0.6399944424629211,0.0,0.2875670790672302,0.0
libragrad,/media/crk/vol3/rt/coco/val2017/000000091619.jpg,A red stop sign sitting next to a light pole.,1.2156689539551735,0.0,0.0,0.0
fusion,/media/crk/vol3/rt/coco/val2017/000000091619.jpg,A red stop sign sitting next to a light pole.,0.595507025718689,0.0,0.031749531626701355,0.0
m2ib,/media/crk/vol3/rt/coco/val2017/000000382030.jpg,A wig sitting next to a pair of shoes on top of a table.,0.0,100.0,0.05816882476210594,0.0
lciba,/media/crk/vol3/rt/coco/val2017/000000382030.jpg,A wig sitting next to a pair of shoes on top of a table.,0.0,100.0,1.4164349064230919,0.0
libragrad,/media/crk/vol3/rt/coco/val2017/000000382030.jpg,A wig sitting next to a pair of shoes on top of a table.,0.0,100.0,1.407703384757042,0.0
fusion,/media/crk/vol3/rt/coco/val2017/000000382030.jpg,A wig sitting next to a pair of shoes on top of a table.,1.7195455729961395,0.0,0.013729603961110115,0.0
m2ib,/media/crk/vol3/rt/coco/val2017/000000521231.jpg,A polar bear standing by rocks in a grassy habitat.,0.47190263867378235,0.0,0.5812622606754303,0.0
lciba,/media/crk/vol3/rt/coco/val2017/000000521231.jpg,A polar bear standing by rocks in a grassy habitat.,0.6887525320053101,0.0,0.1430664211511612,0.0
libragrad,/media/crk/vol3/rt/coco/val2017/000000521231.jpg,A polar bear standing by rocks in a grassy habitat.,1.0571714490652084,0.0,0.0,0.0
fusion,/media/crk/vol3/rt/coco/val2017/000000521231.jpg,A polar bear standing by rocks in a grassy habitat.,0.5246825516223907,0.0,0.0,0.0
m2ib,/media/crk/vol3/rt/coco/val2017/000000198805.jpg,A group of trucks and cars parked in a parking lot.,1.3025023974478245,0.0,0.1819891855120659,0.0
lciba,/media/crk/vol3/rt/coco/val2017/000000198805.jpg,A group of trucks and cars parked in a parking lot.,1.8840979784727097,0.0,0.8031481876969337,0.0
libragrad,/media/crk/vol3/rt/coco/val2017/000000198805.jpg,A group of trucks and cars parked in a parking lot.,2.1634861826896667,0.0,0.0,0.0
fusion,/media/crk/vol3/rt/coco/val2017/000000198805.jpg,A group of trucks and cars parked in a parking lot.,2.382628805935383,0.0,0.021877512335777283,0.0
m2ib,/media/crk/vol3/rt/coco/val2017/000000570448.jpg,A man sanding on a boat next to a beach.,2.1107668057084084,0.0,0.07282961159944534,0.0
lciba,/media/crk/vol3/rt/coco/val2017/000000570448.jpg,A man sanding on a boat next to a beach.,2.49355211853981,0.0,0.12333700433373451,0.0
libragrad,/media/crk/vol3/rt/coco/val2017/000000570448.jpg,A man sanding on a boat next to a beach.,2.4399636313319206,0.0,0.0,0.0
fusion,/media/crk/vol3/rt/coco/val2017/000000570448.jpg,A man sanding on a boat next to a beach.,1.3596165925264359,0.0,0.0,100.0
m2ib,/media/crk/vol3/rt/coco/val2017/000000078565.jpg,Sail boats sail over a body of water while people stand near the shoreline. ,1.0676784440875053,0.0,0.004267692565917969,0.0
lciba,/media/crk/vol3/rt/coco/val2017/000000078565.jpg,Sail boats sail over a body of water while people stand near the shoreline. ,1.052701473236084,0.0,0.49898838624358177,0.0
libragrad,/media/crk/vol3/rt/coco/val2017/000000078565.jpg,Sail boats sail over a body of water while people stand near the shoreline. ,1.1532235890626907,0.0,0.0,0.0
fusion,/media/crk/vol3/rt/coco/val2017/000000078565.jpg,Sail boats sail over a body of water while people stand near the shoreline. ,1.5352090820670128,0.0,0.0,100.0
m2ib,/media/crk/vol3/rt/coco/val2017/000000280710.jpg,A group of people walking down a city street near a bus.,3.527967631816864,0.0,0.055757397785782814,0.0
lciba,/media/crk/vol3/rt/coco/val2017/000000280710.jpg,A group of people walking down a city street near a bus.,3.116624802350998,0.0,0.17900164239108562,0.0
libragrad,/media/crk/vol3/rt/coco/val2017/000000280710.jpg,A group of people walking down a city street near a bus.,3.495166078209877,0.0,0.0,0.0
fusion,/media/crk/vol3/rt/coco/val2017/000000280710.jpg,A group of people walking down a city street near a bus.,3.0246254056692123,0.0,0.0,0.0
m2ib,/media/crk/vol3/rt/coco/val2017/000000150638.jpg,A table holding a variety of beverages at an outdoor party.,1.1090666055679321,0.0,0.021675601601600647,0.0
lciba,/media/crk/vol3/rt/coco/val2017/000000150638.jpg,A table holding a variety of beverages at an outdoor party.,0.7832948118448257,0.0,2.1049607545137405,0.0
libragrad,/media/crk/vol3/rt/coco/val2017/000000150638.jpg,A table holding a variety of beverages at an outdoor party.,0.2925444394350052,0.0,0.0,0.0
fusion,/media/crk/vol3/rt/coco/val2017/000000150638.jpg,A table holding a variety of beverages at an outdoor party.,1.295696571469307,0.0,0.0,0.0
m2ib,/media/crk/vol3/rt/coco/val2017/000000313034.jpg,A man in a green shirt stands by a girl holding a piece of cake on a plate.,0.47454070299863815,0.0,0.07061176002025604,0.0
lciba,/media/crk/vol3/rt/coco/val2017/000000313034.jpg,A man in a green shirt stands by a girl holding a piece of cake on a plate.,0.298444926738739,0.0,1.0903498157858849,0.0
libragrad,/media/crk/vol3/rt/coco/val2017/000000313034.jpg,A man in a green shirt stands by a girl holding a piece of cake on a plate.,0.11519845575094223,0.0,0.0,0.0
fusion,/media/crk/vol3/rt/coco/val2017/000000313034.jpg,A man in a green shirt stands by a girl holding a piece of cake on a plate.,1.2994229793548584,0.0,0.0,0.0
m2ib,/media/crk/vol3/rt/coco/val2017/000000092839.jpg,A polar bear with his chin raised lies on a rock.,0.0,100.0,0.0,100.0
lciba,/media/crk/vol3/rt/coco/val2017/000000092839.jpg,A polar bear with his chin raised lies on a rock.,0.0,100.0,0.12181885540485382,0.0
libragrad,/media/crk/vol3/rt/coco/val2017/000000092839.jpg,A polar bear with his chin raised lies on a rock.,0.0,100.0,0.0,0.0
fusion,/media/crk/vol3/rt/coco/val2017/000000092839.jpg,A polar bear with his chin raised lies on a rock.,0.18056314438581467,0.0,0.0,0.0
m2ib,/media/crk/vol3/rt/coco/val2017/000000019402.jpg,A COUPLE WEARING HEAVY COATS LAUGHING WHILE EATING PIZZA.,0.6090598180890083,0.0,0.1229235902428627,0.0
lciba,/media/crk/vol3/rt/coco/val2017/000000019402.jpg,A COUPLE WEARING HEAVY COATS LAUGHING WHILE EATING PIZZA.,1.4392206445336342,0.0,0.5652396008372307,0.0
libragrad,/media/crk/vol3/rt/coco/val2017/000000019402.jpg,A COUPLE WEARING HEAVY COATS LAUGHING WHILE EATING PIZZA.,1.567063108086586,0.0,0.0,0.0
fusion,/media/crk/vol3/rt/coco/val2017/000000019402.jpg,A COUPLE WEARING HEAVY COATS LAUGHING WHILE EATING PIZZA.,2.980644069612026,0.0,0.0,0.0
m2ib,/media/crk/vol3/rt/coco/val2017/000000228771.jpg,Street signs on a pole painted in the colors of the Italian flag.,0.0,100.0,0.035402923822402954,0.0
lciba,/media/crk/vol3/rt/coco/val2017/000000228771.jpg,Street signs on a pole painted in the colors of the Italian flag.,0.0,100.0,0.126638263463974,0.0
libragrad,/media/crk/vol3/rt/coco/val2017/000000228771.jpg,Street signs on a pole painted in the colors of the Italian flag.,0.0,100.0,0.0,0.0
fusion,/media/crk/vol3/rt/coco/val2017/000000228771.jpg,Street signs on a pole painted in the colors of the Italian flag.,0.0,100.0,0.0,0.0
m2ib,/media/crk/vol3/rt/coco/val2017/000000149622.jpg,"The birds are sitting next to each other on a tree branch,",1.4637358486652374,0.0,0.05140528082847595,0.0
lciba,/media/crk/vol3/rt/coco/val2017/000000149622.jpg,"The birds are sitting next to each other on a tree branch,",1.69353187084198,0.0,0.0,100.0
libragrad,/media/crk/vol3/rt/coco/val2017/000000149622.jpg,"The birds are sitting next to each other on a tree branch,",2.3405205458402634,0.0,0.0,100.0
fusion,/media/crk/vol3/rt/coco/val2017/000000149622.jpg,"The birds are sitting next to each other on a tree branch,",0.0,100.0,0.0,100.0
m2ib,/media/crk/vol3/rt/coco/val2017/000000489842.jpg,All of the children are gathered around Santa Claus.,0.0,100.0,0.0,100.0
lciba,/media/crk/vol3/rt/coco/val2017/000000489842.jpg,All of the children are gathered around Santa Claus.,0.19989032298326492,0.0,0.0,100.0
libragrad,/media/crk/vol3/rt/coco/val2017/000000489842.jpg,All of the children are gathered around Santa Claus.,0.3723643720149994,0.0,0.0,0.0
fusion,/media/crk/vol3/rt/coco/val2017/000000489842.jpg,All of the children are gathered around Santa Claus.,0.8967828936874866,0.0,0.0,0.0
m2ib,/media/crk/vol3/rt/coco/val2017/000000309655.jpg,A woman is posing for a picture on the snowy mountain.,3.344404697418213,0.0,0.20469799637794495,0.0
lciba,/media/crk/vol3/rt/coco/val2017/000000309655.jpg,A woman is posing for a picture on the snowy mountain.,3.0387435108423233,0.0,0.12128427624702454,0.0
libragrad,/media/crk/vol3/rt/coco/val2017/000000309655.jpg,A woman is posing for a picture on the snowy mountain.,2.7865998446941376,0.0,0.0,0.0
fusion,/media/crk/vol3/rt/coco/val2017/000000309655.jpg,A woman is posing for a picture on the snowy mountain.,1.789889857172966,0.0,0.03687068819999695,0.0
m2ib,/media/crk/vol3/rt/coco/val2017/000000180792.jpg,"A bathroom with a toilet, toilet roll and safety rail.",0.0,100.0,0.1004096120595932,0.0
lciba,/media/crk/vol3/rt/coco/val2017/000000180792.jpg,"A bathroom with a toilet, toilet roll and safety rail.",0.0,100.0,0.21638832986354828,0.0
libragrad,/media/crk/vol3/rt/coco/val2017/000000180792.jpg,"A bathroom with a toilet, toilet roll and safety rail.",0.0,100.0,0.0,0.0
fusion,/media/crk/vol3/rt/coco/val2017/000000180792.jpg,"A bathroom with a toilet, toilet roll and safety rail.",0.0,100.0,0.0,100.0
m2ib,/media/crk/vol3/rt/coco/val2017/000000239627.jpg,A white kitchen sink filled with dishes and eating utensils.,2.3346729576587677,0.0,0.02533532679080963,0.0
lciba,/media/crk/vol3/rt/coco/val2017/000000239627.jpg,A white kitchen sink filled with dishes and eating utensils.,2.8794877231121063,0.0,1.8728625029325485,0.0
libragrad,/media/crk/vol3/rt/coco/val2017/000000239627.jpg,A white kitchen sink filled with dishes and eating utensils.,1.8551822751760483,0.0,0.0,0.0
fusion,/media/crk/vol3/rt/coco/val2017/000000239627.jpg,A white kitchen sink filled with dishes and eating utensils.,3.2705720514059067,0.0,0.02049822360277176,0.0
m2ib,/media/crk/vol3/rt/coco/val2017/000000295478.jpg,A woman walking a small white dog down a street.,2.481120452284813,0.0,1.863379031419754,0.0
lciba,/media/crk/vol3/rt/coco/val2017/000000295478.jpg,A woman walking a small white dog down a street.,3.298576921224594,0.0,1.8400870263576508,0.0
libragrad,/media/crk/vol3/rt/coco/val2017/000000295478.jpg,A woman walking a small white dog down a street.,3.584938496351242,0.0,0.0,0.0
fusion,/media/crk/vol3/rt/coco/val2017/000000295478.jpg,A woman walking a small white dog down a street.,4.019252955913544,0.0,0.0,0.0
m2ib,/media/crk/vol3/rt/coco/val2017/000000323799.jpg,A group of people standing next to each other on a field.,0.0,100.0,1.1186935007572174,0.0
lciba,/media/crk/vol3/rt/coco/val2017/000000323799.jpg,A group of people standing next to each other on a field.,1.5743337571620941,0.0,0.7071048952639103,0.0
libragrad,/media/crk/vol3/rt/coco/val2017/000000323799.jpg,A group of people standing next to each other on a field.,1.6444999724626541,0.0,0.0,0.0
fusion,/media/crk/vol3/rt/coco/val2017/000000323799.jpg,A group of people standing next to each other on a field.,0.0,100.0,0.9736662730574608,0.0
m2ib,/media/crk/vol3/rt/coco/val2017/000000319721.jpg,A brown horse standing next to a woman in front of a house.,0.0,100.0,0.4128623753786087,0.0
lciba,/media/crk/vol3/rt/coco/val2017/000000319721.jpg,A brown horse standing next to a woman in front of a house.,0.0,100.0,0.42132362723350525,0.0
libragrad,/media/crk/vol3/rt/coco/val2017/000000319721.jpg,A brown horse standing next to a woman in front of a house.,0.2203952521085739,0.0,0.0,0.0
fusion,/media/crk/vol3/rt/coco/val2017/000000319721.jpg,A brown horse standing next to a woman in front of a house.,1.8552962690591812,0.0,0.35113096237182617,0.0
m2ib,/media/crk/vol3/rt/coco/val2017/000000086483.jpg,There is a sign in front of a brick house.,0.0,100.0,0.0,100.0
lciba,/media/crk/vol3/rt/coco/val2017/000000086483.jpg,There is a sign in front of a brick house.,0.0,100.0,1.795162819325924,0.0
libragrad,/media/crk/vol3/rt/coco/val2017/000000086483.jpg,There is a sign in front of a brick house.,0.0,100.0,1.5733135864138603,0.0
fusion,/media/crk/vol3/rt/coco/val2017/000000086483.jpg,There is a sign in front of a brick house.,0.0,100.0,0.0,0.0
m2ib,/media/crk/vol3/rt/coco/val2017/000000353970.jpg,a cat sitting in a chair looking up,0.0,100.0,0.0,100.0
lciba,/media/crk/vol3/rt/coco/val2017/000000353970.jpg,a cat sitting in a chair looking up,0.0,100.0,0.0,100.0
libragrad,/media/crk/vol3/rt/coco/val2017/000000353970.jpg,a cat sitting in a chair looking up,0.0,100.0,0.0,0.0
fusion,/media/crk/vol3/rt/coco/val2017/000000353970.jpg,a cat sitting in a chair looking up,2.6557937264442444,0.0,0.0,0.0
m2ib,/media/crk/vol3/rt/coco/val2017/000000537964.jpg,A red fire hydrant is sitting in the woods near fallen leaves.,1.3456612825393677,0.0,1.1460226029157639,0.0
lciba,/media/crk/vol3/rt/coco/val2017/000000537964.jpg,A red fire hydrant is sitting in the woods near fallen leaves.,1.7174143344163895,0.0,0.6269250065088272,0.0
libragrad,/media/crk/vol3/rt/coco/val2017/000000537964.jpg,A red fire hydrant is sitting in the woods near fallen leaves.,1.713673397898674,0.0,0.06693899631500244,0.0
fusion,/media/crk/vol3/rt/coco/val2017/000000537964.jpg,A red fire hydrant is sitting in the woods near fallen leaves.,1.442107930779457,0.0,1.0720420628786087,0.0
m2ib,/media/crk/vol3/rt/coco/val2017/000000478862.jpg,"Groups of people walk around a huge, multi engine airplane.",4.190778732299805,0.0,0.7464619353413582,0.0
lciba,/media/crk/vol3/rt/coco/val2017/000000478862.jpg,"Groups of people walk around a huge, multi engine airplane.",5.0371818244457245,0.0,0.7403476163744926,0.0
libragrad,/media/crk/vol3/rt/coco/val2017/000000478862.jpg,"Groups of people walk around a huge, multi engine airplane.",4.818323627114296,0.0,0.0,0.0
fusion,/media/crk/vol3/rt/coco/val2017/000000478862.jpg,"Groups of people walk around a huge, multi engine airplane.",6.442858278751373,0.0,0.0,100.0
m2ib,/media/crk/vol3/rt/coco/val2017/000000088432.jpg,Some street signs near a road with a truck.,0.6241472437977791,0.0,0.767141580581665,0.0
lciba,/media/crk/vol3/rt/coco/val2017/000000088432.jpg,Some street signs near a road with a truck.,0.4836857318878174,0.0,0.18988419324159622,0.0
libragrad,/media/crk/vol3/rt/coco/val2017/000000088432.jpg,Some street signs near a road with a truck.,0.33575277775526047,0.0,0.0,0.0
fusion,/media/crk/vol3/rt/coco/val2017/000000088432.jpg,Some street signs near a road with a truck.,1.8195223063230515,0.0,0.7565423846244812,0.0
m2ib,/media/crk/vol3/rt/coco/val2017/000000239347.jpg,A picture of a recently married couple displayed behind glass.,1.0958746075630188,0.0,0.02556871622800827,0.0
lciba,/media/crk/vol3/rt/coco/val2017/000000239347.jpg,A picture of a recently married couple displayed behind glass.,2.168326824903488,0.0,2.839682623744011,0.0
libragrad,/media/crk/vol3/rt/coco/val2017/000000239347.jpg,A picture of a recently married couple displayed behind glass.,2.1060826256871223,0.0,0.0,0.0
fusion,/media/crk/vol3/rt/coco/val2017/000000239347.jpg,A picture of a recently married couple displayed behind glass.,0.0,100.0,0.01929439604282379,0.0
m2ib,/media/crk/vol3/rt/coco/val2017/000000370677.jpg,Three workers stand next to each other with their baked goods behind them.,5.903046950697899,0.0,1.1955182999372482,0.0
lciba,/media/crk/vol3/rt/coco/val2017/000000370677.jpg,Three workers stand next to each other with their baked goods behind them.,6.936447322368622,0.0,0.7300045341253281,0.0
libragrad,/media/crk/vol3/rt/coco/val2017/000000370677.jpg,Three workers stand next to each other with their baked goods behind them.,7.288585603237152,0.0,0.0,0.0
fusion,/media/crk/vol3/rt/coco/val2017/000000370677.jpg,Three workers stand next to each other with their baked goods behind them.,9.309303015470505,0.0,1.1220306158065796,0.0
m2ib,/media/crk/vol3/rt/coco/val2017/000000285047.jpg,A person sitting at table with a cup looking at a cell phone.,0.0,100.0,1.2097587808966637,0.0
lciba,/media/crk/vol3/rt/coco/val2017/000000285047.jpg,A person sitting at table with a cup looking at a cell phone.,0.0,100.0,0.48928093165159225,0.0
libragrad,/media/crk/vol3/rt/coco/val2017/000000285047.jpg,A person sitting at table with a cup looking at a cell phone.,0.0,100.0,0.0,0.0
fusion,/media/crk/vol3/rt/coco/val2017/000000285047.jpg,A person sitting at table with a cup looking at a cell phone.,0.0,100.0,1.1385278776288033,0.0
m2ib,/media/crk/vol3/rt/coco/val2017/000000209222.jpg,Black and white photograph of a man sitting at a bench.,0.21648649126291275,0.0,1.3784866780042648,0.0
lciba,/media/crk/vol3/rt/coco/val2017/000000209222.jpg,Black and white photograph of a man sitting at a bench.,0.864819623529911,0.0,0.1768697053194046,0.0
libragrad,/media/crk/vol3/rt/coco/val2017/000000209222.jpg,Black and white photograph of a man sitting at a bench.,0.9474189952015877,0.0,0.0,0.0
fusion,/media/crk/vol3/rt/coco/val2017/000000209222.jpg,Black and white photograph of a man sitting at a bench.,0.6232986226677895,0.0,0.0,0.0
m2ib,/media/crk/vol3/rt/coco/val2017/000000284445.jpg,A group of people crossing a street next to a bend traffic light.,1.468806341290474,0.0,1.011396199464798,0.0
lciba,/media/crk/vol3/rt/coco/val2017/000000284445.jpg,A group of people crossing a street next to a bend traffic light.,1.6600999981164932,0.0,0.027131661772727966,0.0
libragrad,/media/crk/vol3/rt/coco/val2017/000000284445.jpg,A group of people crossing a street next to a bend traffic light.,1.5410605818033218,0.0,0.0,100.0
fusion,/media/crk/vol3/rt/coco/val2017/000000284445.jpg,A group of people crossing a street next to a bend traffic light.,4.007180780172348,0.0,0.0,100.0
m2ib,/media/crk/vol3/rt/coco/val2017/000000240250.jpg,A woman sitting down at a table with pizza.,0.0,100.0,0.03303252160549164,0.0
lciba,/media/crk/vol3/rt/coco/val2017/000000240250.jpg,A woman sitting down at a table with pizza.,0.0,100.0,0.15507377684116364,0.0
libragrad,/media/crk/vol3/rt/coco/val2017/000000240250.jpg,A woman sitting down at a table with pizza.,0.0,100.0,0.0,0.0
fusion,/media/crk/vol3/rt/coco/val2017/000000240250.jpg,A woman sitting down at a table with pizza.,0.0,100.0,0.0,0.0
m2ib,/media/crk/vol3/rt/coco/val2017/000000462371.jpg,A group of people standing around a white cake.,0.0,100.0,1.493883691728115,0.0
lciba,/media/crk/vol3/rt/coco/val2017/000000462371.jpg,A group of people standing around a white cake.,0.0,100.0,1.5221057459712029,0.0
libragrad,/media/crk/vol3/rt/coco/val2017/000000462371.jpg,A group of people standing around a white cake.,0.0,100.0,0.0,0.0
fusion,/media/crk/vol3/rt/coco/val2017/000000462371.jpg,A group of people standing around a white cake.,0.0,100.0,0.0,100.0
m2ib,/media/crk/vol3/rt/coco/val2017/000000408112.jpg,A small propeller plane sitting on top of an airport tarmac.,2.6195431128144264,0.0,0.0,0.0
lciba,/media/crk/vol3/rt/coco/val2017/000000408112.jpg,A small propeller plane sitting on top of an airport tarmac.,3.6920245736837387,0.0,0.8577875792980194,0.0
libragrad,/media/crk/vol3/rt/coco/val2017/000000408112.jpg,A small propeller plane sitting on top of an airport tarmac.,3.741319850087166,0.0,0.0,0.0
fusion,/media/crk/vol3/rt/coco/val2017/000000408112.jpg,A small propeller plane sitting on top of an airport tarmac.,2.5209447368979454,0.0,0.0,0.0
m2ib,/media/crk/vol3/rt/coco/val2017/000000133778.jpg,A young calf drinks from its mother's udders,0.24629682302474976,0.0,1.8408961594104767,0.0
lciba,/media/crk/vol3/rt/coco/val2017/000000133778.jpg,A young calf drinks from its mother's udders,2.2586308419704437,0.0,0.07796883583068848,0.0
libragrad,/media/crk/vol3/rt/coco/val2017/000000133778.jpg,A young calf drinks from its mother's udders,1.555047556757927,0.0,0.043658167123794556,0.0
fusion,/media/crk/vol3/rt/coco/val2017/000000133778.jpg,A young calf drinks from its mother's udders,7.060376554727554,0.0,0.08336678147315979,0.0
m2ib,/media/crk/vol3/rt/coco/val2017/000000409424.jpg,The fruit are arranges on the surface in a brown wicker basket.,0.6385067943483591,0.0,0.0,100.0
lciba,/media/crk/vol3/rt/coco/val2017/000000409424.jpg,The fruit are arranges on the surface in a brown wicker basket.,0.09212065488100052,0.0,0.0,100.0
libragrad,/media/crk/vol3/rt/coco/val2017/000000409424.jpg,The fruit are arranges on the surface in a brown wicker basket.,0.6841226480901241,0.0,0.0,0.0
fusion,/media/crk/vol3/rt/coco/val2017/000000409424.jpg,The fruit are arranges on the surface in a brown wicker basket.,0.9737213142216206,0.0,0.0,0.0
m2ib,/media/crk/vol3/rt/coco/val2017/000000359855.jpg,A broken suitcase is on the side of the road.,0.0,100.0,0.6879337131977081,0.0
lciba,/media/crk/vol3/rt/coco/val2017/000000359855.jpg,A broken suitcase is on the side of the road.,0.0,100.0,0.39532408118247986,0.0
libragrad,/media/crk/vol3/rt/coco/val2017/000000359855.jpg,A broken suitcase is on the side of the road.,0.21883361041545868,0.0,0.0,0.0
fusion,/media/crk/vol3/rt/coco/val2017/000000359855.jpg,A broken suitcase is on the side of the road.,0.932210311293602,0.0,0.5600444972515106,0.0
m2ib,/media/crk/vol3/rt/coco/val2017/000000050145.jpg,A shirtless man walking a bike down a rural street.,1.5250932425260544,0.0,0.03930144011974335,0.0
lciba,/media/crk/vol3/rt/coco/val2017/000000050145.jpg,A shirtless man walking a bike down a rural street.,1.4246407896280289,0.0,2.5576643645763397,0.0
libragrad,/media/crk/vol3/rt/coco/val2017/000000050145.jpg,A shirtless man walking a bike down a rural street.,1.6638603061437607,0.0,0.0,0.0
fusion,/media/crk/vol3/rt/coco/val2017/000000050145.jpg,A shirtless man walking a bike down a rural street.,0.0,100.0,0.0,0.0
m2ib,/media/crk/vol3/rt/coco/val2017/000000148739.jpg,A person in a wet suit on a surfboard,0.0,100.0,0.24409499019384384,0.0
lciba,/media/crk/vol3/rt/coco/val2017/000000148739.jpg,A person in a wet suit on a surfboard,0.0,100.0,0.3042807802557945,0.0
libragrad,/media/crk/vol3/rt/coco/val2017/000000148739.jpg,A person in a wet suit on a surfboard,0.31887236982584,0.0,0.0,0.0
fusion,/media/crk/vol3/rt/coco/val2017/000000148739.jpg,A person in a wet suit on a surfboard,1.1638983152806759,0.0,0.387638621032238,0.0
m2ib,/media/crk/vol3/rt/coco/val2017/000000574297.jpg,A man in a helmet is riding a horse across a dirt road,0.0,100.0,0.0,100.0
lciba,/media/crk/vol3/rt/coco/val2017/000000574297.jpg,A man in a helmet is riding a horse across a dirt road,0.5395257845520973,0.0,0.0,100.0
libragrad,/media/crk/vol3/rt/coco/val2017/000000574297.jpg,A man in a helmet is riding a horse across a dirt road,0.0,100.0,0.0,0.0
fusion,/media/crk/vol3/rt/coco/val2017/000000574297.jpg,A man in a helmet is riding a horse across a dirt road,0.0,100.0,0.0,100.0
m2ib,/media/crk/vol3/rt/coco/val2017/000000578792.jpg,A person is leaning low on their motorcycle on the tracks.,1.1786917224526405,0.0,0.18870793282985687,0.0
lciba,/media/crk/vol3/rt/coco/val2017/000000578792.jpg,A person is leaning low on their motorcycle on the tracks.,0.9302170947194099,0.0,0.38582682609558105,0.0
libragrad,/media/crk/vol3/rt/coco/val2017/000000578792.jpg,A person is leaning low on their motorcycle on the tracks.,1.4439119026064873,0.0,0.0,0.0
fusion,/media/crk/vol3/rt/coco/val2017/000000578792.jpg,A person is leaning low on their motorcycle on the tracks.,0.0,100.0,0.0,0.0
m2ib,/media/crk/vol3/rt/coco/val2017/000000261982.jpg,A man flying through the air while riding a skateboard.,1.142292469739914,0.0,1.8137812614440918,0.0
lciba,/media/crk/vol3/rt/coco/val2017/000000261982.jpg,A man flying through the air while riding a skateboard.,0.984080508351326,0.0,0.10834895074367523,0.0
libragrad,/media/crk/vol3/rt/coco/val2017/000000261982.jpg,A man flying through the air while riding a skateboard.,0.6601044908165932,0.0,0.0,0.0
fusion,/media/crk/vol3/rt/coco/val2017/000000261982.jpg,A man flying through the air while riding a skateboard.,0.0,100.0,0.0,0.0
m2ib,/media/crk/vol3/rt/coco/val2017/000000472298.jpg,a man and a woman sitting on a small boat,1.9153065979480743,0.0,2.5184093043208122,0.0
lciba,/media/crk/vol3/rt/coco/val2017/000000472298.jpg,a man and a woman sitting on a small boat,1.6595112159848213,0.0,2.603320963680744,0.0
libragrad,/media/crk/vol3/rt/coco/val2017/000000472298.jpg,a man and a woman sitting on a small boat,1.6271263360977173,0.0,0.0,0.0
fusion,/media/crk/vol3/rt/coco/val2017/000000472298.jpg,a man and a woman sitting on a small boat,0.0,100.0,2.5102149695158005,0.0
m2ib,/media/crk/vol3/rt/coco/val2017/000000185250.jpg,A woman standing next to a  brown and white dog.,3.006233647465706,0.0,0.014109909534454346,0.0
lciba,/media/crk/vol3/rt/coco/val2017/000000185250.jpg,A woman standing next to a  brown and white dog.,5.308892950415611,0.0,1.715945452451706,0.0
libragrad,/media/crk/vol3/rt/coco/val2017/000000185250.jpg,A woman standing next to a  brown and white dog.,5.044225230813026,0.0,0.0,0.0
fusion,/media/crk/vol3/rt/coco/val2017/000000185250.jpg,A woman standing next to a  brown and white dog.,1.4448873698711395,0.0,0.0,100.0
m2ib,/media/crk/vol3/rt/coco/val2017/000000314264.jpg,a man making a flower display in a vase on a wall,0.0,100.0,0.7598906755447388,0.0
lciba,/media/crk/vol3/rt/coco/val2017/000000314264.jpg,a man making a flower display in a vase on a wall,0.0,100.0,0.9008796885609627,0.0
libragrad,/media/crk/vol3/rt/coco/val2017/000000314264.jpg,a man making a flower display in a vase on a wall,0.0,100.0,0.0,0.0
fusion,/media/crk/vol3/rt/coco/val2017/000000314264.jpg,a man making a flower display in a vase on a wall,0.0,100.0,0.7428353652358055,0.0
m2ib,/media/crk/vol3/rt/coco/val2017/000000455872.jpg,A black and white image of a shipyard with some boats. ,0.0,100.0,2.6717504486441612,0.0
lciba,/media/crk/vol3/rt/coco/val2017/000000455872.jpg,A black and white image of a shipyard with some boats. ,0.0,100.0,2.732599340379238,0.0
libragrad,/media/crk/vol3/rt/coco/val2017/000000455872.jpg,A black and white image of a shipyard with some boats. ,0.0,100.0,0.0,0.0
fusion,/media/crk/vol3/rt/coco/val2017/000000455872.jpg,A black and white image of a shipyard with some boats. ,0.0,100.0,2.6655366644263268,0.0
m2ib,/media/crk/vol3/rt/coco/val2017/000000135673.jpg,Two planes are close together in the sky.,2.689274214208126,0.0,0.4509483464062214,0.0
lciba,/media/crk/vol3/rt/coco/val2017/000000135673.jpg,Two planes are close together in the sky.,2.527095377445221,0.0,0.05057919770479202,0.0
libragrad,/media/crk/vol3/rt/coco/val2017/000000135673.jpg,Two planes are close together in the sky.,2.7237920090556145,0.0,0.0,0.0
fusion,/media/crk/vol3/rt/coco/val2017/000000135673.jpg,Two planes are close together in the sky.,3.0650997534394264,0.0,0.3871573135256767,0.0
m2ib,/media/crk/vol3/rt/coco/val2017/000000426836.jpg,Someone flying a kite right above the trees.,1.3167682103812695,0.0,0.0,100.0
lciba,/media/crk/vol3/rt/coco/val2017/000000426836.jpg,Someone flying a kite right above the trees.,2.4306144565343857,0.0,0.0,100.0
libragrad,/media/crk/vol3/rt/coco/val2017/000000426836.jpg,Someone flying a kite right above the trees.,1.9907381385564804,0.0,0.0,0.0
fusion,/media/crk/vol3/rt/coco/val2017/000000426836.jpg,Someone flying a kite right above the trees.,0.6583923473954201,0.0,0.0,100.0
m2ib,/media/crk/vol3/rt/coco/val2017/000000054164.jpg,a man that is surfing on some water,0.10949373245239258,0.0,0.8440744131803513,0.0
lciba,/media/crk/vol3/rt/coco/val2017/000000054164.jpg,a man that is surfing on some water,0.5323030054569244,0.0,0.25772713124752045,0.0
libragrad,/media/crk/vol3/rt/coco/val2017/000000054164.jpg,a man that is surfing on some water,1.1861786246299744,0.0,0.0,0.0
fusion,/media/crk/vol3/rt/coco/val2017/000000054164.jpg,a man that is surfing on some water,2.519179880619049,0.0,0.8381325751543045,0.0
m2ib,/media/crk/vol3/rt/coco/val2017/000000415194.jpg,A kitchen that has a table and a chair.,0.0,100.0,1.0105589404702187,0.0
lciba,/media/crk/vol3/rt/coco/val2017/000000415194.jpg,A kitchen that has a table and a chair.,0.0,100.0,0.31187813729047775,0.0
libragrad,/media/crk/vol3/rt/coco/val2017/000000415194.jpg,A kitchen that has a table and a chair.,0.4027646966278553,0.0,0.0,0.0
fusion,/media/crk/vol3/rt/coco/val2017/000000415194.jpg,A kitchen that has a table and a chair.,0.011146627366542816,0.0,0.951929297298193,0.0
m2ib,/media/crk/vol3/rt/coco/val2017/000000476491.jpg,an alley between two buildings with a sky in the background,0.0,100.0,0.33755991607904434,0.0
lciba,/media/crk/vol3/rt/coco/val2017/000000476491.jpg,an alley between two buildings with a sky in the background,0.0,100.0,0.1508917659521103,0.0
libragrad,/media/crk/vol3/rt/coco/val2017/000000476491.jpg,an alley between two buildings with a sky in the background,0.0,100.0,0.0,0.0
fusion,/media/crk/vol3/rt/coco/val2017/000000476491.jpg,an alley between two buildings with a sky in the background,1.0468646883964539,0.0,0.0,0.0
m2ib,/media/crk/vol3/rt/coco/val2017/000000374551.jpg,There is a tiny bird on the branch.,0.0,100.0,0.010110065340995789,0.0
lciba,/media/crk/vol3/rt/coco/val2017/000000374551.jpg,There is a tiny bird on the branch.,0.0,100.0,0.0,100.0
libragrad,/media/crk/vol3/rt/coco/val2017/000000374551.jpg,There is a tiny bird on the branch.,0.17280280590057373,0.0,0.8066967129707336,0.0
fusion,/media/crk/vol3/rt/coco/val2017/000000374551.jpg,There is a tiny bird on the branch.,0.0,100.0,0.8169975131750107,0.0
m2ib,/media/crk/vol3/rt/coco/val2017/000000325306.jpg,A zebra that is bending it's neck backwards to reach it's tail.,0.3389522433280945,0.0,0.080886110663414,0.0
lciba,/media/crk/vol3/rt/coco/val2017/000000325306.jpg,A zebra that is bending it's neck backwards to reach it's tail.,1.7955366522073746,0.0,1.9603010267019272,0.0
libragrad,/media/crk/vol3/rt/coco/val2017/000000325306.jpg,A zebra that is bending it's neck backwards to reach it's tail.,1.9958702847361565,0.0,0.0,0.0
fusion,/media/crk/vol3/rt/coco/val2017/000000325306.jpg,A zebra that is bending it's neck backwards to reach it's tail.,2.451416663825512,0.0,0.0,0.0
m2ib,/media/crk/vol3/rt/coco/val2017/000000447522.jpg,"Rice, broccoli, onions, and tomatoes sitting on a plate.",0.2565385773777962,0.0,0.04642121493816376,0.0
lciba,/media/crk/vol3/rt/coco/val2017/000000447522.jpg,"Rice, broccoli, onions, and tomatoes sitting on a plate.",0.846397876739502,0.0,0.2669006586074829,0.0
libragrad,/media/crk/vol3/rt/coco/val2017/000000447522.jpg,"Rice, broccoli, onions, and tomatoes sitting on a plate.",1.5155751258134842,0.0,0.0,0.0
fusion,/media/crk/vol3/rt/coco/val2017/000000447522.jpg,"Rice, broccoli, onions, and tomatoes sitting on a plate.",4.906762391328812,0.0,0.0,0.0
m2ib,/media/crk/vol3/rt/coco/val2017/000000466567.jpg,A tree with a donut as an ornament,2.5451384484767914,0.0,0.0,100.0
lciba,/media/crk/vol3/rt/coco/val2017/000000466567.jpg,A tree with a donut as an ornament,2.3778527975082397,0.0,0.1227525994181633,0.0
libragrad,/media/crk/vol3/rt/coco/val2017/000000466567.jpg,A tree with a donut as an ornament,3.0627846717834473,0.0,0.0,0.0
fusion,/media/crk/vol3/rt/coco/val2017/000000466567.jpg,A tree with a donut as an ornament,4.743485897779465,0.0,0.013389438390731812,0.0
m2ib,/media/crk/vol3/rt/coco/val2017/000000433774.jpg,A parking meter sitting next to a tall tree.,0.0,100.0,0.0,100.0
lciba,/media/crk/vol3/rt/coco/val2017/000000433774.jpg,A parking meter sitting next to a tall tree.,0.31473850831389427,0.0,0.5312876775860786,0.0
libragrad,/media/crk/vol3/rt/coco/val2017/000000433774.jpg,A parking meter sitting next to a tall tree.,0.26194220408797264,0.0,0.0,0.0
fusion,/media/crk/vol3/rt/coco/val2017/000000433774.jpg,A parking meter sitting next to a tall tree.,2.357221022248268,0.0,0.0,100.0
m2ib,/media/crk/vol3/rt/coco/val2017/000000554266.jpg,A series of photos showing a person laying on a bed.,2.031053602695465,0.0,1.6054581850767136,0.0
lciba,/media/crk/vol3/rt/coco/val2017/000000554266.jpg,A series of photos showing a person laying on a bed.,2.826009690761566,0.0,0.034430623054504395,0.0
libragrad,/media/crk/vol3/rt/coco/val2017/000000554266.jpg,A series of photos showing a person laying on a bed.,2.974576875567436,0.0,0.0,0.0
fusion,/media/crk/vol3/rt/coco/val2017/000000554266.jpg,A series of photos showing a person laying on a bed.,3.9420854300260544,0.0,0.04477836191654205,0.0
m2ib,/media/crk/vol3/rt/coco/val2017/000000110359.jpg,Commercial jet passing overhead on bright cloudless sky.,0.0,100.0,0.10116100311279297,0.0
lciba,/media/crk/vol3/rt/coco/val2017/000000110359.jpg,Commercial jet passing overhead on bright cloudless sky.,0.0,100.0,0.15693418681621552,0.0
libragrad,/media/crk/vol3/rt/coco/val2017/000000110359.jpg,Commercial jet passing overhead on bright cloudless sky.,0.0,100.0,0.0,0.0
fusion,/media/crk/vol3/rt/coco/val2017/000000110359.jpg,Commercial jet passing overhead on bright cloudless sky.,0.0,100.0,0.018747150897979736,0.0
m2ib,/media/crk/vol3/rt/coco/val2017/000000269121.jpg,A white-clad tennis player hurls a ball upward to deliver a serve.,0.0,100.0,0.3327812999486923,0.0
lciba,/media/crk/vol3/rt/coco/val2017/000000269121.jpg,A white-clad tennis player hurls a ball upward to deliver a serve.,0.0,100.0,0.23657716810703278,0.0
libragrad,/media/crk/vol3/rt/coco/val2017/000000269121.jpg,A white-clad tennis player hurls a ball upward to deliver a serve.,0.8208561688661575,0.0,0.0,0.0
fusion,/media/crk/vol3/rt/coco/val2017/000000269121.jpg,A white-clad tennis player hurls a ball upward to deliver a serve.,2.3429639637470245,0.0,0.12861639261245728,0.0
m2ib,/media/crk/vol3/rt/coco/val2017/000000394275.jpg,A blue bus driving down a street past a park.,0.3172434866428375,0.0,0.18984638154506683,0.0
lciba,/media/crk/vol3/rt/coco/val2017/000000394275.jpg,A blue bus driving down a street past a park.,1.0178307071328163,0.0,1.6212314367294312,0.0
libragrad,/media/crk/vol3/rt/coco/val2017/000000394275.jpg,A blue bus driving down a street past a park.,1.580655574798584,0.0,0.0,0.0
fusion,/media/crk/vol3/rt/coco/val2017/000000394275.jpg,A blue bus driving down a street past a park.,0.9391427040100098,0.0,0.17029307782649994,0.0
m2ib,/media/crk/vol3/rt/coco/val2017/000000043581.jpg,A restaurant table with a plate of vegetable pizza and garnishment,2.7935680001974106,0.0,0.7289891596883535,0.0
lciba,/media/crk/vol3/rt/coco/val2017/000000043581.jpg,A restaurant table with a plate of vegetable pizza and garnishment,2.742541581392288,0.0,0.7093450054526329,0.0
libragrad,/media/crk/vol3/rt/coco/val2017/000000043581.jpg,A restaurant table with a plate of vegetable pizza and garnishment,1.3949330896139145,0.0,0.0,0.0
fusion,/media/crk/vol3/rt/coco/val2017/000000043581.jpg,A restaurant table with a plate of vegetable pizza and garnishment,4.642362892627716,0.0,0.0,0.0
m2ib,/media/crk/vol3/rt/coco/val2017/000000493019.jpg,A herd of giraffe standing next to each other eating.,1.0433214716613293,0.0,1.48028414696455,0.0
lciba,/media/crk/vol3/rt/coco/val2017/000000493019.jpg,A herd of giraffe standing next to each other eating.,1.7721965909004211,0.0,0.10974220931529999,0.0
libragrad,/media/crk/vol3/rt/coco/val2017/000000493019.jpg,A herd of giraffe standing next to each other eating.,2.312058210372925,0.0,0.0,0.0
fusion,/media/crk/vol3/rt/coco/val2017/000000493019.jpg,A herd of giraffe standing next to each other eating.,0.0,100.0,0.0,100.0
m2ib,/media/crk/vol3/rt/coco/val2017/000000163117.jpg,A large group of people in a field with kites.,0.009185448288917542,0.0,1.4906994998455048,0.0
lciba,/media/crk/vol3/rt/coco/val2017/000000163117.jpg,A large group of people in a field with kites.,0.5249124020338058,0.0,1.493183895945549,0.0
libragrad,/media/crk/vol3/rt/coco/val2017/000000163117.jpg,A large group of people in a field with kites.,0.8984960615634918,0.0,0.0,0.0
fusion,/media/crk/vol3/rt/coco/val2017/000000163117.jpg,A large group of people in a field with kites.,0.8563164621591568,0.0,0.0,100.0
m2ib,/media/crk/vol3/rt/coco/val2017/000000013004.jpg,a banana is laying on a small plate,4.787880927324295,0.0,0.8543118834495544,0.0
lciba,/media/crk/vol3/rt/coco/val2017/000000013004.jpg,a banana is laying on a small plate,4.8997413367033005,0.0,1.1582603678107262,0.0
libragrad,/media/crk/vol3/rt/coco/val2017/000000013004.jpg,a banana is laying on a small plate,5.659434571862221,0.0,0.0,0.0
fusion,/media/crk/vol3/rt/coco/val2017/000000013004.jpg,a banana is laying on a small plate,4.902702942490578,0.0,0.01722201704978943,0.0
